ID;Juego;Mecánica;Tipo;Dificultad;Habilidad requerida;Feedback;Cómo podría adaptarse;Tabla;Nota
A-001;Myst;Contar los interruptores marcadores repartidos por la isla y meter el número en un panel para ver un mensaje;OBSERVACIÓN, INFORMACIÓN CRUZADA;1;Explorar y contar;Se reproduce un mensaje grabado;C - En un nivel nuevo, contar las polillas de laca de los cuatro costados obliga a girar la caja entera y da la cifra de un candado de la espalda;juegos_A_mecanicas.csv;
A-002;Myst;Girar una torre sobre un mapa hasta que la línea se pone roja y subir a ver lo que señala (cada posición muestra la pista de una Era);ROTACIÓN, MULTIZONA;3;Relacionar mapa y espacio;La línea del mapa se pone roja y la vista desde la torre cambia;B - Girar la cabeza del león del incensario cambia hacia dónde mira, y la cámara salta a lo que mira, donde hay una marca;juegos_A_mecanicas.csv;
A-003;Myst;Poner en un reloj la hora vista en otro lugar para que se abra un paso;TIEMPO, INFORMACIÓN CRUZADA;2;Trasladar un dato;Engranajes que giran y un paso que se abre;E - La hora se marca con el incienso: dejar que una varilla se consuma hasta la muesca que indica la nota mientras el ojo duerme;juegos_A_mecanicas.csv;
A-004;Myst;Sumar tensiones con botones hasta 59 voltios exactos, y si te pasas salta un fusible que hay que rearmar;COMBINACIÓN, SECUENCIA;3;Cálculo y planificación;Aguja que sube y fusible que salta;B - Encender varillas de incienso de distinto grosor hasta el humo exacto que pide el león, y si te pasas tose y apaga una;juegos_A_mecanicas.csv;
A-005;Myst;Tres fechas en un planetario dan constelaciones que se pulsan junto a una fuente con un barquito, que sube a la vez que el barco real;INFORMACIÓN CRUZADA, ESCALA;3;Traducir entre tres lugares;Cúpula estrellada que cambia y barcos que suben;C - Tres fechas del cuaderno del artesano se traducen a animales del zodiaco japonés (eto) que se pulsan en las tallas del costado;juegos_A_mecanicas.csv;
A-006;Myst;Orientar cinco antenas guiándose por sonidos y repetir con deslizadores el orden de sonidos que reproduce un botón;SONIDOS, SECUENCIA;4;Oído y memoria;La flecha parpadea cerca del objetivo y el sonido se aclara al acertar;E - La caja respira por cinco rendijas con sonidos distintos y hay que repetir su orden, con vibración además de sonido para quien juega sin audio;juegos_A_mecanicas.csv;
A-007;Myst;Laberinto en vagón donde cada parada suena con la dirección buena (las mezclas indican diagonales y el silencio un callejón);SONIDOS, MEMORIA;4;Asociar sonido y dirección;El vagón avanza o se para;D - El sonido delata a la caja en vez de guiarte: el crujido de la madera anuncia hacia qué lado va a mirar el ojo;juegos_A_mecanicas.csv;
A-008;Myst (2021);Aleatorización opcional: los mismos puzles con cifras y lugares distintos en cada partida;MEMORIA, OBSERVACIÓN;2;Razonar en vez de recordar;Ninguno propio;A - Generar en cada partida el orden de las tablillas y las cifras con el mismo razonamiento, para que guías y memoria no sirvan;juegos_A_mecanicas.csv;
A-009;Myst;Inventario de una sola página: solo se lleva una y si se suelta vuelve a su sitio;MEMORIA, MULTIZONA;2;Planificar los viajes;La página reaparece en su lugar;B - La caja solo deja sacar una parte de su cuerpo a la vez (el cuerno o el ojo) y si se deja en la mesa vuelve sola a su hueco;juegos_A_mecanicas.csv;
A-010;Myst;Páginas repartidas por varias Eras que completan poco a poco los mensajes de dos personajes;COMBINACIÓN DE OBJETOS, MULTIZONA;2;Explorar;El mensaje se oye más completo;G - Cada nivel devuelve un trozo de la voz de la caja y la frase que intenta decir se completa en el final;juegos_A_mecanicas.csv;
A-011;Riven;Juguete de la escuela: al girar un anillo sale un símbolo y un muñequito baja tantas muescas como vale, y así se aprenden los números;SÍMBOLOS, OBSERVACIÓN;2;Inducción;El muñequito baja con ruido de madera;G - Un okiagari-koboshi (tentempié japonés) se balancea tantas veces como marca la muesca tallada y enseña el sistema de marcas de la caja;juegos_A_mecanicas.csv;
A-012;Riven;Ojos de madera que al girar muestran un símbolo y suenan como un animal, junto a una forma natural que desde un ángulo parece ese animal;PERSPECTIVA, SONIDOS;4;Asociar sonido, forma y orden;Sonido del animal;F - Desde la vista del costado, una grieta del shoji y la sombra del bambú dibujan una silueta que suena al tocarla, sin usar ojos que giran;juegos_A_mecanicas.csv;
A-013;Riven;Detener una cúpula giratoria pulsando cuando el símbolo de la isla pasa por el punto marcado;TIEMPO, SÍMBOLOS;3;Ritmo y reconocimiento;La cúpula se para;B - Tocar la pieza justo en el parpadeo del ojo, cuando no ve, con un ritmo de parpadeo que cambia en cada partida;juegos_A_mecanicas.csv;
A-014;Riven;Rejilla de 5x5 que es un plano: poner canicas de colores donde está cada cúpula en el mapa, con los colores aprendidos en otra isla;INFORMACIÓN CRUZADA, ESCALA;5;Traducir un mapa a una rejilla;La máquina se pone en marcha;C - El tablero de shōgi de la sala es un plano de la caja y poner fichas en las casillas de los cajones abiertos enciende el hueco trasero;juegos_A_mecanicas.csv;
A-015;Riven;Sala de cinco puertas que gira para alinear salidas;ROTACIÓN, ORDEN;3;Visión espacial;Cambia la salida;B - El cajoncito interior gira dentro de la caja pequeña y solo una de sus caras queda frente a la abertura;juegos_A_mecanicas.csv;
A-016;Riven;Cargar canicas en una máquina que las manda por tubos sin que se vea el efecto (criticado por opaco);CONEXIONES;2;Ninguna;Luces y un ruido;D - Al revés: cada efecto se ve viajar por su cordón, su veta de laca o su línea de humo hasta el destino, y la cámara lo sigue si está lejos;juegos_A_mecanicas.csv;
A-017;Riven (2024);Puzles rehechos y soluciones al azar para que quien recuerda el original tenga que pensar de nuevo;MEMORIA;2;Razonar de nuevo;Ninguno propio;F - Una segunda vuelta (la caja recuerda) cambia datos y algún paso para que repetir sea un reto nuevo;juegos_A_mecanicas.csv;
A-018;The House of Da Vinci;Lente que deja ver dentro de un mecanismo como rayos X y mover lo oculto;OBSERVACIÓN, CERRADURAS;2;Alternar vistas;Brillo y piezas internas visibles;D - Lo revela la mirada de la caja y nunca una lente del jugador: al mirar un cajón, la madera se aclara un instante;juegos_A_mecanicas.csv;
A-019;The House of Da Vinci;Ver una escena del pasado para recomponer luego un dibujo girando discos;MEMORIA, ROTACIÓN;3;Recordar y reproducir;El dibujo se completa;G - Al recuperar una parte de su cara, el humo del incensario dibuja el gesto que hacía el artesano y hay que repetirlo;juegos_A_mecanicas.csv;
A-020;The House of Da Vinci;Girar prismas para llevar un haz de luz por la sala hasta una estantería;LUCES, REFLEJOS;3;Pensamiento espacial;El haz se ve y la estantería se ilumina;F - La luz de la lámpara andon se guía con hojas de biombo de distinta opacidad hasta la cuenca del ojo;juegos_A_mecanicas.csv;
A-021;The House of Da Vinci;Armario de varias fases donde sólidos geométricos encajan en huecos con su forma y cada uno abre un compartimento;COMBINACIÓN DE OBJETOS, DESMONTAJE;2;Reconocer formas;Un compartimento que se abre;B - La espalda de la caja pide piezas de juegos japoneses (ficha de shōgi, piedra de go, dado) en huecos con su forma y cada una abre un cajoncito;juegos_A_mecanicas.csv;
A-022;The House of Da Vinci;Objetos del inventario que se montan y cambian de función (piezas que forman una llave);TRANSFORMACIÓN, COMBINACIÓN DE OBJETOS;2;Examinar y combinar;Animación de montaje;H - El cuerno se desenrosca y por dentro es una flauta: soplarlo (mantener pulsado) hace que el ojo mire hacia el sonido;juegos_A_mecanicas.csv;
A-023;The House of Da Vinci;Pistas que avisan con una campanilla tras un rato atascado y van de vagas a concretas, con recarga;PISTAS;1;Ninguna;Campanilla y texto de pista;G - Tras un rato sin avanzar, el ojo mira de reojo hacia lo útil, después el humo se inclina hacia allí y al final se ilumina la hoja del cuaderno;juegos_A_mecanicas.csv;
A-024;The House of Da Vinci 2;Cambiar algo en el pasado para que cambie el presente (una palanca del puente corta el agua de las gárgolas);TIEMPO, MULTIZONA;3;Causa y efecto;El agua ya no sale al volver;B - Dos estados de la misma sala, lámpara encendida y apagada: lo que mueves a oscuras queda movido con luz, pero solo con luz se ven las marcas;juegos_A_mecanicas.csv;
A-025;The House of Da Vinci 2;Cúpula de secciones que se giran hasta que el dibujo encaja y suelta el aparato del centro;ROTACIÓN, PATRONES;2;Alinear dibujos;Encaje y apertura;A - La tapa de una cajita se compone de tres anillos de laca que se giran hasta completar el dibujo de una ola;juegos_A_mecanicas.csv;
A-026;The House of Da Vinci 3;Sellar un pozo en el pasado evita una plaga de ratas en el presente y despeja el paso;TIEMPO, TRANSFORMACIÓN;3;Causa y efecto diferido;El presente aparece cambiado;D - La caja recuerda en vez de viajar: al recuperar el ojo, la sala muestra cómo estaba antes y devolverla a ese orden abre algo;juegos_A_mecanicas.csv;
A-027;The House of Da Vinci 3;Reconstruir el propio aparato a partir de piezas rotas como primer puzle;RECONSTRUCCIÓN, COMBINACIÓN DE OBJETOS;2;Montar piezas;El aparato funciona;B - El primer contacto es recomponer la lámpara andon (papel, vela, marco) para aprender los gestos antes de tocar la caja;juegos_A_mecanicas.csv;
A-028;The House of Da Vinci 3;Enderezar una pieza doblada en un banco con segmentos giratorios;RECONSTRUCCIÓN, ROTACIÓN;2;Manipulación precisa;La pieza queda recta;A - El cuerno llega rajado y se recompone girando sus anillos hasta que encajan antes de ponerlo en la frente;juegos_A_mecanicas.csv;
A-029;The House of Da Vinci 3;Ganzúa de engranajes: alinear las ranuras de una cerradura viendo su interior;ENGRANAJES, CERRADURAS;3;Entender un mecanismo;Clic de apertura;E - La cerradura del cajón largo solo gira mientras la caja exhala y sus dientes se alinean al ritmo de la respiración;juegos_A_mecanicas.csv;
A-030;Machinika Museum;Impresora 3D que copia una pieza encontrada (duplicar una llave rara para dos cerraduras a la vez);MULTIOBJETO, LLAVES;3;Pensar en la herramienta como solución;Aparece la pieza impresa;H - La caja copia lo que mira: si el ojo mira el cuerno un rato, crece en la frente un cuerno gemelo de laca para la otra cerradura;juegos_A_mecanicas.csv;
A-031;Machinika Museum;Endoscopio que entra por una rendija para ver qué teclas tienen símbolos rojos y repetir fuera el patrón;OBSERVACIÓN, INFORMACIÓN CRUZADA;3;Relacionar dentro y fuera;Vista del interior;D - Escuchar dentro en vez de mirar: al girar la caja pequeña, una bolita rueda y su sonido dice qué tablilla está libre;juegos_A_mecanicas.csv;
A-032;Machinika Museum;Destornillador cuya punta se ajusta a la forma de cada tornillo;LLAVES, PATRONES;2;Copiar una forma;Encaja y gira;B - La llave de bambú pliega sus dientes según la silueta tallada junto a cada cerradura;juegos_A_mecanicas.csv;
A-033;Machinika Museum;Símbolos vistos en los costados y tras una gema se ponen en tres anillos giratorios;SÍMBOLOS, ROTACIÓN;3;Trasladar símbolos;Los anillos encajan;A - Los sellos que devuelve cada nivel (cuerno, ojo, voz) son los símbolos de los tres anillos de El corazón;juegos_A_mecanicas.csv;
A-034;Machinika Museum;Tutorial con un objeto corriente: carta con número de serie, tijeras para la cinta, batería y cartucho de la impresora;SECUENCIA, OBSERVACIÓN;1;Ninguna;La impresora se enciende;A - Enseñar tirar, girar y levantar con la tetera y la lámpara antes de tocar la caja;juegos_A_mecanicas.csv;
A-035;Boxes: Lost Fragments;Luz roja y luz verde: deslizar una figura por un carril solo mientras la luz está verde;DESLIZAMIENTO, TIEMPO;2;Paciencia y ritmo;La luz cambia de color;A - Nuestra regla hecha puzle: el cajón solo avanza mientras la caja canta daruma-san ga koronda con el ojo cerrado;juegos_A_mecanicas.csv;
A-036;Boxes: Lost Fragments;Cadena de interruptores: uno activa otra sección que a su vez abre otra y la caja se despliega por capas;SECUENCIA, DESMONTAJE;2;Explorar a fondo;Cada sección se despliega con su sonido;B - Que la cadena salga de la caja a la sala: el cajón suelta un humo que mueve el rollo y el rollo destapa una marca;juegos_A_mecanicas.csv;
A-037;Boxes: Lost Fragments;Minijuego de plataformas en 2,5D dentro de una caja;FÍSICA, TIEMPO;2;Coordinación;El personaje llega;F - Una bolita dentro de la caja pequeña que se guía girándola en la mano por un laberinto interior;juegos_A_mecanicas.csv;
A-038;Boxes: Lost Fragments;Proyector que se monta con fragmentos para ver una imagen;CONSTRUCCIÓN, LUCES;3;Reunir piezas;Aparece la imagen;B - La lámpara andon proyecta en el shoji la silueta de las piezas reunidas y forma el kanji del siguiente paso;juegos_A_mecanicas.csv;
A-039;Boxes: Lost Fragments;Paseo en miniatura: la cámara entra en un carro diminuto que rodea un templo;ESCALA;1;Ninguna;Animación de premio;F - Sin entrar en lo pequeño (prohibido): la sombra del objeto pequeño crece en el shoji y su escena se ve a escala de la sala;juegos_A_mecanicas.csv;
A-040;Boxes: Lost Fragments;Pista con una máscara que señala la próxima pieza y opción de saltar un puzle;PISTAS;1;Ninguna;Se resalta lo siguiente;B - Ofrecer saltar un paso solo tras la tercera pista y que la caja lo haga ella sola con su animación;juegos_A_mecanicas.csv;
A-041;Boxes: Lost Fragments;Sin reinicio por puzle: una pieza puede quedar en un estado sin solución (criticado);FÍSICA;1;Ninguna;Ninguno;D - Lo contrario: cada mecanismo vuelve a su estado inicial con un gesto propio y nunca queda sin solución;juegos_A_mecanicas.csv;
A-042;Escape Simulator;Todo se puede coger, girar y abrir aunque no sea del puzle;FÍSICA, OBSERVACIÓN;1;Curiosidad;Los objetos reaccionan;B - Unos pocos objetos de la sala responden a todo (tetera, rollo, polillas) para premiar la curiosidad sin multiplicar los útiles;juegos_A_mecanicas.csv;
A-043;Escape Simulator;Romper jarrones y candados para encontrar o abrir;DESMONTAJE, FÍSICA;1;Atrevimiento;Sonido de rotura;D - La caja no se rompe: una pieza agrietada se repara con kintsugi y entonces suelta lo que guarda;juegos_A_mecanicas.csv;
A-044;Escape Simulator;Balanza para deducir el peso de esferas comparándolas con bolas numeradas;PESO, COMBINACIÓN;3;Deducción por comparación;La balanza se inclina;B - La bandeja del té como balanza: comparar el ojo de piedra de luna con monedas mon antiguas da una cifra;juegos_A_mecanicas.csv;
A-045;Escape Simulator;Girar vasijas para que miren como indica otro puzle de la sala;ORDEN, INFORMACIÓN CRUZADA;2;Copiar una disposición;Clic de encaje;A - Tres figurillas de la repisa (zorro, gato y tanuki) se giran para mirar como en el biombo pintado;juegos_A_mecanicas.csv;
A-046;Escape Simulator;Fabricar objetos combinando elementos químicos en un orden;COMBINACIÓN DE OBJETOS, SECUENCIA;3;Seguir una receta;Sale un objeto nuevo;B - Mezclar tres inciensos en orden da un humo de color que adormece o despierta al ojo;juegos_A_mecanicas.csv;
A-047;Escape Simulator;Máquina de escribir que cifra lo que se teclea, para deducir un código;SÍMBOLOS, COMBINACIÓN;3;Descifrar;La máquina responde;C - El ábaco soroban de la sala traduce las marcas de la caja a cifras;juegos_A_mecanicas.csv;
A-048;Escape Simulator;Editor de salas y miles de salas de la comunidad;CONSTRUCCIÓN;3;Diseñar;Publicar y jugar salas ajenas;F - Fuera del MVP: un taller del artesano para montar cajas con piezas conocidas y compartirlas;juegos_A_mecanicas.csv;
A-049;Blue Prince;Elegir uno de tres planos al abrir cada puerta y construir la casa mientras se juega;ORDEN, MULTIZONA;3;Planificación;Aparece la habitación elegida;F - Solo como idea futura: al abrir un cajón, la caja ofrece tres interiores posibles con piezas distintas;juegos_A_mecanicas.csv;
A-050;Blue Prince;Juego del salón: tres cajas con frases, al menos una siempre dice verdad y otra siempre miente, y solo una tiene premio;LÓGICA, SÍMBOLOS;4;Deducción lógica;La caja elegida se abre con o sin gemas;H - La caja miente con un tic: cuando señala un cajón falso el humo se riza, y aprender ese gesto dice cuál de los tres es el bueno;juegos_A_mecanicas.csv;
A-051;Blue Prince;Notas de colores donde las rojas mienten (una afirma en falso que la antecámara está abierta);INFORMACIÓN CRUZADA, OBSERVACIÓN;3;Leer con una regla;Ninguno inmediato;G - Las notas del artesano van en papel blanco y las que escribe la caja en papel rojo, y una hoja avisa de quién miente;juegos_A_mecanicas.csv;
A-052;Blue Prince;Tres palancas en tres habitaciones abren tres puertas y una no se reinicia de un día a otro;PALANCAS, MULTIZONA;4;Recordar entre partidas;Escena breve de la puerta abriéndose;B - Cada sello que vuelve a la cara (cuerno, ojo, voz) enseña en una escena corta qué anillo de El corazón ha soltado;juegos_A_mecanicas.csv;
A-053;Blue Prince;El saber es el progreso: la casa cambia cada día pero lo aprendido sirve;MEMORIA, INFORMACIÓN CRUZADA;4;Tomar notas;Ninguno;A - Lo aprendido en un nivel (las marcas, las reglas del ojo) abre atajos en los siguientes;juegos_A_mecanicas.csv;
A-054;Tunic;Páginas de un manual repartidas por el mundo que enseñan con dibujos y una lengua inventada;OBSERVACIÓN, SÍMBOLOS;3;Interpretar dibujos;Página nueva en el manual;G - Hojas del cuaderno del artesano, dibujos en tinta sin texto, aparecen en cajones y enseñan gestos y reglas;juegos_A_mecanicas.csv;
A-055;Tunic;Cruz sagrada: un camino dibujado se convierte en una secuencia de direcciones;PATRONES, SECUENCIA;4;Traducir una forma a un gesto;Destello y apertura;H - El orden de trazos del kanji 目 dibujado en la tapa se traza con el dedo sobre la laca para abrir el cajón largo;juegos_A_mecanicas.csv;
A-056;Tunic;Camino dorado: números de una página remiten a otras páginas cuyos trozos de camino forman el código final;INFORMACIÓN CRUZADA, MULTIZONA;5;Juntar todo lo visto;Destello morado y la puerta se abre;C - Cada nivel deja en el cuaderno un trozo de trazo y juntos forman el gesto que abre El corazón;juegos_A_mecanicas.csv;
A-057;Tunic;El manual revela una acción que el mundo no indica (hacer ofrendas en un altar);OBSERVACIÓN;2;Atención;El altar acepta la ofrenda;A - Una hoja del cuaderno muestra que el incensario acepta ofrendas, cosa que la sala no indica;juegos_A_mecanicas.csv;
A-058;Tunic;Contenido para nadie: secretos tan escondidos que quizá nadie los encuentre;OBSERVACIÓN;3;Curiosidad;Una pequeña sorpresa;A - Micro-secretos opcionales (un haiku que solo se lee con la lámpara cerca) que dan un sello de curiosidad;juegos_A_mecanicas.csv;
A-059;Return of the Obra Dinn;Un reloj muestra el instante congelado de una muerte, con el sonido antes que la imagen;MEMORIA, OBSERVACIÓN;3;Observar una escena quieta;Primero sonido y luego la escena congelada;F - Al recuperar el ojo, la caja enseña un recuerdo congelado en tinta precedido solo de sonido, con las pistas del nivel siguiente;juegos_A_mecanicas.csv;
A-060;Return of the Obra Dinn;Confirmación por lotes de tres para que adivinar no compense;LÓGICA, ORDEN;4;Deducción;Los aciertos se imprimen para siempre;B - En El corazón la caja solo confirma cuando los tres anillos están bien a la vez y lo acertado queda grabado en su cara;juegos_A_mecanicas.csv;
A-061;Return of the Obra Dinn;Deducir quién es quién cruzando pistas débiles (acento, ropa, litera, lugar en un dibujo);INFORMACIÓN CRUZADA, OBSERVACIÓN;5;Inferencia;Confirmación por lotes;C - Tres antiguos dueños de la caja en un retrato y hay que deducir de quién es cada objeto por su kamon, su caligrafía o el tamaño de su mano;juegos_A_mecanicas.csv;
A-062;Return of the Obra Dinn;La causa de la muerte admite respuestas aproximadas para no frustrar;ORDEN;2;Ninguna;Se acepta;A - Aceptar soluciones aproximadas cuando la exactitud no es el reto (una varilla casi en su sitio vale);juegos_A_mecanicas.csv;
A-063;Outer Wilds;El saber es la única progresión: no hay mejoras, solo lo que el jugador entiende;MEMORIA, INFORMACIÓN CRUZADA;4;Comprensión;El diario de la nave se actualiza;B - En el nivel 3 la llave de verdad es entender la regla nueva del ojo (alumbra tinta) y no un objeto;juegos_A_mecanicas.csv;
A-064;Outer Wilds;Bucle de 22 minutos con sucesos a horas fijas (la arena pasa de un planeta a otro);TIEMPO;4;Planificar;El mundo cambia con el reloj;E - Un ciclo corto de la respiración de la caja abre y cierra rendijas, y algo solo se alcanza en la exhalación larga;juegos_A_mecanicas.csv;
A-065;Outer Wilds;Reglas de observación: un objeto se mueve si no se le mira, una imagen cuenta como mirarlo y a oscuras viajas con él;OBSERVACIÓN, PERSPECTIVA;5;Entender una regla y sus excepciones;El objeto se queda o desaparece;D - Un ojo pintado en un papel, puesto frente a la caja, le devuelve la mirada y la deja quieta y embobada;juegos_A_mecanicas.csv;
A-066;Outer Wilds;Peces abisales ciegos que cazan por el ruido: cruzar sin encender los motores;SONIDOS, INFORMACIÓN CRUZADA;4;Fiarse de un dato aprendido;Los peces se giran hacia el ruido;E - La caja también oye: un cajón que chirría la despierta, así que hay que tirar despacio;juegos_A_mecanicas.csv;
A-067;Outer Wilds;Un juego infantil guarda la regla (el niño que hace de pez lleva los ojos vendados porque los peces son ciegos);OBSERVACIÓN, MEMORIA;2;Leer el mundo;Ninguno inmediato;G - La canción daruma-san ga koronda, en el fondo de un cajón, enseña que la caja no ve mientras canta;juegos_A_mecanicas.csv;
A-068;Outer Wilds;Diario de la nave con modo rumor que enlaza pistas y marca lugares con algo pendiente;MEMORIA, CONEXIONES;2;Ordenar lo sabido;Marca de algo pendiente;B - La cara-marcador brilla un poco en las partes de la caja que aún guardan algo, sin decir qué;juegos_A_mecanicas.csv;
A-069;Gorogoa;Alinear dos paneles para que sus bordes desaparezcan y las escenas se unan;PERSPECTIVA, CONEXIONES;3;Ver continuidades;El borde se disuelve con una animación;F - Girar la caja pequeña hasta que una veta de su marquetería continúe la del tablero de la mesa, y al encajar la línea corre;juegos_A_mecanicas.csv;
A-070;Gorogoa;Acercarse dentro de una imagen descubre otra escena;ESCALA, OBSERVACIÓN;3;Atención al detalle;Zoom y escena nueva;B - Pellizcar sobre el rollo colgado revela que su paisaje esconde un detalle de la caja, mirando sin entrar;juegos_A_mecanicas.csv;
A-071;Gorogoa;Levantar una capa con un hueco (una ventana) y ponerla sobre otro panel para crear una escena compuesta;TRANSFORMACIÓN, CONSTRUCCIÓN;3;Pensar en capas;La escena compuesta cobra vida;C - Un recorte del shoji con forma de luna se pone ante la lámpara para que su luz proyecte esa forma sobre la caja;juegos_A_mecanicas.csv;
A-072;Gorogoa;Escenas con tiempo: alinear las vías antes de que pase el tren;TIEMPO, CONEXIONES;3;Anticipación;El tren pasa o no;E - Alinear una tablilla antes de que el ojo vuelva a abrirse, con la respiración como reloj;juegos_A_mecanicas.csv;
A-073;Gorogoa;Cada pieza del puzle es también una escena de la historia;TRANSFORMACIÓN;2;Ninguna;Animación narrativa;G - Cada paso resuelto enseña un instante de la vida de la caja con sus dueños, pintado en el mismo estilo;juegos_A_mecanicas.csv;
A-074;Keep Talking and Nobody Explodes;Información asimétrica: uno ve la bomba y otros leen el manual;INFORMACIÓN CRUZADA, COMUNICACIÓN;4;Describir y escuchar;Fallo o módulo desactivado;F - Modo de sofá futuro: uno sostiene el móvil y otro lee en otra pantalla el cuaderno del artesano;juegos_A_mecanicas.csv;
A-075;Keep Talking and Nobody Explodes;Reglas que dependen de detalles del exterior de la bomba (número de serie, pilas, indicadores);INFORMACIÓN CRUZADA, OBSERVACIÓN;4;Atención a la periferia;Fallo que acelera el reloj;C - Un detalle de la sala (cuántas varillas arden, la luna tras el shoji) cambia qué cajón es el bueno y varía en cada partida;juegos_A_mecanicas.csv;
A-076;Keep Talking and Nobody Explodes;Botón que se mantiene y se suelta cuando el reloj marca una cifra según el color de una tira;TIEMPO, LUCES;3;Seguir una regla bajo presión;La tira se enciende;B - Mantener la trampilla y soltarla justo en el punto más alto de la respiración de la caja;juegos_A_mecanicas.csv;
A-077;Keep Talking and Nobody Explodes;Módulos necesitados que hay que atender de vez en cuando mientras se hace otra cosa;TIEMPO, MULTIOBJETO;4;Atención dividida;Alarma y fallo;E - La lámpara se apaga poco a poco y hay que avivarla de vez en cuando o el ojo despierta, sin castigo duro;juegos_A_mecanicas.csv;
A-078;Keep Talking and Nobody Explodes;Teclado de símbolos raros: encontrar la columna que contiene los cuatro y pulsar en su orden;SÍMBOLOS, ORDEN;3;Distinguir símbolos parecidos;Acierto o fallo;B - Los sellos de la caja son trazos de tinta parecidos y distinguirlos pide fijarse en detalles (gotas, grosor);juegos_A_mecanicas.csv;
A-079;The Witness;Filas de paneles que enseñan una regla de lo fácil a lo difícil, sin texto;PATRONES, SECUENCIA;2;Inducción;El panel se enciende y activa el siguiente;A - Antes de una cerradura nueva, tres casos pequeños en la bandeja enseñan su regla;juegos_A_mecanicas.csv;
A-080;The Witness;Huerto: la rama con la única manzana del árbol real dice qué camino trazar;OBSERVACIÓN, INFORMACIÓN CRUZADA;2;Mirar alrededor;El trazo se acepta;F - La rama de bambú con una hoja distinta, cuya sombra cae en el shoji, dice qué ranura de la tapa es la buena;juegos_A_mecanicas.csv;
A-081;The Witness;Sombras de ramas sobre paneles que marcan el camino;SOMBRAS, OBSERVACIÓN;3;Ver lo que la luz añade;Se ve el camino;B - Mover la lámpara cambia la sombra de la caja sobre la mesa y la sombra tapa las casillas falsas del tablero;juegos_A_mecanicas.csv;
A-082;The Witness;Paneles que solo muestran su trazo con el reflejo del sol;REFLEJOS, PERSPECTIVA;4;Buscar el ángulo;El trazo aparece;B - La laca negra de la tapa refleja la llama: al girar la caja, el reflejo recorre un grabado y solo lo muestra entero en una posición;juegos_A_mecanicas.csv;
A-083;The Witness;Trazos del paisaje que solo se completan desde un punto exacto;PERSPECTIVA;4;Buscar el punto de vista;El trazo se marca en el paisaje;B - En una vista fija, una grieta de la mesa, el borde del tatami y una veta de la caja forman un trazo (como mucho uno por vista);juegos_A_mecanicas.csv;
A-084;The Witness;Canto de pájaros que dicta subidas y bajadas del camino;SONIDOS, PATRONES;4;Oído;Panel aceptado;E - Las notas altas y bajas de la respiración indican subir o bajar tablillas, con vibración para quien no oye;juegos_A_mecanicas.csv;
A-085;The Witness;Panel que se apaga al fallar y obliga a rehacer el anterior (criticado);SECUENCIA;2;Ninguna;Panel apagado;D - Lo contrario: un error nunca deshace lo logrado y la caja solo se resiste a su manera;juegos_A_mecanicas.csv;
A-086;The Witness;Dos caminos al mismo objetivo según lo que el jugador domine (laberinto de setos o placas de presión);MULTIZONA, ORDEN;3;Elegir según lo que se sabe;Se avanza por cualquiera de los dos;B - El nivel 3 ofrece dos caminos al mismo sello (con luz o a oscuras) y vale cualquiera;juegos_A_mecanicas.csv;
B-001;Portal;Dos portales enlazados: lo que entra por uno sale por el otro y se ve el otro lado a través de ellos;CONEXIONES, PERSPECTIVA;2;Razonamiento espacial;Ves el otro lado a través del portal y te ves a ti mismo;F: sin teletransporte, un conducto de humo visible une el incensario con la boca de la caja, y lo que entra por un lado se ve salir por el otro;juegos_B_mecanicas.csv;
B-002;Portal;Cubo que pesa sobre un botón y mantiene abierta una puerta;PESO, PALANCAS;1;Causa y efecto;El botón se hunde y la puerta se abre a la vista;A: la tetera llena sobre la tapa mantiene hundido un resorte que deja abierto un cajón del costado mientras se trabaja en otro;juegos_B_mecanicas.csv;
B-003;Portal;Lanzamiento: la velocidad de caída se conserva al salir por el portal de salida;FÍSICA, CONEXIONES;4;Intuición física;El vuelo y la distancia del aterrizaje;E: una bola de incienso que baja por una escalera de cajones abiertos llega más lejos cuanto más alto está el primer cajón, y solo con la altura justa cae en su cuenco;juegos_B_mecanicas.csv;
B-004;Portal;Pausa obligatoria con partículas y un ruido fuerte para que el jugador vea qué crea los portales;OBSERVACIÓN, SECUENCIA;1;Atención;Partículas y sonido que obligan a mirar;A: la primera vez que el ojo se abre, todo se para un instante con un sonido grave y luz en el ojo, para que nadie lo pase por alto;juegos_B_mecanicas.csv;
B-005;Portal;Campo que borra los portales y los objetos que lo cruzan, pero no al jugador;CERRADURAS, TRANSFORMACIÓN;2;Leer reglas del entorno;Destellos al disparar contra él y un remolino que crece cuando un objeto se acerca (versión de Portal 2);B: la mirada del ojo actúa como un campo, lo que se arrastra delante de él se suelta y vuelve a su sitio, con un aviso que crece a medida que el dedo se acerca;juegos_B_mecanicas.csv;
B-006;Portal;Torretas que disparan si estás en su línea de visión y hablan con voz inocente;OBSERVACIÓN, LUCES;2;Leer líneas de visión;Un láser rojo marca hacia dónde miran y una voz avisa;B: el ojo deja un brillo tenue sobre lo que mira, para que su vigilancia se lea de un vistazo;juegos_B_mecanicas.csv;
B-007;Portal;Cubo de compañía: un objeto querido que acompaña y luego hay que incinerar;COMBINACIÓN DE OBJETOS;2;Lectura de la historia;La voz habla del cubo sin parar y hay una escena de despedida;G: la caja grande deja notas sobre la caja hija que crean apego, y esa caja hija vuelve como llave en el final;juegos_B_mecanicas.csv;
B-008;Portal;Tras escapar del circuito de pruebas, una sala vieja se resuelve de forma «incorrecta»;TRANSFORMACIÓN, MEMORIA;3;Reinterpretar lo conocido;La sala conocida cede por un camino nuevo;D: en el nivel 3 vuelve el costado de cajones del nivel 1 y se abre al revés, empujando los cajones hasta el fondo en vez de tirar;juegos_B_mecanicas.csv;
B-009;Portal 2;Láser que se redirige con un cubo-prisma hasta un receptor;LUCES, REFLEJOS;2;Planificar trayectorias;El rayo se ve entero al instante y el receptor se enciende con sonido;B: la luz del ojo de piedra de luna se ve como un haz en el humo del incienso y un espejo de mano la lleva a donde hace falta;juegos_B_mecanicas.csv;
B-010;Portal 2;Embudo de excursión que lleva o trae según su polaridad;FÍSICA, TRANSFORMACIÓN;3;Pensar en dos sentidos;Un flujo de color con los objetos flotando dentro;H: el aliento de la caja como corriente, al inspirar atrae el humo y la ceniza ligera hacia la boca y al espirar los empuja, y el jugador aprovecha cada sentido;juegos_B_mecanicas.csv;
B-011;Portal 2;Pintar objetos con gel para cambiar cómo se mueven (cubos y torretas que rebotan);COMBINACIÓN DE OBJETOS, FÍSICA;3;Combinar propiedades;El objeto cambia de color y de comportamiento;E: la ficha de madera mojada en el té se hincha y no entra en su hueco, y hay que secarla junto a la lámpara (variable nueva: la humedad);juegos_B_mecanicas.csv;
B-012;Portal 2;Gel de conversión: cualquier superficie pasa a admitir portales (sensación de saltarse las reglas);TRANSFORMACIÓN, CERRADURAS;3;Pensamiento lateral;Superficies que de pronto aceptan el portal;D: tras el nivel 3, la caja deja tocar lo que antes vigilaba, y el jugador siente que rompe sus normas con su permiso;juegos_B_mecanicas.csv;
B-013;Portal 2;Dos tipos de sala: de lista (probar un concepto sin riesgo) y de combinación (pensar de lado);SECUENCIA, ORDEN;2;Aprender jugando;Sin fallo en la de lista, con «ajá» en la de combinación;A: cada regla nueva de la caja se prueba primero sin riesgo en un cajón que solo enseña y se combina con otra en el paso siguiente;juegos_B_mecanicas.csv;
B-014;Portal 2;Una escena previa enseña la solución sin parecer puzle (un derrumbe obliga a cruzar con portales);SECUENCIA, OBSERVACIÓN;2;Transferir lo aprendido;El mismo gesto sirve en la escena y en la sala siguiente;B: al subir de la trampilla, la caja hija gira sola y el ojo grande pierde de vista una de sus caras, así el jugador ya ha visto la idea antes de necesitarla;juegos_B_mecanicas.csv;
B-015;Portal 2;Ayuda invisible en un momento crítico: si disparas el portal equivocado, el juego mueve el otro;CONEXIONES, TIEMPO;1;Ninguna (protege la escena);La escena sale bien aunque falles;A: en el despertar de la caja, cualquier gesto razonable cuenta como bueno, para que el clímax nunca se rompa;juegos_B_mecanicas.csv;
B-016;Portal 2;Sorpresa tras el dominio: la placa de lanzamiento que ya dominas te tira de lado;TRANSFORMACIÓN, SECUENCIA;2;Confianza en lo aprendido;Un giro brusco y cómico, con un objeto que atrae la mirada;D: en el nivel 3 la llave que ya se sabe usar entra en el cajón largo, y al girarla la caja entera da la vuelta sola;juegos_B_mecanicas.csv;
B-017;Portal 2;Ideas sembradas antes de un salto lógico muy difícil (doble colisión en el aire en cooperativo);FÍSICA, SECUENCIA;5;Pensamiento lateral;La simetría, la luz y las marcas de la sala dibujan la trayectoria;B: para el paso más difícil del final, antes se ve la misma idea en pequeño (el ojo mira una polilla y la deja quieta en el aire) y la luz de la sala dibuja la solución;juegos_B_mecanicas.csv;
B-018;The Talos Principle;Piezas tetrominó ganadas en cada puzle que se encajan en una plantilla para abrir puertas;CONSTRUCCIÓN, PATRONES;2;Encaje espacial;Las piezas encajan y la puerta se abre;F: las teselas de marquetería yosegi que se ganan en cada nivel completan el dibujo de la tapa, sin repetir el mismo encaje cada vez;juegos_B_mecanicas.csv;
B-019;The Talos Principle;Inhibidor portátil que apaga barreras, drones y torretas;CERRADURAS, CONEXIONES;2;Planificar ángulos;Lo que apunta se apaga;D: un abanico abierto puesto entre el ojo y la mano corta la mirada, y la regla se apaga solo en esa línea;juegos_B_mecanicas.csv;
B-020;The Talos Principle;Conectores que encadenan rayos de color por línea de visión hasta un receptor;LUCES, CONEXIONES;3;Razonamiento espacial;Rayos visibles y receptores que se encienden;C: un hilo de seda rojo que se tiende de clavija en clavija por los cajones abiertos y, tenso, tira del pestillo del cajón largo;juegos_B_mecanicas.csv;
B-021;The Talos Principle;Grabadora: una copia de ti repite lo que hiciste mientras tú haces otra cosa;TIEMPO, MEMORIA;4;Pensar en dos líneas de tiempo;La copia repite tus gestos;H: con el ojo cerrado, la caja repite de memoria tus últimos gestos para entenderte, y lo que imita lo hace ella aunque a ti te lo prohíba;juegos_B_mecanicas.csv;
B-022;The Talos Principle;Estrellas: premios que solo salen con soluciones únicas, a menudo fuera del recinto del puzle;MULTIZONA, OBSERVACIÓN;5;Pensar fuera del marco;Una estrella a la vista pero aparentemente inalcanzable;A: un secreto opcional por nivel que pide sacar algo de la caja a la sala o al revés, con su propia recompensa;juegos_B_mecanicas.csv;
B-023;The Talos Principle;Mensajeros: una pista de un solo uso por puzle;PISTAS, INFORMACIÓN CRUZADA;1;Decidir cuándo pedir ayuda;Una frase de ayuda;G: la nota de la caja se relee en la bandeja y, si el atasco es largo, la caja añade una línea nueva de su puño;juegos_B_mecanicas.csv;
B-024;The Talos Principle;Tres mundos no lineales: se deja un puzle y se prueba otro;MULTIZONA, ORDEN;1;Gestionar el atasco;Puertas y piezas pendientes a la vista;B: cada nivel tiene dos ramas abiertas a la vez para que un atasco no pare al jugador;juegos_B_mecanicas.csv;
B-025;The Talos Principle 2;Conversor RGB: un rayo azul y uno rojo dan verde;LUCES, COMBINACIÓN;3;Combinar colores;El rayo resultante cambia de color;C: el humo de dos varillas de incienso distintas se mezcla en el aire, y el ojo solo reacciona al olor de la mezcla;juegos_B_mecanicas.csv;
B-026;The Talos Principle 2;Taladro que abre un agujero temporal en paredes especiales para pasar objetos o rayos;TIEMPO, CONEXIONES;3;Planificar con tiempo limitado;El agujero se abre y se cierra a la vista;B: al contener el aliento la caja afloja unos segundos la junta de la tapa, y por esa rendija cabe un objeto fino;juegos_B_mecanicas.csv;
B-027;The Talos Principle 2;Cuerpos alternativos entre los que se salta si están en tu línea de visión;PERSPECTIVA, MULTIOBJETO;4;Razonamiento espacial;La cámara salta al otro cuerpo;H: al colocar el ojo nuevo, la cámara puede pasar un momento a la vista de la caja, y lo que ella ve desde allí cambia cómo hay que mover las cosas;juegos_B_mecanicas.csv;
B-028;The Talos Principle 2;Fuego de Prometeo: saltar un puzle con algo hallado explorando y recuperarlo al resolverlo;PISTAS, MULTIZONA;1;Decidir cuándo saltar;El puzle se abre sin resolverlo;G: ofrendas al tsukumogami, un dulce escondido en la sala que, dejado ante la caja, la convence de abrir el paso siguiente;juegos_B_mecanicas.csv;
B-029;The Talos Principle 2;Puzles perdidos: dos opcionales más difíciles por zona que abren puertas doradas;MULTIZONA, SECUENCIA;5;Dominio de la mecánica;Una puerta dorada que se abre;A: un reto opcional por nivel, más difícil, que da un adorno para la caja sin tocar la historia;juegos_B_mecanicas.csv;
B-030;The Talos Principle 2;Quitar la dificultad de ejecución (fuera minas y torretas) para que el reto sea pensar;ORDEN, PATRONES;2;Pensar sin presión;Menos repeticiones y menos muertes;A: ningún paso de La caja viva pide precisión de dedo ni rapidez, la dificultad está en entender;juegos_B_mecanicas.csv;
B-031;Baba Is You;Las reglas son bloques de palabras que se empujan (SUSTANTIVO ES PROPIEDAD);SÍMBOLOS, TRANSFORMACIÓN;3;Lógica y lectura de reglas;La regla se activa al alinear las palabras y el mundo cambia al instante;H: en el final, la regla de la caja está tallada en tres pictogramas de marquetería (ojo, mira, mano) que giran en su sitio, y cambiar uno cambia a quién vigila;juegos_B_mecanicas.csv;
B-032;Baba Is You;Romper una regla separando una palabra (el muro deja de parar);SÍMBOLOS, DESMONTAJE;2;Pensamiento lateral;El muro deja de ser obstáculo en cuanto la frase se rompe;D: sacar la caja hija del alcance de la mirada rompe la regla para ella, igual que separar una palabra rompe la frase;juegos_B_mecanicas.csv;
B-033;Baba Is You;Cambiar la condición de victoria: otra cosa pasa a ser la meta;SÍMBOLOS, TRANSFORMACIÓN;3;Reinterpretar el objetivo;Tocar la nueva meta acaba el nivel;D: en el final la meta deja de ser abrir la caja y pasa a ser que la caja abra sus dos ojos a la vez, y se descubre leyendo su nota;juegos_B_mecanicas.csv;
B-034;Baba Is You;Cambiar quién eres: otro objeto pasa a ser «tú»;TRANSFORMACIÓN, PERSPECTIVA;3;Cambiar el punto de vista;El control pasa a otro objeto;H: en el final, por un momento el jugador maneja la mirada de la caja en vez de la mano, para alumbrar lo que hace falta;juegos_B_mecanicas.csv;
B-035;Baba Is You;TIENE: un objeto contiene a otro y lo que tenía dentro aparece;COMBINACIÓN DE OBJETOS, TRANSFORMACIÓN;4;Pensar en contenidos;Aparece lo que el objeto tenía dentro;A: cada caja guarda otra cosa y esa cosa es la llave de su madre, una cadena que el jugador aprende a sospechar;juegos_B_mecanicas.csv;
B-036;Baba Is You;Reglas encajadas en esquinas que no se pueden mover (verdades fijas que acotan);OBSERVACIÓN, SÍMBOLOS;2;Leer el nivel;Las palabras no se mueven aunque se empujen;A: unas pocas cosas de la sala nunca se mueven y se nota (laca negra), y eso reduce lo que hay que probar;juegos_B_mecanicas.csv;
B-037;Baba Is You;Nivel variante creado a partir de la solución alternativa que encontró un probador;SECUENCIA, PATRONES;3;Ver un truco desde otro ángulo;El atajo cerrado obliga a la idea nueva;B: si en las pruebas alguien encuentra un atajo bonito, se convierte en paso o secreto y se cierra donde estorba;juegos_B_mecanicas.csv;
B-038;Q.U.B.E.;Bloque rojo que se extiende o se retrae para hacer rampas y paredes;CONSTRUCCIÓN, DESLIZAMIENTO;1;Causa y efecto;El bloque sale con su color y su sonido;A: un material, un verbo, el bambú siempre se desliza y la laca roja siempre gira en toda la caja;juegos_B_mecanicas.csv;
B-039;Q.U.B.E.;Tres bloques amarillos que forman una escalera distinta según dónde se golpee;PATRONES, CONSTRUCCIÓN;2;Prever el resultado;Los tres bloques salen a alturas distintas;C: tres cajones unidos por un cordón, al tirar de uno los otros salen a alturas distintas según cuál se elija;juegos_B_mecanicas.csv;
B-040;Q.U.B.E.;Bloque morado que gira una sección entera de pared;ROTACIÓN, PERSPECTIVA;3;Rotación mental;La sección gira y lo que lleva encima cambia de sitio;F: un panel del costado gira un cuarto de vuelta y cambia qué cajón queda a la vista del ojo;juegos_B_mecanicas.csv;
B-041;Q.U.B.E.;Imanes que mueven cubos a distancia;FÍSICA, CONEXIONES;4;Planificar en varios pasos;Los cubos se deslizan hacia el imán;F: una piedra imán escondida en la cabeza del león atrae la llave de hierro y sirve para sacarla de una rendija donde no cabe el dedo;juegos_B_mecanicas.csv;
B-042;Q.U.B.E.;Bola que baja por una pendiente y se guía con bloques hasta un agujero;FÍSICA, SECUENCIA;4;Coordinación y ritmo;La bola rueda, choca y cae en el agujero;B: una bola de incienso en un laberinto de la tapa se guía inclinando la caja con el dedo, con física honesta y sin ayudas que se noten;juegos_B_mecanicas.csv;
B-043;Q.U.B.E.;Sala a oscuras en la que solo brillan los bloques (criticada por ser ensayo y error);LUCES, MEMORIA;3;Memoria espacial;Solo se ve lo que brilla;D: al revés, apagar la lámpara no le esconde nada al jugador sino al ojo, y la oscuridad es una herramienta, no un castigo;juegos_B_mecanicas.csv;
B-044;Antichamber;El espacio cambia según hacia dónde mires o por dónde pases;PERSPECTIVA, OBSERVACIÓN;3;Romper expectativas;Pasillos que llevan a sitios distintos al volver;D: lo que la caja no mira cambia, el animal pintado en el rollo solo se mueve cuando el ojo no lo ve;juegos_B_mecanicas.csv;
B-045;Antichamber;Escaleras que vuelven al inicio salvo si el camino se recorre hacia atrás;PERSPECTIVA, ORDEN;3;Probar lo contrario;Aparece una zona nueva al andar al revés;D: un cajón que vuelve a cerrarse cada vez que se tira se abre si antes se empuja hasta el fondo, como en las cajas de Hakone;juegos_B_mecanicas.csv;
B-046;Antichamber;Sala inicial con un mapa para saltar a cualquier sala visitada (reinicia esa sala);MULTIZONA, MEMORIA;1;Orientarse;El mapa se rellena al explorar;A: la tarjeta de nivel muestra la cara como mapa de lo hecho y deja repetir un nivel sin perder la partida;juegos_B_mecanicas.csv;
B-047;Antichamber;Cubos que se recogen y se colocan para tapar o destapar láseres que abren puertas;CONSTRUCCIÓN, LUCES;3;Planificar recursos;La puerta reacciona al tapar el haz;C: con dos ojos, mantener un dedo sobre uno lo tapa y deja libre otro dedo para mover lo que solo veía ese ojo (probar antes en un móvil pequeño);juegos_B_mecanicas.csv;
B-048;Antichamber;Carteles con una frase de lección tras cada puzle (criticados por condescendientes);SÍMBOLOS, PISTAS;1;Ninguna;Un dibujo y una frase al tocarlo;B: la nota de la caja nunca explica lo que se acaba de hacer, solo pide lo siguiente con su voz;juegos_B_mecanicas.csv;
B-049;Antichamber;Sonido de naturaleza que evita lo amenazante para dejar pensar;SONIDOS, OBSERVACIÓN;1;Concentración;Lluvia, pájaros y olas suaves;A: la sala de noche suena a grillos, viento y agua de la tetera, y el sonido inquietante se reserva para la caja;juegos_B_mecanicas.csv;
B-050;Superliminal;Perspectiva forzada: al soltarlo, el objeto conserva el tamaño que aparentaba;ESCALA, PERSPECTIVA;3;Romper la intuición física;El objeto crece o encoge al soltarlo;H: la sombra a escala, acercar o alejar la lámpara cambia el tamaño de la sombra de un objeto en el shoji y el ojo reacciona a la sombra como si fuera real;juegos_B_mecanicas.csv;
B-051;Superliminal;Trampantojo: manchas pintadas en varias superficies forman un objeto desde un punto exacto;PERSPECTIVA, SIMETRÍA;3;Buscar el punto de vista;La figura se completa y se vuelve objeto;B: un dibujo de marquetería repartido entre la caja, la mesa y el shoji solo se completa visto desde la cara, y completo dice el orden de las puertecitas;juegos_B_mecanicas.csv;
B-052;Superliminal;Objeto que se duplica al cogerlo;TRANSFORMACIÓN, MULTIOBJETO;3;Pensamiento lateral;Aparece una copia en la mano;D: al revés, dos tazas iguales se funden en una al juntarlas ante el ojo, porque una era una ilusión de la caja;juegos_B_mecanicas.csv;
B-053;Superliminal;Puertas falsas: geometría estirada que solo parece puerta desde un ángulo;PERSPECTIVA, OBSERVACIÓN;3;Desconfiar de lo que se ve;Desde otro ángulo la puerta se deforma;B: un cajón pintado en el costado solo parece cajón desde la vista de la sala, de cerca es pintura, y la caja se ríe con su humo;juegos_B_mecanicas.csv;
B-054;Superliminal;Pasillo en bucle que solo se rompe tocando objetos sin saber por qué (criticado por oscuro);OBSERVACIÓN, SECUENCIA;4;Insistir;El bucle se rompe sin explicación clara;B: si un paso pide repetir algo, la caja muestra que lo cuenta con un clic más grave o una vuelta del humo cada vez;juegos_B_mecanicas.csv;
B-055;Viewfinder;Una foto colocada en el mundo sustituye lo que hay por lo que muestra;PERSPECTIVA, TRANSFORMACIÓN;3;Imaginar el resultado;El mundo se corta y aparece lo de la foto;G: el rollo colgado es otro tsukumogami y lo pintado en él se mueve cuando la caja no mira, sin fotos ni cambios de geometría (riesgo medio por Viewfinder);juegos_B_mecanicas.csv;
B-056;Viewfinder;Cámara instantánea para hacer tus propias fotos y usarlas;PERSPECTIVA, CONSTRUCCIÓN;3;Encuadrar;La foto aparece en la mano;D: no hay cámara, la caja recuerda lo último que vio y lo dibuja en humo sobre la tapa al cerrar el ojo, y ese dibujo es la pista;juegos_B_mecanicas.csv;
B-057;Viewfinder;Rebobinar el tiempo para deshacer sin castigo;TIEMPO, MEMORIA;1;Experimentar sin miedo;Todo vuelve atrás a la vista;A: nada en la caja se pierde ni se rompe, todo gesto se deshace empujando o girando al revés;juegos_B_mecanicas.csv;
B-058;Viewfinder;Copiar una foto para usarla dos veces;MULTIOBJETO, COMBINACIÓN;3;Gestionar recursos;Aparece una segunda foto igual;C: el sello de la caja (hanko) se entinta y se estampa dos veces, y cada estampa abre una cerradura de papel;juegos_B_mecanicas.csv;
B-059;Viewfinder;Cámaras fijas y superficies que no se dejan sustituir (límites sobre una mecánica libre);PERSPECTIVA, CERRADURAS;4;Trabajar con límites;La foto no se puede colocar ahí;A: a cada mecánica libre se le pone un límite que obliga a pensar, como girar la caja hija con la cara que mira el ojo inmóvil;juegos_B_mecanicas.csv;
B-060;Viewfinder;Baterías que dan energía al teletransportador de salida;CONEXIONES, PESO;2;Planificar el orden;El teletransportador se enciende;F: tres varillas de incienso encendidas en el león dan a la caja el humo que necesita para despertar;juegos_B_mecanicas.csv;
B-061;Monument Valley;Caminos separados que se unen cuando, al girar, se alinean en la vista isométrica;PERSPECTIVA, ROTACIÓN;2;Ver en 2D lo que es 3D;Ida camina por la unión imposible;B: solo desde la vista de la cara, la talla del cuerno y una grieta de la madera se alinean y forman el camino que sigue el humo;juegos_B_mecanicas.csv;
B-062;Monument Valley;Manivelas que giran una sección, y la sección que se mueve es un poco más clara;ROTACIÓN, RUEDAS;1;Asociar asa y efecto;La sección gira y el camino cambia;A: lo que se mueve en la caja tiene un tono de madera algo más claro desde el principio;juegos_B_mecanicas.csv;
B-063;Monument Valley;Círculos salientes: la pieza se desliza en la dirección que marcan;DESLIZAMIENTO, SÍMBOLOS;1;Leer señales;La pieza se desliza por su eje;A: una gramática propia de asas, muesca para deslizar, borla para tirar y anillo dorado para girar, igual en toda la caja;juegos_B_mecanicas.csv;
B-064;Monument Valley;Gente cuervo que patrulla, cierra el paso y pisa botones;SECUENCIA, TIEMPO;2;Prever recorridos;El cuervo se para y cierra el paso;F: las polillas de la lámpara se posan donde hay luz, y moviendo la lámpara se llevan a una placa ligera que solo ellas pueden pisar;juegos_B_mecanicas.csv;
B-065;Monument Valley;Tótem: compañero que se desliza en cualquier dirección y también pisa botones;MULTIOBJETO, PESO;2;Coordinar dos piezas;El tótem se mueve con Ida;G: la caja hija como compañera en el final, que se coloca en sitios que la caja grande no ve;juegos_B_mecanicas.csv;
B-066;Monument Valley;La Caja (capítulo VIII): cuatro partes móviles y cuatro luces, una de las cuales solo puede encender un cuervo;DESMONTAJE, LUCES;3;Coordinar actores;Las luces se encienden y la caja se abre en una zona nueva;B: aviso para el nivel 3, el biombo se abre por su regla (la mirada), sin luces en las esquinas y sin nadie caminando dentro;juegos_B_mecanicas.csv;
B-067;Monument Valley;Caminar por las paredes: lo que era pared pasa a ser suelo al girar;ROTACIÓN, PERSPECTIVA;3;Rotación mental;Ida sigue andando de lado;F: al volcar la caja hija, lo que era tapa pasa a ser fondo y una pieza suelta rueda dentro hasta otro hueco;juegos_B_mecanicas.csv;
B-068;Monument Valley 2;Madre e hija: la hija la sigue sola y al final se separan para resolver por separado;MULTIOBJETO;2;Coordinar y emocionarse;La separación cambia el color del mundo;G: la caja hija se separa de la grande en el nivel 2 y vuelve a ella en el final, y la grande respira más tranquila cuando la tiene cerca;juegos_B_mecanicas.csv;
B-069;Tetris;Siete piezas de cuatro cuadros que caen y se giran para encajar;ROTACIÓN, CONSTRUCCIÓN;2;Rotación mental rápida;La pieza gira al instante;A: la tapa de la cajita roja gira a saltos con respuesta inmediata y sin animaciones largas, para pensar girando;juegos_B_mecanicas.csv;
B-070;Tetris;La fila completa desaparece y deja seguir jugando;PATRONES, ORDEN;2;Planificar el hueco;Destello, sonido y la pila que baja;G: cada pieza devuelta a la cara completa un sello (角 目 声) y la cara se ve más entera, el orden que vuelve como recompensa;juegos_B_mecanicas.csv;
B-071;Tetris;Vista previa de las piezas siguientes;OBSERVACIÓN, SECUENCIA;2;Planificar;Las próximas piezas a un lado;A: la cerradura siguiente se ve antes de tener su llave, como el hueco de la ficha de shōgi sembrado en el nivel 1;juegos_B_mecanicas.csv;
B-072;Tetris;Pieza fantasma que muestra dónde caerá la pieza;SOMBRAS, PERSPECTIVA;1;Ninguna;Una silueta transparente en el destino;B: al arrastrar un objeto del inventario cerca de su sitio aparece su silueta encajada, y al soltarlo encaja con un clic;juegos_B_mecanicas.csv;
B-073;Tetris;Bolsa de siete: cada siete piezas salen todas, sin sequías largas;ORDEN, PATRONES;1;Ninguna (justicia);La pieza esperada llega a tiempo;B: si el ojo se distrae solo de vez en cuando, ese ciclo tiene un máximo, para que la oportunidad llegue siempre en pocos segundos;juegos_B_mecanicas.csv;
B-074;Tetris;Medio segundo de gracia al tocar fondo, que se reinicia al mover la pieza;TIEMPO;2;Ajuste fino;La pieza aún se mueve tras tocar fondo;A: al soltar una pieza cerca de su encaje, un margen de gracia deja recolocarla antes de fijarla;juegos_B_mecanicas.csv;
B-075;Tetris;Giro en T: meter la T girándola en un hueco que parece imposible da premio extra;ROTACIÓN, SECUENCIA;5;Dominio;Aviso y puntos extra;A: una solución experta y opcional por nivel (por ejemplo, sacar la llave sin la lámpara aprovechando un descuido del ojo) con su propio sonido;juegos_B_mecanicas.csv;
B-076;Inside;Fila vigilada: imitar a las personas que andan mientras un dron mira, y su luz parpadea antes del castigo;SECUENCIA, OBSERVACIÓN;3;Sincronía;La luz del dron parpadea si fallas y luego castiga;E: mientras el ojo mira, algo solo se mueve al ritmo de su respiración (al espirar), y el párpado se entorna si el jugador se desacompasa;juegos_B_mecanicas.csv;
B-077;Inside;Onda expansiva cíclica: sonido y destello, silencio, onda, y hay que cubrirse a tiempo;SONIDOS, TIEMPO;4;Ritmo;Destello, ruido, silencio y onda;B: la caja anuncia su despertar, inspira (sonido), contiene (silencio) y abre el ojo, y el jugador aprende a usar ese silencio;juegos_B_mecanicas.csv;
B-078;Inside;Casco de control mental: cuerpos sin voluntad repiten tus movimientos;MULTIOBJETO, CONEXIONES;3;Pensar por dos;Los cuerpos imitan tus pasos al instante;H: la caja hija repite en pequeño lo que se hace con la grande, y abrir un cajón aquí abre su gemelo allí;juegos_B_mecanicas.csv;
B-079;Inside;Focos y robots que barren la zona por ciclos, con pilares para cubrirse;LUCES, SOMBRAS;3;Esperar el momento;El foco pasa y vuelve;B: al buscar la mano, la mirada del ojo barre la mesa despacio, y la sombra de la tetera sirve de escondite para el dedo;juegos_B_mecanicas.csv;
B-080;Inside;Respiración agitada y sobresaltos del niño muy presentes en el sonido;SONIDOS, TIEMPO;1;Ninguna (atmósfera);Jadeos y sobresaltos;A: la respiración de la caja se acelera cuando el dedo se acerca a lo prohibido y se calma al apartarse, feedback continuo sin texto;juegos_B_mecanicas.csv;
B-081;Inside;Secretos fuera del camino que abren un final alternativo;OBSERVACIÓN, MULTIZONA;4;Exploración;Un aparato escondido se apaga;A: secretos opcionales en la sala que, todos juntos, cambian la última escena del final;juegos_B_mecanicas.csv;
B-082;Limbo;Muerte instantánea y vuelta inmediata: aprender muriendo, con muertes que enseñan;OBSERVACIÓN, TIEMPO;3;Aprender del fallo;La muerte se ve y se vuelve al instante;D: sin muerte, el fallo enseña con la reacción de la caja (aliento contenido, mirada a la mano) y nunca devuelve al jugador atrás;juegos_B_mecanicas.csv;
B-083;Limbo;El niño adelanta los brazos cerca de un objeto que se puede agarrar;OBSERVACIÓN, CONEXIONES;1;Ninguna;Gesto del personaje;B: cuando el dedo pasa cerca de algo que se mueve, la pieza asoma un milímetro y suena, y lo fijo no responde;juegos_B_mecanicas.csv;
B-084;Limbo;Una trampa cae fuera de la pantalla y se oye (la tira la araña);SONIDOS, COMBINACIÓN DE OBJETOS;3;Unir causa y efecto;Un golpe que se oye fuera de cuadro;A: cuando algo cambia fuera de la vista (el león se abre), suena claro y la cámara se gira un poco hacia allí;juegos_B_mecanicas.csv;
B-085;Limbo;Un elemento se presenta al pasar: el jugador pulsa un interruptor sin querer al correr;SECUENCIA, OBSERVACIÓN;1;Ninguna;El efecto llega solo;A: el primer cajón asoma al primer toque, así el jugador aprende el verbo sin buscarlo;juegos_B_mecanicas.csv;
B-086;Limbo;Babosa que se pega a la cabeza del niño y le quita parte del control;TRANSFORMACIÓN, ORDEN;3;Adaptarse a una restricción;El niño se mueve solo;D: la caja hija, fuera, tira hacia la grande porque quiere volver, y hay que sujetarla con un dedo mientras se trabaja con otro;juegos_B_mecanicas.csv;
B-087;Little Nightmares;Conserje ciego que oye los pasos en suelos que crujen y se aleja tras un objeto lanzado;SONIDOS, OBSERVACIÓN;3;Gestionar el ruido;El vigilante va hacia el sonido y tantea con los brazos;E: el ojo también oye, golpear la tapa de la tetera lo hace mirar allí unos segundos, otra distracción además de la lámpara;juegos_B_mecanicas.csv;
B-088;Little Nightmares;Cajones gigantes de un archivador usados como escalera;ESCALA, DESLIZAMIENTO;2;Ver usos nuevos a objetos comunes;Los cajones abiertos forman peldaños;F: abrir los cajones del costado a distintas alturas hace una escalera por la que baja rodando una pieza desde arriba;juegos_B_mecanicas.csv;
B-089;Little Nightmares;Mechero que enciende lámparas que son puntos de control;LUCES, SECUENCIA;1;Ninguna;La lámpara se enciende y guarda;G: encender una varilla de incienso guarda la partida dentro de un nivel, y la caja lo agradece con un humo tranquilo;juegos_B_mecanicas.csv;
B-090;Little Nightmares;Rutinas domésticas de los adultos que hay que observar antes de moverse;OBSERVACIÓN, TIEMPO;3;Paciencia;Los adultos hacen sus tareas;B: la caja tiene una rutina de noche visible (mira la lámpara, mira el shoji, se adormece), y observarla enseña dónde está el hueco;juegos_B_mecanicas.csv;
B-091;Little Nightmares;Arrancar una llave enorme de su clavo balanceándose;PESO, FÍSICA;2;Usar el propio peso;El balanceo crece hasta que cae la llave;B: la llave atada con un cordón se suelta tirando a pequeños tirones rítmicos, no con un solo arrastre;juegos_B_mecanicas.csv;
B-092;Little Nightmares;Los ojos de la protagonista se van hacia los objetos útiles del puzle;OBSERVACIÓN, PISTAS;1;Ninguna;La mirada del personaje;G: la caja se delata, su ojo mira de reojo lo que protege cuando el jugador lleva tiempo atascado;juegos_B_mecanicas.csv;
B-093;Little Nightmares II;Maniquíes que solo se mueven a oscuras y se congelan con la linterna;LUCES, OBSERVACIÓN;3;Repartir la atención;Se paran en seco en la luz;D: la mirada del ojo deja quieto lo que mira, y en el nivel 3 se usa para sujetar un disco que gira solo;juegos_B_mecanicas.csv;
B-094;Little Nightmares II;Apartar la luz a propósito para que un maniquí se levante (la amenaza como herramienta);LUCES, TRANSFORMACIÓN;4;Invertir la regla;El maniquí se levanta y deja el paso;D: apartar la lámpara a propósito para que el ojo mire adonde conviene, porque ahora interesa su mirada;juegos_B_mecanicas.csv;
B-095;Little Nightmares II;Compañera manejada por el juego que ayuda, da pistas generales y va de la mano;MULTIOBJETO, PISTAS;1;Ninguna;Gestos y la mano tendida;G: la caja hija, cuando está fuera, entreabre el párpado hacia lo que importa, una segunda voz sin palabras;juegos_B_mecanicas.csv;
B-096;Little Nightmares II;Puzle del ajedrez: encontrar y colocar los remates de las piezas;COMBINACIÓN DE OBJETOS, ORDEN;3;Asociar formas;Cada remate encaja en su pieza;F: la ficha de shōgi lleva un carácter tallado y hay que encontrar su pareja en la sala (el kanji del rollo) para saber en qué hueco va;juegos_B_mecanicas.csv;
C-001;The Witcher 3;Sentidos de brujo: mantener un botón aplica un filtro que resalta con colores vivos huellas, sangre y rastros de olor;OBSERVACIÓN, LUCES;1;Observación;Pistas resaltadas en rojo y objetivo que se actualiza;D: no hay modo de ver pistas, la que ve es la caja, y lo que su ojo vigila se nota (la pupila apunta y el borde de lo vigilado se oscurece), así el jugador deduce dónde no tocar;juegos_C_mecanicas.csv;
C-002;The Witcher 3;Seguir un rastro (huellas u olor) hasta su origen;OBSERVACIÓN, CONEXIONES;1;Atención;Rastro visible que lleva hasta el lugar;B: el humo que se escapa de la caja deriva hacia una rendija concreta y seguirlo con el dedo descubre por dónde respira;juegos_C_mecanicas.csv;
C-003;The Witcher 3;Contrato: investigar, identificar a la criatura (el bestiario se actualiza), preparar aceite y señal, y luchar;INFORMACIÓN CRUZADA, SECUENCIA;2;Deducción y planificación;Entrada nueva en el bestiario y experiencia al deducir;G: el nivel 3 como contrato, investigar las costumbres de la caja, confirmar la deducción con un dibujo en el cuaderno y preparar la sala antes del paso final;juegos_C_mecanicas.csv;
C-004;The Witcher 3;Escena del crimen: examinar cadáveres y objetos para reconstruir qué pasó y seguir al culpable;OBSERVACIÓN, ORDEN;2;Observación y deducción;La escena se resuelve y la deducción lleva a la acción;G: reconstruir cómo perdió la caja su cuerno con marcas de la sala (un arañazo en el tatami, ceniza esparcida, una astilla en la viga);juegos_C_mecanicas.csv;
C-005;The Witcher 3;Lo imprescindible brilla con un aura azul suave colocada para no tapar las pistas del entorno;LUCES, OBSERVACIÓN;1;Ninguna;Aura tenue solo en lo esencial;B: lo imprescindible late al ritmo del aliento de la caja solo tras unos minutos sin avanzar y sin tapar otras pistas;juegos_C_mecanicas.csv;
C-006;Baldur's Gate 3;Prueba del salto de fe: el mapa del camino está en un mosaico del suelo y el camino es invisible de cerca, con tres intentos marcados por luces;MEMORIA, PERSPECTIVA;3;Memoria espacial;Caída al fallar y luces azules que se apagan;F: desde la vista de la sala la marquetería de la tapa enseña el camino entero, de cerca solo se ven teselas sueltas, y tres varillas de incienso cuentan los intentos;juegos_C_mecanicas.csv;
C-007;Baldur's Gate 3;Apagar ocho incensarios (palancas, hielo, agua) para que la oscuridad muestre un círculo de glifos que lleva al pedestal;LUCES, SOMBRAS;2;Experimentación;La sala se oscurece y aparece el camino;E: apagar la lámpara deja ciega a la caja, pero el jugador solo ve lo que brilla (las brasas del incensario y la luna por el shoji);juegos_C_mecanicas.csv;
C-008;Baldur's Gate 3;Memorial de los Dawnmasters: vidriera con cuatro líderes y sus armas, poner el arma correcta en cada altar, y un libro dice cuál va en la parte rota;SÍMBOLOS, INFORMACIÓN CRUZADA;2;Observación y deducción;Efecto beneficioso y compartimento que se abre;B: cuatro huecos con figuras de marquetería piden un objeto cada uno, y la nota de la caja completa la figura que está rota;juegos_C_mecanicas.csv;
C-009;Baldur's Gate 3;Prueba del mismo yo: cada personaje lucha contra su copia de sombra y atacar la copia de otro penaliza;SIMETRÍA, REFLEJOS;3;Planificación;Penalización que se acumula al equivocarse;C: con «Los gemelos» de la biblia (§8.2), cada ojo solo se calma con su propio reflejo y enseñarle a un ojo el reflejo del otro lo enfada;juegos_C_mecanicas.csv;
C-010;Baldur's Gate 3;Saltarse un puzle con una prueba muy difícil (Juego de manos CD 30) a cambio de perder el premio extra;CERRADURAS, LLAVES;2;Ninguna (azar y personaje);Se abre, pero sin el efecto beneficioso;B: forzar un cajón con el abrecartas es posible, pero la caja se ofende y la tarjeta del nivel pierde un sello;juegos_C_mecanicas.csv;
C-011;Baldur's Gate 3;Madriguera: un sitio que parece inocente (una botica) lleva tras varios puzles a una cámara oculta, porque cada edificio tiene historia, secreto y sótano;MULTIZONA, SECUENCIA;2;Curiosidad;Descubrimientos encadenados;B: un objeto inocente de la sala (la tetera) abre, tres pasos después, un hueco bajo la mesa que nadie miraba;juegos_C_mecanicas.csv;
C-012;Clair Obscur: Expedition 33;Jaula de pintura: el premio se ve dentro de una jaula y tres cerrojos escondidos alrededor (arriba, detrás, en cajas) se rompen con apuntado libre en cualquier orden;OBSERVACIÓN, MULTIZONA;2;Observación espacial y puntería;Cada cerrojo se rompe y con el tercero la jaula se disuelve;B: el cuerno se ve entre las brasas, pero tres pasadores repartidos por la sala (shoji, viga, bajo la mesa) lo sujetan y cada uno se suelta cuando el ojo no mira;juegos_C_mecanicas.csv;
C-013;Clair Obscur: Expedition 33;Parada reactiva: pulsar justo antes del golpe, sin mantener ni machacar, con amagos del enemigo;TIEMPO, SONIDOS;4;Ritmo y lectura de señales;Choque de armas y contraataque;B: la ventana es el parpadeo de la caja, anunciado por su inspiración, y en niveles altos la caja amaga con el ojo pero el sonido nunca miente;juegos_C_mecanicas.csv;
C-014;Clair Obscur: Expedition 33;Escuchar el silbido del ataque para saber cuándo parar;SONIDOS;2;Escucha;Sonido previo al golpe;A: cada intención de la caja (mirar, parpadear, despertar) tiene un sonido propio que no cambia en todo el juego;juegos_C_mecanicas.csv;
C-015;Clair Obscur: Expedition 33;Modo historia con ventanas de parada y esquiva más amplias, y opción de quitar los QTE de ataque;TIEMPO;1;Ninguna;Ventanas más generosas;A: ajuste de accesibilidad con parpadeos más largos y sin límites de tiempo en ningún puzle;juegos_C_mecanicas.csv;
C-016;Clair Obscur: Expedition 33;Sin minimapa para que el jugador mire el mundo y no los iconos (criticado porque la gente se pierde);OBSERVACIÓN, MULTIZONA;2;Orientación;Ninguno, el mundo es la guía;B: sin marcadores en pantalla, pero cada vista fija tiene un ancla visual que no cambia (la lámpara siempre a la izquierda del encuadre de la sala);juegos_C_mecanicas.csv;
C-017;Astro Bot;Paredes con textura: al rozarlas, la vibración cambia de lisa a rugosa y lo rugoso esconde un pasaje;TACTO, OBSERVACIÓN;2;Atención táctil;Vibración que cambia con la textura;B: al pasar el dedo por la marquetería, la tablilla hueca vibra en pulsos cortos, suena a hueco y levanta polvo;juegos_C_mecanicas.csv;
C-018;Astro Bot;Esponja: apretar el gatillo adaptativo para escurrir el agua y notar cómo se aligera;PESO, FÍSICA;1;Control fino;Resistencia del gatillo, agua y peso;F: retorcer con dos dedos un paño mojado de té, que gotea y queda ligero para lanzarlo sobre el ojo;juegos_C_mecanicas.csv;
C-019;Astro Bot (Astro's Playroom);Soplar al micrófono para mover hélices o plataformas;SONIDOS, FÍSICA;1;Ninguna;El objeto se mueve con el soplido;B: soplar al micrófono para apartar el humo o la ceniza, siempre con un gesto táctil alternativo;juegos_C_mecanicas.csv;
C-020;Astro Bot;Patios de juguetes físicos sin objetivo (cuerdas, hierba, objetos que se apartan);FÍSICA;1;Curiosidad;Física y vibración al tocar;A: juguetes sin puzle en la sala (el péndulo del andon, cuentas, fichas sueltas) que solo responden;juegos_C_mecanicas.csv;
C-021;Astro Bot;Poderes que se presentan y se retiran en el mismo nivel (globo, imán, propulsor), con un solape leve cuando vuelven;TRANSFORMACIÓN;2;Adaptación;Cambian las capacidades del personaje;B: un objeto de un solo nivel (el espejo de mano del nivel 3) que no vuelve, y si un gesto vuelve en otro nivel, que añada algo;juegos_C_mecanicas.csv;
C-022;Astro Bot;Vibración diseñada desde formas de onda, junto al sonido, la animación y los efectos;TACTO, SONIDOS;1;Ninguna;Vibración coherente con el sonido;A: sacar los patrones de vibración del móvil de los mismos sonidos (cajón, cerrojo, tablilla) para que suenen y se sientan igual;juegos_C_mecanicas.csv;
C-023;It Takes Two;Herramientas complementarias: uno clava clavos en la madera y el otro, con el martillo, se balancea en ellos o golpea botones;COMBINACIÓN DE OBJETOS, CONEXIONES;2;Coordinación;Golpe y balanceo;D: la pareja es la caja y la mano, la mirada sujeta lo que mira y la mano mueve lo demás;juegos_C_mecanicas.csv;
C-024;It Takes Two;Savia inflamable que se unta y una cerilla que la hace estallar: preparar y detonar;COMBINACIÓN DE OBJETOS, SECUENCIA;2;Planificación;Estalla lo preparado;B: la cera que sella un cajón se ablanda al acercar la lámpara, preparar con calor y abrir cuando el ojo no mira;juegos_C_mecanicas.csv;
C-025;It Takes Two;Clon: dejar una copia de ti y volver a ella al instante (combinado con el rebobinado del compañero);TIEMPO, SECUENCIA;4;Planificación de varios pasos;Vuelta instantánea al clon;H: un señuelo, el vaho del dedo en la laca deja una mano fantasma que la caja vigila mientras tocas otra cosa;juegos_C_mecanicas.csv;
C-026;It Takes Two;Imanes de polos opuestos para atraer o repeler;FÍSICA, CONEXIONES;2;Coordinación;Atracción y repulsión visibles;B: dos piezas de hierro de la caja hija se atraen, y girarla en la mano decide cuál sale de su ranura;juegos_C_mecanicas.csv;
C-027;It Takes Two;La voz activa mecanismos (cantar);SONIDOS;2;Escucha;Las máquinas responden al canto;G: la campanilla (la voz de la caja) hace vibrar piezas afinadas que solo se mueven con su nota;juegos_C_mecanicas.csv;
C-028;It Takes Two;Minijuegos opcionales escondidos por el mundo;OBSERVACIÓN;1;Curiosidad;Reto aparte;B: dos o tres juguetes de la sala esconden retos opcionales (un problema con fichas de shōgi);juegos_C_mecanicas.csv;
C-029;God of War (2018);Cofre Nornir: las tres runas de su frente dicen qué buscar alrededor y cada una se marca en el propio cofre al encontrarla;OBSERVACIÓN, SÍMBOLOS;2;Observación;El cofre lleva la cuenta de lo encontrado;B: la cerradura del cajón largo enseña tres marcas que se llenan de oro a medida que las encuentras por la sala;juegos_C_mecanicas.csv;
C-030;God of War (2018);Campanas: tres campanas deben sonar a la vez, dentro de un margen de tiempo;TIEMPO, SONIDOS;3;Planificación espacial y precisión;El tañido de cada campana y el cofre que se abre;B: tres campanillas de viento (fūrin) que deben sonar juntas, abrir el shoji para que el viento mueva una y tocar las otras dos con dos dedos;juegos_C_mecanicas.csv;
C-031;God of War (2018);Mecanismos giratorios: tres pilares con runas que se giran hasta coincidir con las del cofre;ROTACIÓN, SÍMBOLOS;2;Comparación;Encaje de cada pilar;C: los tres anillos del corazón con los símbolos de la cara, pero cada anillo solo gira mientras el ojo mira a otro lado;juegos_C_mecanicas.csv;
C-032;God of War (2018);Hacha que vuelve: lanzarla para congelar o mover mecanismos, y recuperarla en arco golpeando lo que encuentra;FÍSICA, ENGRANAJES;3;Puntería y previsión;Meneo de 0,1 s, arco, tres vibraciones y sonido ligado al giro;D: atascar con la llave un engranaje de la caja para que, al girar otro, solo se mueva la pieza que interesa;juegos_C_mecanicas.csv;
C-033;God of War Ragnarök;Géiseres: congelar uno sube la presión de otro, que gira una rueda, abre una compuerta o sube una plataforma;FÍSICA, CONEXIONES;3;Pensamiento de sistema;El chorro cambia y la rueda gira a la vista;F: tapar con el dedo una rendija por la que respira la caja hace salir el aliento por otra, que mueve un molinillo de papel o aparta la ceniza de una marca;juegos_C_mecanicas.csv;
C-034;God of War Ragnarök;Brasero con barril: romper el barril para derramar un líquido inflamable y prenderlo con las Espadas del Caos;COMBINACIÓN DE OBJETOS, SECUENCIA;2;Combinar herramientas;El fuego corre hasta el brasero;C: aceite de la lámpara derramado por una ranura y una brasa del incensario que lo prende para soltar un cierre de cera;juegos_C_mecanicas.csv;
C-035;God of War Ragnarök;Pistas de los compañeros con un contador para la primera pista que resultó demasiado agresivo;TIEMPO;1;Ninguna;Un personaje dice la solución;D: la caja solo da pistas tras fallos repetidos o mucho tiempo, nunca por un reloj corto, y las da con gestos (suspira hacia el sitio);juegos_C_mecanicas.csv;
C-036;Dragon Age: Inquisition;Astrario: unir estrellas para dibujar una constelación sin repetir ninguna línea, con la figura de referencia y estrellas que sobran;CONEXIONES, PATRONES;2;Lógica espacial;La constelación se completa y da una entrada de códice;F: un dibujo de un solo trazo en la tapa, pasar el cordón de seda por los clavos de la marquetería sin repetir tramo;juegos_C_mecanicas.csv;
C-037;Dragon Age: Inquisition;Fragmentos para abrir por tramos las puertas de un templo, que muchos recogían por compulsión aunque se aburrieran;SECUENCIA;1;Paciencia;Contador de fragmentos;D: nada de coleccionables por cantidad, cada objeto que se guarda tiene un uso;juegos_C_mecanicas.csv;
C-038;Grand Theft Auto V;Reconocimiento: fotografiar con gafas-cámara la alarma, la ventilación y la cámara, con medalla si salen las tres en una foto;OBSERVACIÓN, PERSPECTIVA;2;Encuadre;Foto válida;B: antes de tocar, estudiar la caja con la lupa y encontrar sus tres puntos débiles, que se dibujan solos en el cuaderno;juegos_C_mecanicas.csv;
C-039;Grand Theft Auto V;Elegir enfoque (sigilo con gas o asalto ruidoso) que cambia la ejecución del golpe;SECUENCIA, INFORMACIÓN CRUZADA;2;Planificación;El golpe cambia según el enfoque;B: elegir cómo distraer, con luz (discreto, el ojo se va despacio) o con el silbido de la tetera (rápido, pero la caja queda alerta más rato);juegos_C_mecanicas.csv;
C-040;Grand Theft Auto V;Equipo: más habilidad cobra más y falla menos, los baratos causan complicaciones y los que sobreviven mejoran;COMBINACIÓN;2;Gestión del riesgo;Botín final y complicaciones;E: la caja aprende, si repites la misma distracción cada vez dura menos;juegos_C_mecanicas.csv;
C-041;Grand Theft Auto V;Cambiar de protagonista durante el golpe para cubrir varias posiciones;MULTIZONA, TIEMPO;3;Coordinación;Corte al otro personaje;F: dejar la lámpara orientada en la vista de la sala y pasar al costado antes de que el ojo vuelva;juegos_C_mecanicas.csv;
C-042;Grand Theft Auto V;Tablero de planificación con fotos y planos antes del golpe;INFORMACIÓN CRUZADA, ORDEN;2;Deducción;El plan queda montado;B: la bandeja lacada como tablero, colocar notas y dibujos en orden para deducir la secuencia en vez de solo guardarlos;juegos_C_mecanicas.csv;
C-043;Zelda: Ocarina of Time;Templo del Agua: tres puntos cambian el nivel del agua de todo el templo y cada nivel abre caminos distintos;TRANSFORMACIÓN, MULTIZONA;4;Memoria espacial;El agua sube o baja (en 3DS, con luces de color que guían);B: la respiración de la caja como estado global, al inspirar salen unos cajones y se hunden otros, y el cambio cuesta un gesto barato y siempre se ve;juegos_C_mecanicas.csv;
C-044;Zelda: Ocarina of Time;Botas de hierro que había que ponerse desde el menú, una fricción que la versión de 3DS quitó con un botón directo;PESO;2;Ninguna;Hundirse o flotar;A: todo cambio de estado que se repite mucho se hace con un gesto directo, nunca desde el inventario;juegos_C_mecanicas.csv;
C-045;Zelda: Ocarina of Time;Pasillo retorcido: un interruptor con forma de ojo lo endereza, las puertas pasan a ser fosos, y se puede volver a torcer;ROTACIÓN, TRANSFORMACIÓN;3;Visión espacial;El pasillo gira;B: girar la caja hija un cuarto de vuelta convierte una ranura en un hueco por el que cae una pieza;juegos_C_mecanicas.csv;
C-046;Zelda: Ocarina of Time;Judías mágicas: plantar de niño en tierra blanda y, de adulto, usar la planta como plataforma;TIEMPO, CONEXIONES;2;Memoria a largo plazo;La planta ya crecida;G: dejar en el nivel 1 una semilla de té en la ceniza del incensario que en el nivel 3 ha brotado y sirve de asidero;juegos_C_mecanicas.csv;
C-047;Zelda: Breath of the Wild;Química: los elementos cambian a los materiales y entre sí, y los materiales no se cambian entre ellos;FÍSICA, TRANSFORMACIÓN;2;Experimentación;Fuego que prende, agua que apaga, viento que empuja;B: química de la sala con luz, calor, agua, aire y humo, con reglas fijas en todos los niveles;juegos_C_mecanicas.csv;
C-048;Zelda: Breath of the Wild;Stasis: congelar un objeto y golpearlo para acumular fuerza, con una flecha que crece y un color que pasa de amarillo a rojo;TIEMPO, FÍSICA;3;Previsión;Flecha y color que enseñan la fuerza guardada;C: lo que el ojo mira no se mueve pero guarda los empujones, que se ven como grietas de oro en la laca, y al parpadear sale con toda la fuerza;juegos_C_mecanicas.csv;
C-049;Zelda: Breath of the Wild;Laberinto con sensores de movimiento: inclinar la plataforma para llevar la bola, con el truco de darle la vuelta;ROTACIÓN, FÍSICA;3;Control fino;La bola rueda según la inclinación;B: inclinar el móvil para que una bolita recorra un laberinto dentro de la caja hija, con control táctil alternativo y los atajos físicos permitidos;juegos_C_mecanicas.csv;
C-050;Zelda: Breath of the Wild;Bestia Divina: mover partes de un edificio entero para cambiar los caminos de dentro;ROTACIÓN, MULTIZONA;3;Orientación;El edificio se mueve;B: girar la caja grande sobre la mesa cambia hacia dónde rueda una pieza suelta de dentro, que se oye rodar;juegos_C_mecanicas.csv;
C-051;Zelda: Breath of the Wild;Meseta inicial: cuatro santuarios dan cuatro poderes antes de dejar salir;SECUENCIA;1;Ninguna;Un poder nuevo en cada santuario;A: el nivel 1 enseña los gestos básicos, uno por mueble de la sala, antes de abrir la caja;juegos_C_mecanicas.csv;
C-052;Zelda: Breath of the Wild;Mentiras inteligentes: física retocada para que se controle mejor;FÍSICA;1;Ninguna;Respuesta más fiable que realista;A: muelles y topes que favorecen al dedo (el cajón se engancha al tope aunque el gesto no sea exacto);juegos_C_mecanicas.csv;
C-053;Zelda: Tears of the Kingdom;Ultramano: coger, girar y pegar objetos para construir;CONSTRUCCIÓN, COMBINACIÓN DE OBJETOS;3;Creatividad espacial;Las piezas quedan unidas;B: unir dos mitades rotas de una pieza con laca de oro (kintsugi) arrastrando una hasta la otra;juegos_C_mecanicas.csv;
C-054;Zelda: Tears of the Kingdom;Combinar: fusionar un objeto con un arma o un escudo para darle sus propiedades;COMBINACIÓN DE OBJETOS;2;Experimentación;El arma cambia;C: atar dos objetos de la bandeja (el cordón y la llave, para llegar al fondo de una ranura);juegos_C_mecanicas.csv;
C-055;Zelda: Tears of the Kingdom;Retroceso: rebobinar el movimiento de un objeto y montarse en él;TIEMPO, FÍSICA;3;Pensar al revés;El objeto desanda su camino;D: si la caja te ve a mitad de gesto, lo que movías vuelve atrás con el sonido invertido, sin perder la partida;juegos_C_mecanicas.csv;
C-056;Zelda: Tears of the Kingdom;Varias soluciones a propósito para que a cada jugador no le atasque siempre el mismo puzle;COMBINACIÓN;2;Creatividad;Cualquier solución válida abre;E: dos caminos válidos para cada paso clave, con la línea de visión del ojo como variable (todo lo que la corte sirve);juegos_C_mecanicas.csv;
C-057;Zelda: Echoes of Wisdom;Réplicas: copiar objetos y monstruos y pegarlos donde quieras, con un coste que limita cuántas hay;COMBINACIÓN DE OBJETOS, CONSTRUCCIÓN;2;Creatividad;Aparece la copia;H: la caja imita, si le enseñas un objeto mientras mira, crea una réplica de laca que dura mientras respira;juegos_C_mecanicas.csv;
C-058;Zelda: Echoes of Wisdom;Vínculo y vínculo inverso: el objeto copia tu movimiento o tú copias el suyo;CONEXIONES, SIMETRÍA;2;Coordinación;Movimientos enlazados;B: un hilo rojo une dos tablillas y lo que haces a una lo hace la otra en espejo;juegos_C_mecanicas.csv;
C-059;Zelda: Echoes of Wisdom;Cada réplica con una característica clara para que el jugador recuerde para qué sirve;MULTIOBJETO;1;Memoria;Uso reconocible;A: cada objeto del inventario con una propiedad principal que se recuerde (la lámpara deslumbra, el incienso adormece);juegos_C_mecanicas.csv;
C-060;Zelda: Echoes of Wisdom;Resolver puzles con cosas que no están allí;INFORMACIÓN CRUZADA, MULTIZONA;2;Memoria y creatividad;Lo traído encaja;B: la pieza que falta en el costado está en otra vista (la espalda o la sala) y hay que reconocer su forma;juegos_C_mecanicas.csv;
C-061;Super Mario Odyssey;Captura: tomar el control de criaturas y objetos y heredar sus habilidades, con la gorra y el bigote como marca;TRANSFORMACIÓN;2;Experimentación;Lo capturado lleva la gorra y el bigote;G: cuando un objeto de la sala despierta y colabora, muestra la misma cara que la caja (dos puntos y una boca);juegos_C_mecanicas.csv;
C-062;Super Mario Odyssey;Arte de pista: una imagen en un reino muestra el sitio de una luna en otro, que aparece al machacar el suelo allí;INFORMACIÓN CRUZADA, OBSERVACIÓN;3;Reconocimiento visual;La luna sale del suelo;F: el rollo colgado pinta la caja desde un ángulo raro con una marca, y hay que girar la caja hasta reconocer ese ángulo;juegos_C_mecanicas.csv;
C-063;Super Mario Odyssey;Reinos con mucha densidad de cosas en poco espacio, pensados para invitar a mirar;OBSERVACIÓN;1;Curiosidad;Casi todo lo que llama la atención da algo;A: cada vista fija con tres a cinco cosas que invitan a tocar, sin decorados muertos;juegos_C_mecanicas.csv;
C-064;Super Mario Odyssey;Tramos planos de 8 bits dentro del mundo 3D;PERSPECTIVA, TRANSFORMACIÓN;2;Adaptación;Cambio de dimensión;B: un teatro de sombras plano, las sombras del shoji sobre la pared se ordenan para formar una figura;juegos_C_mecanicas.csv;
C-065;Super Mario Odyssey;Controles por movimiento opcionales: agitar el mando acelera algunas acciones, pero todo se puede hacer con botones;FÍSICA;1;Ninguna;La acción sale con más fuerza;A: los gestos con sensores (inclinar, agitar, soplar) siempre opcionales y con un gesto táctil equivalente;juegos_C_mecanicas.csv;
C-066;Hellblade: Senua's Sacrifice;Puertas con runas: buscar en el entorno formas que, vistas desde un punto, dibujan la runa (sombras, árboles que se cruzan, quemaduras);PERSPECTIVA, SÍMBOLOS;2;Observación y búsqueda;Con todas emparejadas, la puerta deja pasar;C: girar la caja hija en la mano hasta que dos medias marcas de dos caras formen el emblema de la caja, solo con el ojo grande mirando a otra parte;juegos_C_mecanicas.csv;
C-067;Hellblade: Senua's Sacrifice;Un puente roto en el aire que se ve entero desde un ángulo;PERSPECTIVA, RECONSTRUCCIÓN;3;Visión espacial;El puente queda entero;B: las piezas sueltas de la máscara flotan en el humo y, desde la vista de la cara, encajan;juegos_C_mecanicas.csv;
C-068;Hellblade: Senua's Sacrifice;Voces binaurales que a veces orientan y a veces engañan;SONIDOS;2;Escucha;Voces a izquierda y derecha;B: con auriculares, el latido de la caja suena del lado donde está lo que se busca, sin voces que asusten;juegos_C_mecanicas.csv;
C-069;Senua's Saga: Hellblade II;Enfoque que encaja la cámara en la solución (criticado por trivial);PERSPECTIVA;1;Ninguna;La cámara apunta sola;D: nunca encajar la cámara en la solución, la lupa ayuda a mirar pero no resuelve;juegos_C_mecanicas.csv;
C-070;Stellar Blade;Torre del reloj: la hora que marca (las 12:25 en números romanos) es el código de la puerta;SÍMBOLOS, OBSERVACIÓN;2;Observación;La puerta se abre;B: la varilla de incienso hace de reloj con marcas, y la hora a la que se apaga es el código de un cajón;juegos_C_mecanicas.csv;
C-071;Stellar Blade;Arca perdida: seis letras de terminales que se ordenan por su posición en el mapa, desde el norte y en el sentido de las agujas;INFORMACIÓN CRUZADA, ORDEN;3;Deducción espacial;El código abre el arca;B: un kanji en cada costado y la nota dice «da la vuelta como el sol», así que el orden es el de los costados al girar la caja;juegos_C_mecanicas.csv;
C-072;Stellar Blade;Igualdades abstractas que esconden una operación y dan un código;PATRONES;3;Lógica matemática;Código aceptado;D: nada de matemáticas sueltas, los códigos salen de cosas del mundo de la caja;juegos_C_mecanicas.csv;
C-073;Stellar Blade;Escaneo por pulso desde el panel táctil que marca enemigos, objetos y cuerpos, con recarga;OBSERVACIÓN;1;Ninguna;Resaltado temporal;D: nada de escaneo, el humo que se escapa de las rendijas es lo que señala dónde mirar;juegos_C_mecanicas.csv;
C-074;Stellar Blade;Botón «Pista» del teclado que muestra los códigos ya encontrados;MEMORIA;1;Ninguna;Lista de códigos conocidos;A: lo que el jugador ya vio queda en el cuaderno y se ofrece al llegar a la cerradura, sin copiar a mano;juegos_C_mecanicas.csv;
C-075;Black Myth: Wukong;Tres campanas repartidas por el capítulo, y al tocar la tercera el juego te lleva a un área secreta;SONIDOS, MULTIZONA;2;Exploración;Tañido y transporte inmediato;B: tres campanillas escondidas en la sala, y al sonar la tercera la caja abre un compartimento opcional;juegos_C_mecanicas.csv;
C-076;Black Myth: Wukong;Reliquias de los seis sentidos: una por capítulo, y la historia gira en torno a reunirlas;SECUENCIA, MULTIZONA;2;Constancia;Reliquia con mejoras;G: ya está en la cara de la caja (cuerno, ojo y voz), con la diferencia de que cada pieza cambia lo que la caja hace y se ve volver a su sitio;juegos_C_mecanicas.csv;
C-077;Black Myth: Wukong;Metasecreto: el área secreta del capítulo 3 exige haber hecho todas las demás y una misión;SECUENCIA;3;Constancia;Área nueva y final secreto;A: un epílogo opcional que pide los tres secretos de los niveles;juegos_C_mecanicas.csv;
C-078;Black Myth: Wukong;Secretos sin pista en el mundo y muros invisibles (criticados);OBSERVACIÓN;3;Exploración a ciegas;Ninguno hasta encontrarlo;D: todo secreto tiene una pista en el mundo y todo lo que parece accesible lo es;juegos_C_mecanicas.csv;
R-001;The Room, The Room Two, The Room Three, Old Sins;Sistema de vistas: cámara orbital alrededor de un objeto iluminado, doble toque a encuadres fijados de antemano y pellizco para subir un nivel (sala, objeto, detalle) (R1-1.1, R2-C.1, OS-T4);OBSERVACIÓN, PERSPECTIVA;1;manejo de la cámara;el doble toque viaja en unos 0,5 s al detalle (vídeo) y el pellizco vuelve con una transición suave, y en Old Sins hubo quien salió sin querer de una habitación al pellizcar (GaG);A: ya existe en La caja viva (sala, caja, costado, incensario, cara y caja en la mano), y conviene mantener la jerarquía y que de cerca la cámara quede quieta, como pidió el usuario;the_room_mecanicas.csv;
R-002;The Room, The Room Two, The Room Three, Old Sins;Cámara guiada a la consecuencia: tras un logro la cámara viaja sola a lo que cambió o suena desde allí (R1-1.2, R1-2.7, R1-2.13, R2-S.3, R1-4.2, OS-E1);OBSERVACIÓN, MULTIZONA;1;ninguna;la cámara gira o se aleja sola (MM), da una vuelta de 360° a la casa (LW) o viaja a otro puesto (WK);A: una función común que lleva la cámara al cambio en menos de un segundo (la trampilla que da luz, la cuenca que se ilumina), y nunca una consecuencia fuera de la vista;the_room_mecanicas.csv;
R-003;The Room, The Room Two, The Room Three, Old Sins;Anamorfosis y perspectiva forzada: fragmentos que forman una cifra, un símbolo o un pasillo recto solo desde un ángulo (R1-2.3, R1-2.9b, R1-2.17, R1-E.5b, R2-T.10, R3-3.1, R3-CF8, OS-T4, OS-E9, OS-E10);PERSPECTIVA, SÍMBOLOS;3;visión espacial;la figura encaja de golpe y llega un destello, o la placa se vuelve blanca y desaparece (MM);B: el perfil completo de la cara solo se ve desde donde mira el ojo de la caja hija, y el jugador busca lo que ve la caja (riesgo medio: sin fragmentos flotantes);the_room_mecanicas.csv;
R-004;The Room Two;Ritual de cierre de sala: con el ocular, alinear unas varillas hasta que formen el símbolo para abrir la puerta (R2-C.7, R2-S.12, R2-T.17, R2-L.12);PERSPECTIVA, SÍMBOLOS;2;visión espacial;la puerta se abre, e IGN critica que todas las salas terminen casi con el mismo puzle;B: no copiar las varillas (prohibido): el cierre propio es devolver una pieza a la cara y que la caja respire hondo, creciendo en cada nivel;the_room_mecanicas.csv;
R-005;The Room Two;Ver desde el punto de vista de otro objeto: doble toque a un espejo y apuntar el láser desde su posición (R2-L.4, R2-L.6);PERSPECTIVA, REFLEJOS;2;orientación espacial;la vista se pone de un rojo intenso al acertar (WK);H: cámara subjetiva desde el ojo de la caja para comprobar qué ve y qué no ve antes de tocar (una vista nueva que sirve a la regla de la mirada);the_room_mecanicas.csv;
R-006;The Room Two, The Room, Old Sins;Mecanismo oculto que se maneja viéndolo por ventanitas, por su cara trasera o con rayos X (R2-S.5, R1-E.7, OS-E12);OBSERVACIÓN, MULTIOBJETO;3;razonamiento mecánico;cada cerradura gira una rueda y abre un cuarto de la rueda central (MM);B: rendijas entre las tablillas de la caja hija que dejan ver sus muelles, o el papel washi a contraluz del andon que deja ver lo que hay dentro;the_room_mecanicas.csv;
R-007;The Room, The Room Three, Old Sins;Puzle-indicador: una consola, un cuadro, un diagrama o una mirilla enseña la meta antes de poder resolverla (R1-4.3, R1-4.4, R3-1.2, OS-C4, OS-A2);PATRONES, INFORMACIÓN CRUZADA;2;observación;un destello al completar la figura (MM) o una escena del Artesano cruzando la sala (AU, FW);B: el rollo colgado (kakemono) pinta la cara completa o la sala como debe quedar, y así dice qué hay que formar;the_room_mecanicas.csv;
R-008;The Room, The Room Two, The Room Three, Old Sins;Herramienta que revela una capa oculta (el ocular): texto, huellas, trayectorias, imágenes que cambian, y superficies que piden usarla (R1-1.6, R1-2.5, R2-S.5, R2-S.7, R3-1.3, OS-T3);OBSERVACIÓN, TRANSFORMACIÓN;2;observación;al ponerlo se cierran los bordes, aparece aberración de color y se estrecha la vista (Pratt, vídeo), y en Three y Old Sins suena un timbre suave donde hay algo (FW);B: sin lente ni filtro de pantalla (prohibido): lo oculto lo revelan la luz del andon, el calor de su llama o la mirada del ojo nuevo, que hay que dirigir;the_room_mecanicas.csv;
R-009;The Room, The Room Two;Huellas ocultas que señalan dónde pulsar o deslizar (R1-2.1, R1-3.1, R1-3.7b, R1-4.2, R1-E.1, R2-C.2, R2-D.3);OBSERVACIÓN;1;observación;no consta más allá de que el panel cede (las guías no lo describen);F: marcas de dedos en la laca que solo se ven con la luz rasante del andon acercado a la caja;the_room_mecanicas.csv;
R-010;The Room, The Room Two, The Room Three, Old Sins;Herramienta incompleta o rota como meta, que se completa, se repara o se mejora (R1-1.2, R1-1.5, R2-C.2, R2-L.10, R3-1.4, OS-T3);RECONSTRUCCIÓN, TRANSFORMACIÓN;1;ninguna;la lente se monta sola en el ocular (WK, DT) y la verde deja ver «even more hidden symbols» (PG);A: la cara incompleta (sin cuerno, sin ojo y con la boca sellada) ya es la meta rota que tira del jugador, y cada pieza que vuelve la mejora;the_room_mecanicas.csv;
R-011;Old Sins;Alternar con y sin la capa oculta para manejar dos capas de un mismo mecanismo (OS-G1, OS-G2);PERSPECTIVA, MULTIZONA;3;coordinación entre capas;la cadena se rompe y se abre un cajón (AU);D: dos estados de la caja, ojo abierto y ojo cerrado: unas piezas solo se mueven con el ojo cerrado y otras solo con el ojo abierto;the_room_mecanicas.csv;
R-012;The Room, The Room Three;Acertijo cuya respuesta ya está escrita o representada en el objeto (R1-1.3, R3-1.3);INFORMACIÓN CRUZADA, OBSERVACIÓN;2;lectura y pensamiento lateral;se abre un hueco o una ranura;G: adivinanzas con la letra de la caja cuya respuesta es algo tallado en ella (un animal del zodiaco, la voz que no tiene);the_room_mecanicas.csv;
R-013;The Room, The Room Two, The Room Three, Old Sins;Código escondido en el mundo y candado o teclado que lo pide, incluidas secuencias de interruptores sacadas de un mensaje (TRIAL, SIGIL, SESWN, ROSE, KHAN, 25BF, PYRE, y R2-D.8);CERRADURAS, INFORMACIÓN CRUZADA;2;memoria y observación;la cámara gira sola y se abre el sello (MM), y la crítica dice que funciona cuando el código está escondido con ingenio, no cuando es «otro código» (interpretación del análisis del proyecto);D: sin códigos escritos: claves hechas de sonidos de la sala, de caricias en la cara o de cuánto se abre cada cajón;the_room_mecanicas.csv;
R-014;The Room, The Room Two;Código que sale de una máquina o de una imagen: película de zoótropo, foto en un visor, película de otro visor (R1-2.5, R1-3.4, R2-D.5, R2-L.8);OBSERVACIÓN, CONSTRUCCIÓN;3;memoria y montaje;una película de un hombre sin rostro con susurros que suben (TA);C: un farolillo giratorio de sombras (sōmatō) montado con piezas de la sala cuyas siluetas en el shoji enseñan el orden de un paso, riesgo medio;the_room_mecanicas.csv;
R-015;The Room, The Room Two, Old Sins;Símbolos repartidos por el objeto o la sala que se reproducen en un mecanismo (R1-2.8, R1-2.13, R1-E.4, R2-L.11, OS-E5a);SÍMBOLOS, INFORMACIÓN CRUZADA;3;memoria espacial;no consta en las guías para la mayoría, salvo los símbolos que se encienden (OS-E5a) o un rayo hacia la puerta (MM);B: animales del zodiaco tallados en sitios distintos de la caja, cada uno con un número de pétalos que dice su casilla en la rueda;the_room_mecanicas.csv;
R-016;The Room Two;Instrucciones de recorrido sobre un mapa: cartas con rumbos que mueven un barco por casillas (R2-S.6);SECUENCIA, INFORMACIÓN CRUZADA;3;seguir instrucciones;el barco se mueve y un destello despeja la niebla (MM);F: una ficha de go que se mueve por las casillas del tatami con los pasos que dicta una nota de la caja;the_room_mecanicas.csv;
R-017;The Room;Código leído en las caras de un objeto: girarlo y anotar lo que se ve en cada cara (R1-4.5, R1-4.6);PERSPECTIVA, INFORMACIÓN CRUZADA;3;visión espacial;no consta;B: cada cara de la caja hija lleva un trozo de un dibujo de marquetería que solo se completa al girarla en la mano;the_room_mecanicas.csv;
R-018;The Room Three;Regla de doble entrada sin explicar que se descubre probando (R3-2.3);PATRONES, SÍMBOLOS;4;deducción por prueba;cada letra se enciende al acertar su par;F: una tabla del calendario tradicional (doce animales por cinco elementos) en la que el ojo elige la fila y el dedo la columna;the_room_mecanicas.csv;
R-019;The Room Two;Bucle de información: la salida de una máquina es la entrada de otra (palabra, mensaje, cartas, palabra) (R2-D.7);INFORMACIÓN CRUZADA, SECUENCIA;3;deducción;la sala tiembla (MM);G: una conversación con la caja: le enseñas un objeto, ella mira otro, y ese segundo objeto es la siguiente pregunta;the_room_mecanicas.csv;
R-020;Old Sins;Dibujos-mapa: un boceto, un rollo o un grabado dicen dónde va algo en otra habitación (OS-J4);INFORMACIÓN CRUZADA, MULTIZONA;2;observación y orientación;cada soporte se abre y da el siguiente huevo (AU);B: dibujos de la caja en sus notas que muestran un rincón de la sala (el pie del andon, bajo la tetera), cada uno lleva al siguiente;the_room_mecanicas.csv;
R-021;The Room Three, Old Sins;Reglas conocidas del mundo real: el salto del caballo, la cadena alimentaria, el crecimiento, las fases de la luna, los oficios o las sumas (R3-3.9a, OS-M4, OS-E3, OS-K4, OS-K1, R3-CF5);ORDEN, SECUENCIA;2;lógica;el fondo se abre (AU) o se enciende «LIBRARY» (R3-CF5), y la regla ya sabida da rapidez;F: reglas japonesas reales: el salto del caballo del shōgi, la carrera de los doce animales o el orden de las estaciones;the_room_mecanicas.csv;
R-022;The Room, The Room Two, The Room Three, Old Sins;Notas y cartas como narrativa y, a veces, como pista (R1-1.3, R2-S.1, R2-S.6, R3-2.2, R3-3.14, OS-V1);INFORMACIÓN CRUZADA;1;lectura;en Old Sins la tinta invade el libro y deja ver la entrada (LW), e IGN critica en Two que no haya registro y que muchas sean pistas falsas;G: notas escritas por la propia caja, pocas y siempre útiles, guardadas en la bandeja para releerlas (ya existe);the_room_mecanicas.csv;
R-023;The Room, The Room Two, The Room Three, Old Sins;Usar una llave: arrastrarla del inventario a la cerradura y girarla con el dedo (R1-1.2, R2-T.7, R3-1.1, OS-A4);LLAVES, CERRADURAS;1;usar el inventario;«a satisfying thunk» (TA), y si no encaja, «The key doesn't fit like this» con un golpe metálico y sin movimiento (vídeo);A: ya existe (la llave de bambú gira en círculo en el león), dar más peso al giro: que resista un poco al principio y ceda con un golpe seco;the_room_mecanicas.csv;
R-024;The Room, The Room Three;Llave configurable y cerradura que cambia: ajustar la llave en el inventario según el contorno de la cerradura, y cerraduras que cambian de forma tras usarse (R1-1.4, R1-2.10, R1-2.12, R1-3.10, R3-4.16, R3-CF4);LLAVES, TRANSFORMACIÓN;2;visión espacial;el ocular dibuja el contorno de la llave correcta (MM) y la cerradura cambiada anuncia que se volverá (PG: «we'll be back»);B: la llave de bambú cuyos dientes se doblan en el inventario según el ojo de la cerradura del cajón largo, y la cerradura del león que cambia tras el nivel 1;the_room_mecanicas.csv;
R-025;The Room, The Room Two;Llave de varias posiciones o brazos que abre cosas distintas (R1-E.5a, R2-D.2 a R2-D.6);LLAVES, TRANSFORMACIÓN;2;experimentación;no consta;B: la llave de bambú gira a tres tiempos en el león: uno abre la tapa, otro aviva las brasas y el tercero suelta su lengua;the_room_mecanicas.csv;
R-026;The Room Three;Fabricar la llave: copiar el perfil de la cerradura en un molde y forjarla, con la opción de refundir si sale mal (R3-4.8, R3-4.13);CONSTRUCCIÓN, LLAVES;3;observación y copia;la cámara sube y enseña el fuego (PG) y la llave cae a un cubo de agua;B: sin forja ni moldes (control de originalidad): tallar los dientes de una llave de bambú con un gesto por diente, y si sale mal la caja la escupe para empezar otra vez;the_room_mecanicas.csv;
R-027;The Room, The Room Two;Dial de caja fuerte: girar alternando el sentido hasta soltar pestillos que dejan de contar (R1-2.11a, R1-3.3, R2-D.10);DIALES, SECUENCIA;3;tacto y escucha;el pestillo suelto deja de contar (PG), y la pista suele ser física: topes y clics (interpretación del análisis del proyecto);B: la tapa de la cajita que solo cede si se gira en el sentido en que respira la caja (a un lado al inspirar, al otro al espirar);the_room_mecanicas.csv;
R-028;The Room, The Room Two, The Room Three;Anillos o discos concéntricos que se alinean para completar un dibujo o un agujero (R1-1.6, R1-2.6, R2-C.3, R2-S.1, R2-T.16, R3-2.16);ROTACIÓN, PATRONES;2;rotación y patrones;la puerta hace clic y se abre (MM, vídeo) o una placa se aparta (MM);B: los anillos del corazón final con el cuerno, el ojo y la voz, con la cara como referencia fija;the_room_mecanicas.csv;
R-029;The Room Three, Old Sins;Discos o cuñas acoplados: girar uno arrastra a los otros (R3-2.6, OS-K3);ROTACIÓN, ENGRANAJES;3;lógica;las letras o las cabezas quedan derechas a la vez;B: tres anillos acoplados en el corazón: mover el del cuerno arrastra al del ojo, y hay que encontrar el orden;the_room_mecanicas.csv;
R-030;The Room Two, Old Sins;Estado compartido: el resultado depende de la posición final de varias piezas, como cajones que hacen de combinación (R2-D.3, OS-E7);ORDEN, MULTIOBJETO;3;deducción;los cajones se unen en uno (R2-D.3);A: los cajones del costado de La caja viva como combinación: cuánto queda abierto cada uno (uno, dos o tres dedos) según una nota, con los gestos de tirar que ya existen;the_room_mecanicas.csv;
R-031;The Room, The Room Two, The Room Three, Old Sins;Correderas y paneles que tapan cerraduras, con el desgaste o el color de excepción que delata la pieza móvil y secuencias de topes (R1-1.4, R1-2.4, R2-T.4, OS-M2);DESLIZAMIENTO, OBSERVACIÓN;1;observación;roce, tope y clic (interpretación del análisis del proyecto) y la corredera que se abre (vídeo);B: desgaste honesto en la laca (brillo de dedos solo donde una mano tocaría) y tablillas que piden ir al tope de un lado, al otro y al centro, como las cajas de Hakone;the_room_mecanicas.csv;
R-032;The Room, The Room Two, The Room Three, Old Sins;Dos dedos a la vez o dos manos: pulsar, girar o sujetar con una mano y mover con la otra (R1-3.7b, R2-C.5, R2-T.7, R3-2.1, R3-3.3, R3-5.17, OS-V5, OS-M3, OS-G2);PALANCAS, DESLIZAMIENTO;2;coordinación;un botón solo no hace nada (AU), y es muy táctil, con cuidado por la accesibilidad (interpretación del análisis del proyecto);A: sujetar abierta la tapa del cajón largo con un dedo mientras el otro saca la ficha de shōgi;the_room_mecanicas.csv;
R-033;Old Sins;Mantener pulsado hasta que algo se carga o se abre (OS-V3, OS-E1);SÍMBOLOS, TIEMPO;1;gestos;un brillo que crece hasta que todos los símbolos brillan (AU, LW);A: mantener el dedo en la frente de la caja hasta que se calma y deja de respirar (un gesto que ya pide la regla de la mirada);the_room_mecanicas.csv;
R-034;The Room Three, Old Sins;Trazar un símbolo con el dedo (R3-2.5, R3-5.15, OS-A3, OS-A4);SÍMBOLOS, PATRONES;2;precisión;una línea brillante, y en Old Sins una capa del cuadro se quema (AU, LW);F: trazar con el dedo un carácter en la ceniza del incensario, como una pincelada de caligrafía;the_room_mecanicas.csv;
R-035;The Room Two, Old Sins;Frotar con el dedo: arena, pedernal o un cristal sucio (R2-T.9, R2-T.13, OS-C3);OBSERVACIÓN, TRANSFORMACIÓN;1;exploración;un destello (MM) o una mecha que cruza la sala (MM);A: el dedo ya aparta el polvo y el humo en la página: que alguna vez descubra un dibujo bajo la ceniza;the_room_mecanicas.csv;
R-036;The Room;Inclinar el aparato para mover bolas o correderas (R1-2.9a, R1-4.1);FÍSICA, PESO;2;destreza;las bolas se encienden (MM), y en PC se rehicieron todos los puzles de inclinar (GH);E: inclinar el móvil para ladear el humo del incensario o hacer rodar una cuenta en la caja hija, siempre opcional y con alternativa de arrastre;the_room_mecanicas.csv;
R-037;The Room Two, Old Sins;Apuntar y disparar con una herramienta montada: ballesta o arpón (R2-T.5, R2-T.14, OS-M5);FÍSICA, PERSPECTIVA;2;puntería;si falla hace falta otro virote (PG), si acierta gira un muro (MM) o la campana cae fuera de la casa (AU, LW);F: lanzar con el dedo una ficha de go por la mesa, con un gesto de catapulta, hasta que golpee el pestillo de la tetera;the_room_mecanicas.csv;
R-038;The Room, The Room Two, The Room Three;Manivela, rueda o palanca que acciona una máquina, a veces deprisa o en ciclos (R1-2.13, R1-2.15, R2-X.1, R2-L.3, R2-T.8, R3-4.5);PALANCAS, ENGRANAJES;1;manipulación;una chispa y la aguja al máximo (MM), grietas (MM) o el agua que mueve la rueda (AU, PG);F: dar cuerda con una manivela a un muñeco autómata del té (karakuri) para que lleve la taza a la caja;the_room_mecanicas.csv;
R-039;The Room, The Room Two, Old Sins;Tornillos y herramienta reutilizable que vuelve al inventario tras cada uso (R1-1.5, R1-2.14, R2-L.1, R2-L.7, OS-T1);DESMONTAJE;1;uso de herramientas;el destornillador vuelve al inventario tras cada tornillo (MM) y la placa cae (MM);A: una horquilla del pelo (kanzashi) que sirve varias veces para soltar pasadores de la caja;the_room_mecanicas.csv;
R-040;The Room, The Room Two, The Room Three, Old Sins;Puzle de bolsillo: un objeto del inventario con su propio mecanismo que guarda otra cosa (R1-2.2, R1-2.16, R1-3.2, R1-E.3, R2-C.5, R3-1.4, OS-M4);TRANSFORMACIÓN, DESMONTAJE;2;manipulación y exploración;el objeto se despliega o se abre en dos (vídeo), «each object you find is often one, too» (TA);A: ya existe con la cajita roja del nivel 2, y puede haber uno por nivel (un inro con pisos que giran, una figurita netsuke que se abre);the_room_mecanicas.csv;
R-041;The Room, The Room Two, The Room Three, Old Sins;Transformar un objeto en otra herramienta: la cajita que es llave, la campana que es engranaje, la caja que es escalera (R1-3.8b, R2-S.8, R2-D.9, R3-4.10, OS-M1, OS-M6);TRANSFORMACIÓN, LLAVES;2;pensamiento lateral;no consta en la mayoría, el objeto cambia de forma en la vista de examen;B: la ficha de shōgi se da la vuelta a su cara promocionada (como en el shōgi real) y con ese carácter encaja en otro hueco;the_room_mecanicas.csv;
R-042;The Room, The Room Two, The Room Three, Old Sins;Montar una máquina con piezas en el mundo: zoótropo, ballesta, cámara de fotos, cargador o tren (R1-2.5, R1-2.15, R2-T.2, R2-D.1, OS-E9);CONSTRUCCIÓN, COMBINACIÓN DE OBJETOS;3;memoria de inventario y montaje;la máquina terminada cobra vida (TA), el escritorio se abre de golpe (PG) o la vista salta al reloj (WK);F: completar un muñeco karakuri con dos ruedas que faltan, para que sirva el té a la caja;the_room_mecanicas.csv;
R-043;The Room, The Room Two, The Room Three, Old Sins;Huecos con la silueta de la pieza que falta (R2-S.9, R3-1.6, OS-E1, OS-A1);COMBINACIÓN DE OBJETOS, OBSERVACIÓN;1;observación de siluetas;avisos de una línea: «Something is missing», «va en la casa» (LW, vídeo);A: ya existe el hueco con forma de ficha de shōgi en la espalda: un hueco por nivel que se ve desde el principio;the_room_mecanicas.csv;
R-044;The Room, The Room Two, The Room Three, Old Sins;Contador de progreso o centro donde se colocan las piezas: globo de cuatro piezas, colección de insectos, campanas, pirámides o casa de muñecas (R1-3.11, R2-L.9, R3-1.6, R3-F.1, OS-E1);MULTIOBJETO, CONSTRUCCIÓN;1;ninguna;la pieza encaja y el centro cambia a la vista (la casa se ilumina, LW);A: la cara de la caja como contador (cuerno, ojo y voz) que se ve en la página y en la tarjeta de cada nivel (ya existe);the_room_mecanicas.csv;
R-045;The Room Two, The Room Three;Reparar: una herramienta que falla adrede, o un mecanismo que vuelve a la vida (R2-L.7, R2-S.10, R3-4.15, R3-5.2);RECONSTRUCCIÓN, DESMONTAJE;2;adaptación;el cargador se rompe, o el reloj se endereza y anda (WK);D: la llave de bambú se astilla en la cerradura del cajón largo y hay que rehacerla, o el papel roto del andon que hay que remendar para que vuelva a distraer al ojo;the_room_mecanicas.csv;
R-046;The Room Two;Molde o recipiente que transforma lo que se cierra dentro (R2-T.15);TRANSFORMACIÓN;2;experimentación;no consta;H: un cajón que, al cerrarse con algo dentro, lo devuelve cambiado: la caja «digiere» (riesgo medio de parecido);the_room_mecanicas.csv;
R-047;The Room, The Room Two, The Room Three, Old Sins;Llevar un haz de luz o un láser con espejos y reflectores hasta un blanco (R1-3.7a, R1-3.10, R2-L.4, R2-L.10, R3-4.1, R3-4.12, R3-F.2, OS-E11c);REFLEJOS, LUCES;3;razonamiento espacial;el rayo llega y algo sube o se ilumina (MM), la vista se pone roja al acertar (WK);B: un espejo de mano (kagami) lleva la luz del andon hasta la cara para que el ojo nuevo mire donde queremos (el reflejo guía una mirada);the_room_mecanicas.csv;
R-048;The Room Two;Iluminar a oscuras con una lámpara que se mueve, y zonas que aparecen al iluminarse (R2-C.6, R2-S.3);LUCES, OBSERVACIÓN;2;exploración;el foco pasa solo a la pared siguiente (MM) y la cámara viaja a la zona iluminada (MM, WK);A: coger el andon y llevarlo por la sala: lo que alumbra revela marcas y abre zonas (encaja con la capa oculta propia);the_room_mecanicas.csv;
R-049;The Room Three;Sombras que forman una silueta al girar piezas o espejos (R3-3.11, R3-4.12);SOMBRAS, PATRONES;3;visión espacial;la silueta coincide y la cámara lleva a un botón (AU, PG);B: girar la caja hija en la mano frente al andon hasta que su sombra en el shoji forme el perfil de un animal (riesgo medio);the_room_mecanicas.csv;
R-050;The Room Three, Old Sins;Sintonizar con feedback continuo: igualar una onda o una radio que mejora cuanto más cerca se está (R3-1.8b, OS-C5, OS-C6);SONIDOS, PATRONES;2;oído y ajuste fino;el tono sube cuanto más se parecen las ondas (FW), y la voz se aclara y la luz se pone verde (AU, LW);E: afinar la campanilla girando su badajo hasta que su nota coincida con la que tararea la caja, mientras el ojo se relaja cuanto más cerca;the_room_mecanicas.csv;
R-051;The Room, The Room Three, Old Sins;Memoria de secuencias sonoras: repetir melodías o tocar campanas en orden (R1-E.6, R3-CF6, OS-E5a);SONIDOS, MEMORIA;2;memoria auditiva;el piano toca (AU) y los símbolos se encienden (AU, LW);G: la caja tararea con su campanilla y el jugador repite tocando la cara, siempre con señal visual además del sonido;the_room_mecanicas.csv;
R-052;The Room Three, Old Sins;Circuitos: unir polos o piezas para cerrar un circuito y encender luces (R3-1.8a, OS-T1, OS-G3);CONEXIONES, LUCES;2;lógica;las bombillas se encienden, o luces y un ventilador que gira (AU);B: girar las caras de un farolillo de cuatro lados hasta que sus vetas pintadas se unan de dos en dos y se encienda;the_room_mecanicas.csv;
R-053;The Room, The Room Two, The Room Three;El momento justo y el ritmo: contrarreloj, parar ruedas, abrir vías a tiempo, seguir a un automático o mover solo mientras se gira (R1-3.9, R1-2.14, R3-3.6, R3-3.10, R3-4.2, R3-CF2);TIEMPO;3;timing;la aguja baja y, si se llega tarde, se reinicia (MM), y las reseñas critican la destreza cuando aparece (interpretación del análisis del proyecto);E: el parpadeo lento del ojo como ventana de tiempo, generosa y anunciada, y nunca un reloj que castiga;the_room_mecanicas.csv;
R-054;The Room, The Room Two, The Room Three;La hora como clave de un reloj (R1-2.18, R2-S.11, R3-3.14);TIEMPO, INFORMACIÓN CRUZADA;3;memoria;se abren el sello y la caja (MM) o suena la campana grande (AU, PG);F: un reloj de incienso (kōdokei) en el que lo que queda por quemar marca la hora, sin hora escrita al dorso de nada (control de originalidad);the_room_mecanicas.csv;
R-055;The Room Three;Tiempo real del aparato: un reloj que solo se abre a ciertas horas reales (R3-CF1);TIEMPO;4;paciencia;no consta;E: un secreto opcional: de madrugada real la caja duerme más hondo, y nunca bloquea el avance;the_room_mecanicas.csv;
R-056;The Room, The Room Two, The Room Three;Laberintos: una bola o una pieza que se lleva girando una plataforma, unos anillos o dos mandos, y el laberinto en primera persona (R1-3.2, R1-E.2, R1-E.9, R2-D.4, R3-3.5, R3-4.13, R3-5.16, R3-CF3);LABERINTO, ROTACIÓN;2;planificación;la bola llega y un cajón salta (vídeo), y TA vio inútil el laberinto en primera persona;B: la caja hija como laberinto entero: girarla en la mano hace caer una cuenta por sus agujeros hasta su hueco (sin laberintos en primera persona);the_room_mecanicas.csv;
R-057;The Room Two;Perseguidor en un tablero: una pieza enemiga que sigue a la del jugador y hay que atrapar (R2-T.6);LABERINTO, ORDEN;3;anticipación;no consta;H: el ojo sigue a la ficha del jugador como un perseguidor, y hay que llevarlo a una casilla desde la que no ve la meta;the_room_mecanicas.csv;
R-058;The Room, The Room Two, The Room Three;Deslizantes, intercambios y saltos de fichas (R1-E.8a, R2-D.6, R3-4.4, R3-4.10, R3-5.14);DESLIZAMIENTO, ORDEN;2;planificación;no consta en la mayoría, y en el salto de gemas hay botón de reinicio (PG);B: las piezas del mosaico yosegi de la tapa como deslizante de pocas piezas cuyo dibujo final es la cara completa;the_room_mecanicas.csv;
R-059;The Room Three;Imanes que empujan o atraen piezas en una rejilla (R3-2.7);FÍSICA, PATRONES;4;razonamiento espacial;se abre el cerrojo superior y luego el inferior;E: limaduras de hierro bajo el papel del shoji que siguen a dos piedras imán y dibujan el camino de un cerrojo;the_room_mecanicas.csv;
R-060;The Room Three;Árbol de combinaciones: cada pieza mezcla las dos que tiene encima (R3-1.7);SÍMBOLOS, COMBINACIÓN;2;lógica;se mueven dos espadas y el árbol sube (AU, FW);F: un árbol de blasones familiares (kamon) en la tapa al que le falta uno, que se compone con piezas del mosaico (riesgo medio);the_room_mecanicas.csv;
R-061;The Room Three, Old Sins;Copia, espejo e inversión: reproducir un panel vecino, una máscara o un cuadro, o compensar un brazo que invierte las piezas (R3-2.15, OS-E2, OS-E4, OS-E11b, OS-A2, OS-M6);SIMETRÍA, PATRONES;2;simetría y copia;el cuadro brilla (AU), y la copia es buena para enseñar un mecanismo (interpretación del análisis del proyecto);A: la mitad buena de la máscara de la caja como modelo de la mitad dañada, y lo que gira en la caja hija gira al revés en la grande;the_room_mecanicas.csv;
R-062;The Room Two;Puestos de una sala: varios objetos-puzle en una habitación entre los que se viaja, con piezas para puestos lejanos (R2-S.1 a R2-S.12, R2-T.1 a R2-T.17);MULTIZONA;2;memoria espacial;«which table was it on?» (TA), e IGN: si te atascas, «check somewhere else»;B: pocos puestos y muy distintos (sala, caja, costado, incensario, cara y mano), con la consecuencia siempre a la vista para no perderse;the_room_mecanicas.csv;
R-063;The Room Two;Dos estados del mismo objeto: un espejo alterna la caja entre madera y oro, y lo de un estado sirve en el otro (R2-T.9 a R2-T.12);TRANSFORMACIÓN, MULTIZONA;3;memoria;un destello y la maqueta convertida en castillo dorado (MM);D: la caja con el shoji abierto (luz de luna) y cerrado (luz del andon) enseña dos caras de su talla, y el espejo nunca transforma la caja (control de originalidad);the_room_mecanicas.csv;
R-064;The Room Three, Old Sins;Entrar en lo pequeño (superzoom) en cerraduras, maquetas y casas de muñecas, incluida la recursión (R3-1.5, R3-2.4, R3-2.11, OS-E7, OS-D1);ESCALA;2;exploración y orientación;partículas que piden entrar, un suave timbre (FW) y el asombro de escala, y los maniquíes de cada nivel que se completan al salir (AU, FW);B: prohibido entrar en lo pequeño: el cambio de escala propio es la caja hija en la mano y la cadena caja, caja hija, cajita y ojo (ya en el nivel 2);the_room_mecanicas.csv;
R-065;The Room Three;Causalidad entre escalas: lo que se hace en la maqueta pasa en la sala real (R3-2.1, R3-2.9, R3-5.10, R3-5.12);ESCALA, TRANSFORMACIÓN;3;pensamiento lateral;la sala entera sube un piso (AU, PG, FW) o el suelo se rompe también en la sala real (AU, FW);B: sin maquetas: lo que hace la caja cambia la sala (si cierra el ojo, el humo y las polillas se quedan quietos), riesgo bajo;the_room_mecanicas.csv;
R-066;Old Sins;Red de recursos entre habitaciones: agua, fuego, vapor o un montaplatos llevan algo de una sala a otra (OS-E8, OS-E13, OS-E14, OS-K2, OS-C3);MULTIZONA, CONEXIONES;3;memoria espacial y causalidad;una escena muestra cómo sube el agua (AU, LW) y el estudio explota y se cierra (AU, LW);F: un recurso que se lleva en la mano dentro de la misma sala (el té de la tetera vertido en un canalillo de la caja), sin red entre habitaciones;the_room_mecanicas.csv;
R-067;Old Sins, The Room Three;Señales que viajan entre salas: una radio que se aclara desde otra sala o un teléfono que graba (OS-C5, OS-C6, R3-CF7);SONIDOS, MULTIZONA;4;pensamiento lateral;la voz se aclara y se imprimen unas coordenadas (AU, LW), el cilindro queda grabado;H: la caja graba un sonido de la sala (el golpe de la tapa de la tetera) y lo repite como clave cuando el jugador toca su boca;the_room_mecanicas.csv;
R-068;Old Sins;La sala cambia por la historia: visiones del pasado, pinturas cuya escena pasa en la sala, habitaciones que se cierran para siempre y objetos de una sala cerrada que cambian de sitio (OS-C1, OS-A4, OS-C8, OS-V5);TRANSFORMACIÓN, OBSERVACIÓN;1;observación;tentáculos negros que cierran la habitación y un símbolo del sello que se ennegrece (LW, FW);G: al ponerle el ojo nuevo, la caja recuerda y la sala se ve un instante como hace cien años (sin tentáculos ni cierres para siempre);the_room_mecanicas.csv;
R-069;Old Sins;Recorrido de una figura entre habitaciones conectadas por portales, eligiendo el destino en cada salto (OS-D2);ORDEN, MULTIZONA;3;orientación y mapa mental;Abigail desaparece y el sello se rompe otra vez (AU, LW, FW);B: sin portales: llevar una figurita de cajón en cajón de la caja grande, en tres recorridos cada vez más largos (riesgo medio);the_room_mecanicas.csv;
R-070;The Room Three;Finales alternativos y posjuego sin pistas, con puzles repartidos por el centro (R3-F.E, R3-F.R, R3-F.L, R3-CF1 a R3-CF9);MULTIZONA;4;memoria espacial;«From this point on there are no more hints available» (FW), y AU critica que el proyector del final se repita;B: un segundo final opcional si el jugador hace algo que la caja no pidió (devolver las polillas a la lámpara), sin repetir el mismo puzle;the_room_mecanicas.csv;
