ID;Juego;Capítulo;Puzle;Tipo;Interacción;Cámara;Información que recibe;Qué debe descubrir;Variable que manipula;Reglas;Qué lo hace difícil;Qué lo hace satisfactorio;Feedback;Recompensa;Dificultad;Habilidad requerida;Cómo podría adaptarse
R1-1.1;The Room;1 · La caja fuerte (tutorial);La carta del sobre;OBSERVACIÓN, DESLIZAMIENTO;deslizar en el vacío para girar la vista, doble toque para acercar, deslizar para sacar la carta;vista general orbital alrededor de la caja y vista cercana con doble toque;un sobre sobre la tapa (lo único que destaca) y los avisos del tutorial;que la cámara gira con un dedo y que los objetos se sacan con el gesto de la acción real;la posición de la cámara y de la carta;deslizar gira la vista, el doble toque acerca, el gesto imita la acción física;nada, es el primer contacto;el gesto de sacar la carta se siente físico;avisos del tutorial, la llave pasa al inventario de la izquierda (DT, MM);carta y llave;1;manejo de la cámara;A: el primer minuto de La caja viva ya enseña con un gesto físico (tirar de un cajón del costado), mantenerlo así al empezar cada nivel y sin texto
R1-1.2;The Room;1 · La caja fuerte (tutorial);El joyero;CERRADURAS, LLAVES;girar la tapa, arrastrar la llave del inventario a la cerradura y girarla, pellizcar para alejarse;cámara guiada: viaja sola hasta el joyero;un joyero redondo cuya tapa oculta la cerradura;que la cerradura está bajo una tapa que gira y que usar un objeto es arrastrarlo y girarlo;el giro de la tapa y de la llave;la llave solo entra con la cerradura descubierta;poco, el tutorial guía;la tapa salta y aparece una herramienta incompleta que promete algo;la tapa salta (vídeo), el ocular avisa de que le falta algo (MM);un ocular sin lente y una nota con un acertijo;1;usar objetos del inventario;B: una meta incompleta desde el principio, en La caja viva la cara a la que le faltan el cuerno, el ojo y la voz hace de herramienta rota que el jugador quiere completar
R1-1.3;The Room;1 · La caja fuerte (tutorial);La placa FIRE;INFORMACIÓN CRUZADA, OBSERVACIÓN;tocar (pulsar) una placa;rotación alrededor de la caja hasta las patas y vista cercana;un acertijo («What survives when fed and dies when given water?», PG) y placas de aire, agua, tierra y fuego en las patas;que la respuesta del acertijo es una palabra ya escrita en la caja;qué placa se pulsa, entre cuatro;solo la placa correcta cede;relacionar el texto con el objeto, poco;la respuesta estaba a la vista todo el rato;se abre un hueco en la pata;una llave con el extremo giratorio;1;lectura y observación;G: una adivinanza con la letra de la caja cuya respuesta es un motivo ya tallado en ella (un animal de la rueda del zodiaco), sin escribir la palabra
R1-1.4;The Room;1 · La caja fuerte (tutorial);El panel rayado y la llave configurable;OBSERVACIÓN, LLAVES;deslizar el tramo de remaches, inspeccionar la llave en el inventario y girar su extremo, arrastrarla a la cerradura y girarla;vista cercana y examen del objeto a pantalla completa;un tramo de la tira de remaches con rayas al lado (PG) y una cerradura con un contorno;que el desgaste delata la pieza móvil y que la llave se ajusta a la forma de la cerradura;la posición del tramo y la orientación del extremo de la llave;la llave solo entra con el extremo igual que la cerradura;notar las rayas y pensar por primera vez en cambiar un objeto del inventario;dos ajás seguidos: el desgaste y la llave que cambia;al fallar, el texto «The key doesn't fit like this» y un golpe metálico sin movimiento (vídeo), al acertar se abre una corredera (vídeo);una llave inglesa (PG, DT) o «piece of metal» (WK);2;observación y manipulación en el inventario;B: desgaste honesto en la laca (brillo de dedos solo junto a la tablilla que corre) y una llave de bambú cuyos dientes se doblan en el inventario según el ojo de la cerradura del cajón largo
R1-1.5;The Room;1 · La caja fuerte (tutorial);La placa TALISMAN;DESMONTAJE, LLAVES;arrastrar la llave inglesa al perno y girar en círculo;vista cercana;un perno a la derecha de la placa;que la herramienta suelta la placa;el giro del perno;la herramienta encaja en el perno y lo afloja;poco;la placa cae y deja ver la pieza que completa la herramienta;la placa cae (MM) y la lente se monta sola en el ocular (WK, DT);la lente;1;uso de herramientas;A: una herramienta prestada por la sala, por ejemplo una horquilla del pelo (kanzashi) dejada en la mesa que suelta el pasador del cajón largo
R1-1.6;The Room;1 · La caja fuerte (tutorial);Los anillos de la puerta;ROTACIÓN, SÍMBOLOS;deslizar el panel, reconfigurar la llave y girarla, girar los anillos con el dedo;vista cercana con el ocular puesto;un panel que tapa otra cerradura, anillos concéntricos con el centro fijo (MM) y un dibujo en tinta invisible con ankhs de referencia (PG);que el ocular enseña un dibujo partido que se completa girando los anillos;el giro de cada anillo;el centro es fijo y sirve de referencia, cada anillo gira por separado;usar el ocular por primera vez y alinear varias piezas;el dibujo se completa y la gran puerta se abre;la puerta hace clic y se abre poco después (MM, vídeo);la caja interior del capítulo 2;2;rotación y patrones;B: los anillos del corazón final con el cuerno, el ojo y la voz, y la cara como referencia fija, alineados mientras el ojo viejo vigila
R1-2.1;The Room;2 · La caja de los tres sellos;Las huellas;OBSERVACIÓN, DESLIZAMIENTO;presionar y deslizar;vista cercana con el ocular;nada a simple vista, unas huellas en una esquina que solo enseña el ocular;que el ocular señala piezas que se pueden pulsar;la posición del panel;solo cede donde están las huellas;acordarse de mirar con la herramienta;lo invisible se convierte en una acción;no consta;un libro;1;observación;F: marcas de dedos en la laca que solo aparecen con la luz rasante del andon acercado a la caja (la luz de la sala revela, no un objeto que se pone el jugador)
R1-2.2;The Room;2 · La caja de los tres sellos;El libro de discos (inventario);ROTACIÓN, TRANSFORMACIÓN;inspeccionar en el inventario y girar cuatro discos;examen a pantalla completa;los adornos del libro son discos que giran (TA);que un objeto del inventario esconde un mecanismo;el giro de los cuatro discos;superior e inferior 180°, central 90° y derecho 180° (PG, MM);pensar en manipular algo que parece decoración;el libro se abre y guarda dos cosas;no consta;una llave de cuerda y la nota 1/7 (WK);2;manipulación;B: un inro lacado (cajita de pisos colgada de un cordón) cuyos pisos giran hasta casar un dibujo, como puzle de bolsillo del nivel 3
R1-2.3;The Room;2 · La caja de los tres sellos;El cubo de cifras;PERSPECTIVA, OBSERVACIÓN;con el ocular, mover la vista alrededor y girar cuatro rodillos;cambio de perspectiva: la cámara es la herramienta;un cubo brillante con fragmentos de números, solo con el ocular;que cada cifra solo se forma desde un ángulo (anamorfosis);el ángulo de la cámara y cuatro rodillos en cruz;izquierda 5, arriba 2, derecha 7, abajo 6;pensar que mover la cámara es parte del puzle;el número aparece de golpe al dar con el ángulo;no consta en las guías, el vídeo describe que el panel se abre y sale un mecanismo sobre raíles;un interruptor que saca el zoótropo (FD);3;visión espacial;B: el perfil completo de la cara solo se ve desde donde mira el ojo de la caja hija, así que el jugador busca el punto de vista de la caja y no un símbolo flotante
R1-2.4;The Room;2 · La caja de los tres sellos;Las patas;OBSERVACIÓN, ROTACIÓN;girar las patas;rotación alrededor de la caja y vista cercana;una pata dorada «slightly larger and brighter than the rest» (PG);que el color de excepción delata la pieza;el giro de la pata;solo la pata distinta gira;poco, hay que notar la diferencia;detectar la excepción;no consta;una mecha con parafina y un instrumento óptico plegable (telescopio según PG y MM, microscopio según WK);1;observación;A: una de las cuatro patas de la mesa baja con la laca más gastada, que gira y suelta un pasador
R1-2.5;The Room;2 · La caja de los tres sellos;El zoótropo;CONSTRUCCIÓN, COMBINACIÓN DE OBJETOS;introducir la mecha y la rueda de chispa, la óptica en su soporte y la llave de cuerda en una trampilla, y girarla;vista cercana y luego mirar la película con el ocular;huecos con la silueta de cada pieza y una palabra escondida en la película;qué pieza va en cada hueco y que la película esconde texto;las piezas colocadas y la cuerda;la máquina solo arranca con todas sus piezas y con cuerda;reunir piezas de tres puzles distintos (2.2, 2.3 y 2.4);la máquina terminada cobra vida y cuenta algo;una película de un hombre sin rostro que señala unas palabras mientras suben los susurros (TA);la palabra TRIAL y una placa redonda que se abre;3;memoria de inventario y montaje;C: montar con tres piezas de la sala (mecha, papel y un eje de bambú) un farolillo giratorio de sombras (sōmatō) cuyas siluetas en el shoji enseñan el orden de un paso, riesgo medio de parecido
R1-2.6;The Room;2 · La caja de los tres sellos;La calavera de cabra;ROTACIÓN, SÍMBOLOS;girar anillos;vista cercana con el ocular;anillos con un dibujo, el ocular es imprescindible (PG) o solo una ayuda (MM);la posición que completa el dibujo;el giro de los anillos;alinear el dibujo;poco;el encaje visual;no consta;una pieza con la letra L;2;patrones;B: las vetas de tres aros de madera de la tapa que solo siguen continuas en una posición (la madera hace de dibujo, sin capa oculta)
R1-2.7;The Room;2 · La caja de los tres sellos;El candado TRIAL;CERRADURAS, INFORMACIÓN CRUZADA;introducir la pieza L en la última ranura y girar rodillos de letras;vista cercana y cámara guiada al abrirse el sello;un candado de letras al que le falta una rueda y la palabra vista en el zoótropo;que la letra suelta completa el candado y que la palabra de la película es la clave;cinco rodillos de letras;TRIAL;recordar la palabra y encontrar la pieza que falta;el primer sello cae;la cámara gira sola y se abre el sello (MM);un artilugio con una nota que muestra el símbolo hexagonal (PG);2;memoria;D: sin código escrito, un cierre que se abre con tres sonidos de la sala (campanilla, tapa de la tetera y roce del shoji) en el orden en que la caja los oyó
R1-2.8;The Room;2 · La caja de los tres sellos;Los cuatro símbolos;SÍMBOLOS, INFORMACIÓN CRUZADA;girar cuatro placas;rotación alrededor de toda la caja y vista cercana;símbolos en la aguja, en la cara del cubo (con el ocular), en el hueco del libro y junto al teclado (PG, WK), cada pista con tres rayas que dicen su esquina (MM);que las rayas dicen a qué placa va cada símbolo;el símbolo de cuatro placas;cada placa debe mostrar el símbolo de su esquina;memoria espacial y pistas repartidas por la caja;conectar cuatro cosas vistas antes;no consta;una llave en cruz (PG);3;memoria espacial;B: cuatro animales del zodiaco tallados en sitios distintos de la caja, cada uno junto a un número de pétalos que dice su casilla en la rueda del nivel 3
R1-2.9a;The Room;2 · La caja de los tres sellos;Las bolas (inclinar el aparato);FÍSICA, PESO;inclinar el iPad (en PC se rehízo: girar un círculo, MM);vista cercana;cuatro bolas con un color y el dibujo del panel (WK, MM);que el aparato entero es un mando;la inclinación del aparato;las cuatro bolas deben quedar con el color arriba;coordinación del cuerpo;el gesto físico con el aparato;las bolas se encienden (MM);da paso al símbolo hexagonal (2.9b);2;destreza;E: inclinar el móvil para que el humo del incensario se ladee y deje de tapar algo, siempre con alternativa de arrastre (en PC tuvieron que rehacer estos puzles)
R1-2.9b;The Room;2 · La caja de los tres sellos;El símbolo hexagonal en fragmentos;PERSPECTIVA, SÍMBOLOS;con el ocular, mover la vista;cambio de perspectiva;el símbolo hexagonal de la nota de 2.7 y fragmentos flotantes;el ángulo en el que los fragmentos forman el símbolo;el ángulo de la cámara;los fragmentos solo encajan desde un punto de vista;encontrar el ángulo;el símbolo se forma y se desvanece;la placa se vuelve blanca y desaparece (MM);una cerradura, y con la llave en cruz sale un cajoncito con una llave pequeña;2;visión espacial;B: las grietas de la laca vieja de la tapa forman el contorno del cuerno solo con la luz rasante del andon (la luz, y no la cámara, compone la figura)
R1-2.10;The Room;2 · La caja de los tres sellos;La estrella;TRANSFORMACIÓN, CERRADURAS;meter la llave pequeña en una puerta redonda, coger la estrella e introducirla en la aguja;vista cercana;una puerta redonda con una estrella dentro, y la cerradura cambia de forma (PG avisa: «we'll be back»);que la estrella va en la aguja y que la cerradura cambiada volverá a usarse;la pieza colocada;cada pieza en su silueta;poco;se abre la parte superior;se abre la parte superior;la nota 3/7 y un anillo de latón;1;observación de siluetas;A: una cerradura que cambia de forma tras usarla, la del león del incensario, que después del nivel 1 enseña otro ojo de cerradura para el nivel 3
R1-2.11a;The Room;2 · La caja de los tres sellos;El dial de la minicaja fuerte;DIALES, SECUENCIA;poner el anillo en el dial y girar en círculo alternando el sentido;vista cercana;seis pestillos, y cada pestillo suelto deja de contar (PG);que hay que alternar el sentido y atender a cada pestillo;el ángulo y el sentido del giro;cada pestillo se suelta en un punto, alternando el sentido (las secuencias varían según la guía);la regla es física, no hay número escrito;sentir cada pestillo como un ladrón de cajas fuertes;el pestillo suelto deja de contar (PG);paso a las correderas (2.11b);3;atención a la respuesta física;B: la tapa de una cajita que solo cede si se gira en el sentido en que respira la caja (a un lado al inspirar, al otro al espirar)
R1-2.11b;The Room;2 · La caja de los tres sellos;Las correderas con números;OBSERVACIÓN, CERRADURAS;mover dos correderas;vista cercana y leer la nota con el ocular;dos números ocultos en una nota, solo con el ocular (2 y 3 según WK, 2 y 5 según MM);que la nota ya leída esconde los números;la posición de dos correderas;poner los dos números;volver a mirar algo ya leído;lo ya visto tenía más;no consta;una llave de dos niveles;2;observación;F: la nota del nivel 1 tiene trazos que solo aparecen al acercarla al calor de la llama del andon (como la tinta de zumo de limón)
R1-2.12;The Room;2 · La caja de los tres sellos;La cerradura transformada;LLAVES, CERRADURAS;ajustar las dos partes de la llave en el inventario, meterla y girarla, introducir el disco en su hueco;examen a pantalla completa y vista cercana;el ocular dibuja el contorno de la llave correcta (MM);la configuración que copia el contorno;las dos partes de la llave;la llave solo entra con el perfil de la cerradura;pasar la forma de la cerradura a la llave en otra vista;la llave encaja a la primera;no consta;un disco que, en el hueco con un engranaje grabado, abre el sello 2 y saca la caja de engranajes;2;visión espacial;B: la llave de bambú del nivel 1 se recorta en el nivel 3 para el cajón largo, cuya forma se adivina en el roce de laca alrededor de su cerradura
R1-2.13;The Room;2 · La caja de los tres sellos;Los cuatro diales;DIALES, INFORMACIÓN CRUZADA;corredera y manivela, girar diales, sujetar un panel y girar deprisa (MM);rotación alrededor de la caja y cámara guiada al final;cuatro diales (círculo, cuadrado, pentágono y triángulo) repartidos, el del triángulo tras un panel que vuelve a caer (MM);la orientación de cada sector sombreado (SE, NE, NO y SO, PG) y cómo sujetar el panel;la orientación de cuatro diales;cada dial a su punto, y el panel cae si no se sujeta;pistas repartidas y una acción en dos tiempos;ver subir la parte de arriba;la cámara se aleja sola y se ve subir la parte de arriba (MM);un engranaje grande y una goma;3;memoria espacial y coordinación;C: una tapa que vuelve a caer si se suelta y que hay que sujetar con un dedo mientras el otro gira una rueda durante el parpadeo lento del ojo
R1-2.14;The Room;2 · La caja de los tres sellos;Las ruedas giratorias;ENGRANAJES, TIEMPO;montar engranaje y manivela, quitar cuatro tornillos con el destornillador, pulsar botones para parar las ruedas;vista cercana;una placa con cuatro tornillos y ruedas que giran con huecos;el momento en que cada rueda deja el hueco alineado;el momento de la pulsación;parar cada rueda con su hueco alineado, y el destornillador vuelve al inventario tras cada tornillo (MM);algo de sentido del tiempo;desmontar pieza a pieza;no consta;una llave plegable;2;timing y uso de herramientas;E: parar los discos de la rueda del zodiaco justo cuando el ojo cierra el párpado (la ventana de tiempo es el parpadeo, lento y anunciado)
R1-2.15;The Room;2 · La caja de los tres sellos;El tren de engranajes;ENGRANAJES, CONSTRUCCIÓN;ajustar la llave plegable a una cerradura múltiple, colocar engranajes, corredera y manivela, unir con la goma;vista cercana y cámara guiada al reloj;huecos para engranajes y una goma que hace de correa;el orden de colocación que transmite el giro;la posición de los engranajes y de la goma;el giro solo se transmite con el tren completo;varias piezas y hay que recolocar;la máquina gira entera;la vista salta al reloj (WK);un disco con estrellas gira y deja un tubo de acero (MM);3;razonamiento mecánico;F: un muñeco autómata que sirve el té (karakuri) al que le faltan dos ruedas, y completarlo para que lleve la taza hasta la caja
R1-2.16;The Room;2 · La caja de los tres sellos;El tubo (inventario);DESMONTAJE, TRANSFORMACIÓN;inspeccionar y deslizar la tapa;examen a pantalla completa;un tubo de acero;que se abre;la tapa;deslizar;nada, es un respiro;un objeto que guarda dos;no consta;una llave pequeña y una foto con «REV. 6:05» al dorso, que vuelve en 3.4;1;exploración;A: un tubo de bambú para pinceles dentro del cajón largo que guarda una nota de la caja y un pincel que se usa más tarde
R1-2.17;The Room;2 · La caja de los tres sellos;El panel de madera;PERSPECTIVA, SÍMBOLOS;mover un cubo, girar un cilindro y buscar el ángulo con la cámara (PG);cambio de perspectiva con el ocular;un panel con un cubo y un cilindro, y el símbolo hexagonal;la combinación de piezas y ángulo;la posición del cubo, el giro del cilindro y el ángulo;el símbolo solo se forma con las piezas bien puestas y desde un ángulo;dos variables a la vez;el destello del símbolo;un destello (MM);un escudo, y en la estatua dorada de la cúspide la estatua gira y da una gema;3;visión espacial;B: colocar el andon y una pieza móvil de la caja para que su sombra complete un perfil en el shoji (dos variables: dónde está la luz y cómo está la pieza)
R1-2.18;The Room;2 · La caja de los tres sellos;El reloj de las 6:05;TIEMPO, INFORMACIÓN CRUZADA;introducir la gema en la esfera y girar las agujas con el ocular;vista cercana con el ocular;agujas ocultas y la foto con «REV. 6:05» al dorso;que la foto da la hora;la hora del reloj;poner las 6:05;relacionar un objeto de varios pasos atrás;la foto cobra sentido;se abren el sello y la caja (MM);la caja siguiente;3;memoria;F: la hora va en un reloj de incienso (kōdokei) donde cada tramo quemado marca una hora, sin hora escrita al dorso de nada (control de originalidad)
R1-3.1;The Room;3 · La caja de luz y el globo;La placa con huellas;OBSERVACIÓN, DESLIZAMIENTO;empujar la placa y bajar la corredera;vista cercana con el ocular;huellas ocultas en una placa;dónde empujar;la placa y la corredera;empujar donde están las huellas;poco, practica lo aprendido;rutina dominada;no consta;la carta 4/7 y una cajita;1;observación;A: repetir una regla ya aprendida en un sitio nuevo para que el jugador se sienta experto (la lámpara que distrae al ojo vuelve en el nivel 3 con otra función)
R1-3.2;The Room;3 · La caja de luz y el globo;La cajita de la bola (inventario);LABERINTO, ROTACIÓN;mover la bola por un alambre y girar por pasos una plataforma central;examen a pantalla completa;una bola dorada a la izquierda y la meta a la derecha;el orden de giros de la plataforma;la posición de la bola y el giro de la plataforma;la bola solo pasa por tramos conectados;planificar los giros;la bola llega;un cajón salta (vídeo);una llave;2;planificación;B: una cajita de laca con un surco en espiral en la tapa por el que rueda una cuenta al girarla en la mano hasta caer en su agujero
R1-3.3;The Room;3 · La caja de luz y el globo;El dial de la minicaja;DIALES, SECUENCIA;colocar la llave junto al disco dorado y girar: 5 clics a la izquierda, 4 a la derecha, todo a la izquierda y todo a la derecha (PG);vista cercana;sin pista escrita, la secuencia sale de los topes (WK la cuenta como 5, 9 y 14, MM como pestillos a cada lado);la secuencia de giros;el sentido y el número de clics;cada tramo suelta un pestillo;sin pista visible, depende del tacto;cada clic es un avance;no consta;un soporte para fotos y un objeto cuadrado;3;escucha y tacto;D: es la caja la que gira la rueda al respirar y el jugador solo la sujeta en el momento justo (el dial se invierte)
R1-3.4;The Room;3 · La caja de luz y el globo;El visor de foto (SIGIL);OBSERVACIÓN, INFORMACIÓN CRUZADA;introducir la foto en el soporte y doble toque a la lente;vista interna a través de un visor;la foto de 2.16;que la foto vista en el visor con el ocular da una palabra;el objeto colocado;foto, visor y ocular juntos;recordar una foto de otro capítulo;un objeto antiguo vuelve con sentido;se ve el interior de la casa y la palabra SIGIL (MM);la palabra SIGIL;2;memoria entre capítulos;G: la nota del nivel 1 vuelve en el nivel 3 y, puesta en el shoji con el andon detrás, deja leer una segunda frase escrita por el dorso
R1-3.5;The Room;3 · La caja de luz y el globo;El círculo de cierres;ROTACIÓN, ORDEN;girar el círculo para sacar tres cierres por el hueco, de uno en uno;vista cercana con el ocular;un patrón oculto que enseña el ocular;el recorrido que lleva cada cierre al hueco;el giro del círculo;cada cierre sale por el hueco en su posición;seguir un patrón que no se ve a simple vista;sacar los tres;no consta;un hueco cuadrado;2;rotación mental;B: una tapa redonda en la espalda de la caja con tres pestillos de madera que salen por una muesca, de uno en uno, siguiendo las vetas
R1-3.6;The Room;3 · La caja de luz y el globo;El teclado SIGIL;CERRADURAS, INFORMACIÓN CRUZADA;introducir el objeto cuadrado en el hueco y teclear cinco letras;vista cercana;un teclado de cinco letras que aparece al colocar el objeto y la palabra de 3.4;que la palabra es la clave;cinco letras;SIGIL;poco;cerrar un bucle de dos pistas;no consta;la carta 5/7 y un cristal azul;1;memoria;D: en vez de letras, tocar la cara en el orden que enseña el humo (frente, mejilla, barbilla), un código hecho de caricias
R1-3.7a;The Room;3 · La caja de luz y el globo;El haz de luz;LUCES;introducir el cristal en la base y girar un anillo para enfocar;vista cercana;una base con un hueco y un cristal azul;que el cristal da un haz y que se enfoca girando;el foco del haz;el haz enfocado activa algo;poco;la luz se concentra;no consta;un volante;1;manipulación;F: subir o bajar la mecha del andon para que su círculo de luz en la mesa quede pequeño y nítido sobre una marca
R1-3.7b;The Room;3 · La caja de luz y el globo;El volante y los dos botones;PALANCAS, OBSERVACIÓN;introducir el volante en su hueco (marcado con una X, WK), pulsar dos botones a la vez (PG) y tocar huellas con el ocular;vista cercana con el ocular;un hueco con una X, dos botones y huellas ocultas;que hay que pulsar los dos botones a la vez;la pulsación simultánea;un botón solo no hace nada;pensar en usar dos dedos;abrir con las dos manos;se abre un cajón y luego un cajón secreto;un reflector y la pieza hexagonal del globo;2;coordinación;B: los dos tiradores del cajón largo solo ceden a la vez (dos dedos, uno a cada lado) y mientras el ojo duerme
R1-3.8a;The Room;3 · La caja de luz y el globo;El globo y el panel de perspectiva;PERSPECTIVA, MULTIOBJETO;introducir la pieza en el globo, coger la manivela de un panel de esquina, abrir un obturador, girar la rueda central y mirar desde la izquierda y abajo con el ocular (PG);cambio de perspectiva;un globo de cuatro piezas que hace de contador y un panel de madera con rueda;el ángulo de vista;el giro de la rueda y el ángulo;el símbolo solo se forma desde un punto;un ángulo poco natural (desde abajo);el globo se completa por fases;no consta;sale una cajita de madera;3;visión espacial;C: la cara de la caja como contador visible de progreso (ya existe) y un perfil que solo se lee bajando la cámara a la altura de los ojos de la caja
R1-3.8b;The Room;3 · La caja de luz y el globo;La llave estrella (inventario);TRANSFORMACIÓN, LLAVES;inspeccionar la cajita, girar la cruz de su base e introducir la llave estrella en una ranura;examen a pantalla completa;una cajita de madera con una cruz en la base;que la cajita se convierte en llave;el giro de la cruz;girar la cruz transforma la cajita;pensar que un contenedor es una llave;el objeto cambia de función;no consta;sube un telescopio;2;manipulación en el inventario;A: la caja hija del nivel 2, ya vacía, es la llave del último anillo del corazón (ya está en el plan de niveles)
R1-3.9;The Room;3 · La caja de luz y el globo;El relé contrarreloj;TIEMPO, MULTIZONA;introducir el reflector en la columna de luz, pulsar un botón, girar la caja y pulsar el siguiente antes de que baje la aguja;rotación rápida de la caja entre dos caras;un indicador con dos botones y una aguja que baja;que hay que llegar al otro lado de la caja a tiempo;el tiempo del recorrido;si la aguja llega abajo, se reinicia (MM);destreza con la cámara;la carrera contra la aguja;la aguja baja y, si se llega tarde, se reinicia (MM);a la derecha una pieza en estrella y a la izquierda una llave de seis paletones;3;destreza y orientación;E: mientras el ojo parpadea despacio, girar la caja hija y correr una tablilla de la otra cara antes de que lo vuelva a abrir (ventana generosa y sin castigo)
R1-3.10;The Room;3 · La caja de luz y el globo;Los espejos y el rayo invisible;REFLEJOS, LUCES;usar la llave para sacar otro reflector y arrastrar tres espejos;vista cercana con el ocular;un rayo invisible que solo enseña el ocular, que también dibuja el contorno de la llave (MM);la posición de los espejos que lleva el rayo a un ojo;la posición de tres espejos;el rayo rebota en cada espejo hasta el ojo;ver la trayectoria completa;el rayo llega y la caja reacciona;sube una esfera perforada y proyecta constelaciones (MM);la tercera pieza del globo;3;razonamiento espacial;B: un espejo de mano (kagami) lleva la luz del andon hasta la cara para que el ojo nuevo mire donde queremos (el reflejo guía una mirada, no un rayo)
R1-3.11;The Room;3 · La caja de luz y el globo;El teclado de estrellas;PATRONES, INFORMACIÓN CRUZADA;mirar por el telescopio y marcar la figura en un teclado de 16 estrellas;vista interna del telescopio;el telescopio muestra una cruz de estrellas;que el dibujo es un código;las estrellas pulsadas;copiar la figura;poco;el globo se completa;no consta;la última pieza y la nota 6/7, y con el globo completo sale una palanca que expande la parte de arriba;2;copia de patrones;F: copiar en las puertecitas del santuario el dibujo que forman las polillas al posarse alrededor del andon
R1-4.1;The Room;4 · El planetario;Las correderas (inclinar el aparato);FÍSICA, DESLIZAMIENTO;inclinar el iPad a izquierda y derecha (PG), en PC deslizar una gema verde (WK, MM);vista cercana;dos correderas;que el aparato se inclina;la inclinación;encajar las dos correderas;coordinación;el gesto con el cuerpo;no consta;la manivela y la nota 7/7;1;destreza;E: con alternativa táctil, inclinar el móvil para que una cuenta de jade ruede dentro de la caja hija y suelte un cierre (el sensor como juguete, nunca obligatorio)
R1-4.2;The Room;4 · El planetario;La ranura de la manivela;PALANCAS, OBSERVACIÓN;tocar las huellas, introducir la manivela y girar;cámara guiada a una pantalla de madera y a una consola (MM);huellas ocultas en un panel (PG);dónde va la manivela;el giro de la manivela;girar abre secciones;poco;la caja se transforma;la cámara viaja sola a una pantalla de madera y a una consola (MM);la consola;1;observación;A: tras abrir algo grande, la cámara viaja sola a lo que cambió (la trampilla que se ilumina), porque la consecuencia siempre se ve
R1-4.3;The Room;4 · El planetario;La daga;PERSPECTIVA, PATRONES;con el ocular girar la plataforma y la vista, luego introducir la daga en la ranura central;cambio de perspectiva;la consola muestra una constelación con forma de daga (WK, MM);el ángulo que forma la daga;el giro de la plataforma y el ángulo;la meta la enseña la consola;dos ejes a la vez;el puzle explica su propio objetivo;un destello (MM), y luego sube el planetario con un teclado (MM);una daga;2;visión espacial;B: un puzle-indicador: el rollo colgado (kakemono) pinta la cara completa y así dice qué hay que formar en los anillos del corazón
R1-4.4;The Room;4 · El planetario;Los códigos y los planetas;CERRADURAS, SÍMBOLOS;marcar cada código en el teclado, pulsar el botón rectangular y formar el símbolo sobre los planetas;vista cercana con el ocular;dos códigos ocultos en la pantalla (WK) y la consola, que ahora muestra un ojo;los códigos y el símbolo;los botones y los planetas;un código para cada planeta;varios pasos seguidos;los planetas giran y paran;los botones se vuelven azules, los planetas giran y después paran (MM);un amuleto;3;observación y memoria;B: la tetera y sus tres tazas como piezas de la sala que hay que girar hasta que sus dibujos miren a la caja
R1-4.5;The Room;4 · El planetario;El código por vistas;PERSPECTIVA, INFORMACIÓN CRUZADA;girar el amuleto y anotar cada cara;examen del objeto por sus cuatro caras;flechas en la mesa (con el ocular) y, tras la pantalla ya transparente, una caja gris de cuatro niveles con cuadrados rojos;que cada cara da una línea del código (4 líneas por 3 segmentos, PG);la cara que se mira;leer las cuatro caras y juntarlas;apuntar y combinar lo visto;el código sale del propio objeto;no consta;el «elemento»;3;visión espacial;B: cada cara de la caja hija lleva un trozo de un dibujo de marquetería que solo se completa juntando lo visto al girarla en la mano
R1-4.6;The Room;4 · El planetario;La torre de cuatro niveles;ROTACIÓN, PERSPECTIVA;girar la caja hasta el trozo del nivel inferior, que es fijo, y luego los demás niveles;rotación alrededor con el ocular;un dibujo repartido en cuatro niveles («Stonehenge», PG);que el nivel inferior es fijo y sirve de referencia;el giro de cada nivel;alinear los cuatro trozos;encontrar la referencia;el gran final del capítulo;la torre vibra y se abre una puerta de luz blanca (MM);el final;3;rotación mental;B: en el corazón, la cara hace de pieza fija y los tres anillos se alinean con ella, y al final la máscara se abre como una puerta de madera (sin puerta de luz)
R1-E.1;The Room;Epílogo · La sala de engranajes;La mano torcida;OBSERVACIÓN, ROTACIÓN;girar la huella con el dedo y luego mover una corredera;vista cercana con el ocular;la huella oculta de una mano torcida;que la huella gira;el giro de la huella;enderezar la mano hace subir un disco;poco;la huella hace de pieza;sube un disco, y al tocar se hunde una placa (vídeo);un engranaje triangular;1;observación;H: la huella de una mano pequeña en la tapa que el jugador tapa con su dedo, sin soltar, mientras la caja contiene la respiración
R1-E.2;The Room;Epílogo · La sala de engranajes;El recorrido de las esferas;LABERINTO, CONEXIONES;introducir el engranaje en su placa, pulsar un botón (WK), llevar una pieza por caminos y empujar dos pinzas;vista cercana;esferas apagadas y caminos;un recorrido que las encienda todas sin que se apaguen;el recorrido de la pieza;cada esfera se enciende al pasar y no debe apagarse;planificar el recorrido;todas encendidas;las esferas se vuelven azules (AU) o verdes (MM);un interruptor y un orbe metálico;3;planificación;F: una polilla que se posa en cada pieza clara del mosaico de la tapa sin pisar dos veces la misma, guiada con el dedo
R1-E.3;The Room;Epílogo · La sala de engranajes;El orbe (inventario);ROTACIÓN, DESMONTAJE;inspeccionar, girar el dibujo interior, pulsar un botón y abrir;examen a pantalla completa;un orbe con un dibujo interior;el botón escondido;el giro;girar hasta ver el botón;poco;el objeto se despliega;el orbe se despliega (vídeo);un engranaje cuadrado que abre un cajón con una llave rara;1;exploración;A: una figurita de bolsillo (netsuke) redonda que se gira hasta encontrar su muesca y se abre en dos
R1-E.4;The Room;Epílogo · La sala de engranajes;Los marcos de símbolos;SÍMBOLOS, INFORMACIÓN CRUZADA;arrastrar marcos;vista cercana;doce símbolos y la pista en otro lado de la mesa (WK, MM) o en el mecanismo de E.2 (AU);cuáles son los tres;qué símbolos se enmarcan;elegir 3 de 12;la pista está lejos;reconocer los símbolos;no consta;una moneda;2;memoria;B: elegir 3 de los 12 animales de la rueda según los que asoman tallados en los tres cajones del costado
R1-E.5a;The Room;Epílogo · La sala de engranajes;La llave de tres posiciones;LLAVES, TRANSFORMACIÓN;introducir la llave y girarla a tres posiciones;vista cercana;una llave rara, y con la llave en el centro se leen los símbolos que pide la segunda llave;que la misma llave tiene tres usos;la posición de la llave;cada posición abre algo distinto: una placa metálica, una corredera u otra llave;probar todas las posiciones;una llave con muchos usos;no consta;acceso a la placa, a la corredera y a otra llave;2;experimentación;B: la llave de bambú gira a tres tiempos en el león del incensario: uno abre la tapa, otro aviva las brasas y el tercero suelta su lengua
R1-E.5b;The Room;Epílogo · La sala de engranajes;El número 573;PERSPECTIVA, OBSERVACIÓN;con el ocular, mirar en ángulo cuatro tubos triangulares;cambio de perspectiva;cuatro tubos triangulares;el ángulo en el que forman 573 (WK, AU);el ángulo de la cámara;anamorfosis;encontrar el ángulo;el número aparece;no consta;el panel grande;2;visión espacial;B: las sombras de los listones del shoji sobre la mesa forman un número de trazos solo cuando el andon está a la altura justa
R1-E.6;The Room;Epílogo · La sala de engranajes;El piano;SONIDOS, MEMORIA;introducir la placa sobre un octógono y girar, pulsar dos teclas a la vez, meter la moneda y repetir tres melodías;vista cercana;la nota inicial marca dos teclas y el piano toca melodías;que hay que repetir lo que suena («like that game Simon», AU);las teclas pulsadas;repetir la secuencia;memoria auditiva;la música como premio;el piano toca;dos manivelas;2;memoria auditiva;G: la caja tararea con su campanilla y el jugador repite tocando la cara (cuerno, ojo, boca), siempre con señal visual además del sonido
R1-E.7;The Room;Epílogo · La sala de engranajes;El panel de las fichas;ENGRANAJES, OBSERVACIÓN;girar manivelas en dos ejes para acercar un hueco y empujar cada ficha (MM);vista de mecanismo oculto: la cara trasera solo con el ocular;la cara trasera, que solo enseña el ocular;cómo se mueve un hueco en dos ejes;la posición del hueco en horizontal y en vertical;acercar el hueco y empujar cada ficha;manejar algo que no se ve directamente;dominar un control a ciegas;no consta;una gema roja;3;coordinación espacial;B: guiar desde fuera con dos clavijas una pieza que se mueve dentro de la caja hija y que solo se ve por una rendija entre tablillas
R1-E.8a;The Room;Epílogo · La sala de engranajes;El deslizante de gemas;DESLIZAMIENTO, ORDEN;deslizar piezas;vista cercana;un puzle deslizante con tres gemas;el orden de los movimientos;la posición de las piezas;deslizante clásico;planificar los movimientos;liberar las gemas;no consta;las gemas;2;planificación;B: las piezas del mosaico yosegi de la tapa como deslizante de pocas piezas, cuyo dibujo final es la cara completa
R1-E.8b;The Room;Epílogo · La sala de engranajes;Las cuatro gemas y la ventana;PERSPECTIVA, PATRONES;introducir las cuatro gemas en un soporte y ladear la vista con el ocular a través de una ventana redonda;cambio de perspectiva a través de una ventana;un soporte con cuatro sitios (amarilla abajo a la izquierda, verde arriba a la derecha, azul abajo a la derecha, WK);dónde va cada gema y desde dónde mirar;la posición de las gemas y el ángulo;primero las gemas, luego el ángulo;dos fases;la tapa se abre;no consta;se abre la tapa;2;visión espacial;C: mirar por el agujero de una guarda de espada (tsuba) colgada para ver alineados el cuerno de la caja y una marca del rollo
R1-E.9;The Room;Epílogo · La sala de engranajes;Los laberintos giratorios;LABERINTO, PERSPECTIVA;llevar una piedra azul al centro (el botón central gira secciones) y alinear con el ocular las líneas de la luz con un dibujo del fondo, dos veces;rotación alrededor del haz;anillos con caminos y un dibujo del fondo;la combinación de giros;el giro de las secciones y el ángulo;la piedra solo pasa por caminos abiertos;dos fases y repetición;el final del juego;un destello (MM), y el ocular se rompe y aparece un portal (FD, vídeo);el final;3;planificación y visión espacial;B: un laberinto de anillos en el corazón por el que la piedra de luna llega al centro, y lo que se rompe al final es el sello de los labios, no una herramienta
R2-C.1;The Room Two;1 · La cripta (tutorial);La caja redonda;ROTACIÓN, DESLIZAMIENTO;girar la tapa de la cerradura (en sentido antihorario, MM), pulsar y abrir, deslizar tres piezas girando un disco central;vista general de la sala y vista cercana de la mesa octogonal;una caja redonda en la mesa octogonal;el gesto de cada pieza;el giro del disco y la posición de las piezas;las piezas solo salen alineadas con el disco;poco, es el tutorial;aprender tocando;aparece un asa (MM);una lente roja;1;manipulación;A: un arranque que repite los gestos del nivel anterior antes de enseñar uno nuevo (el nivel 3 empieza tirando de un cajón y girando la llave, ya conocidos)
R2-C.2;The Room Two;1 · La cripta (tutorial);Reparar el ocular;COMBINACIÓN DE OBJETOS, RECONSTRUCCIÓN;inspeccionar el ocular en el inventario, cambiar la lente rota por la roja y tocar una huella de la tapa;examen a pantalla completa y vista cercana;el ocular roto (lo rompió el final de The Room) y la lente roja;que se repara combinando dos objetos;la pieza colocada;es la única combinación explícita de dos objetos del inventario (MM);poco;la herramienta vuelve a funcionar;se abre un panel;el hexágono 1 (el 2 está en el borde de la mesa, junto a la carta);1;manejo del inventario;G: reparar algo de la propia caja (un párpado astillado que se pega con laca) como primer paso del nivel 3, porque la caja también se cura
R2-C.3;The Room Two;1 · La cripta (tutorial);Los discos;ROTACIÓN, PATRONES;introducir los hexágonos en la mesa cuadrada y girar dos discos;vista cercana de la mesa cuadrada;dos discos con agujeros;la posición en que sus agujeros forman uno grande;el giro de dos discos;los agujeros deben coincidir;poco;el agujero se abre;una placa se aparta (MM);una esfera de latón;1;rotación;A: dos discos de madera calada (sukashi) que, alineados, dejan pasar la luz del andon hasta una marca
R2-C.4;The Room Two;1 · La cripta (tutorial);La brújula;SECUENCIA, INFORMACIÓN CRUZADA;girar el puntero y parar en S, E, S, O y N;vista cercana y leer la carta con el ocular;la esfera se abre en el centro como un ojo, un puntero escribe letras y la carta, leída con el ocular, da SESWN;que la carta esconde el código;la posición del puntero;cinco paradas en orden;poco;la esfera-ojo responde a cada letra;las letras aparecen bajo el ojo (PG);un medallón;2;lectura;G: la caja dicta con la mirada una secuencia de direcciones (arriba, izquierda…) que el jugador repite en una rueda: el ojo es la pista
R2-C.5;The Room Two;1 · La cripta (tutorial);El medallón (inventario);TRANSFORMACIÓN, DESLIZAMIENTO;separar con dos dedos las piezas marcadas con flechas (PG);examen a pantalla completa;flechas en el medallón;el gesto de dos dedos;la separación de dos piezas;dos dedos a la vez;un gesto nuevo;el medallón se convierte en otra cosa;no consta;una losa que, en la caja rectangular, hace salir una lámpara;1;gestos;B: la ficha de shōgi se abre separando sus dos caras con dos dedos y deja ver el carácter de su interior
R2-C.6;The Room Two;1 · La cripta (tutorial);La lámpara a oscuras;LUCES, OBSERVACIÓN;doble toque para agarrar la lámpara y moverla (PG);vista de la sala a oscuras, y el foco pasa a la pared siguiente;marcas rojas en las paredes a oscuras, que solo enseña el ocular;dónde están las marcas;la dirección de la lámpara;alumbrar cada marca;buscar a oscuras;la sala se va descubriendo;al acertar, el foco pasa solo a la pared siguiente (MM);la cámara lleva a una estatua con una cajita;2;exploración;A: coger el andon y llevarlo por la sala para alumbrar el rollo, el shoji y la mesa: lo que alumbra revela marcas (encaja con la capa oculta de la biblia: lo que alumbra o tapa la luz)
R2-C.7;The Room Two;1 · La cripta (tutorial);La cajita y las varillas;PERSPECTIVA, SÍMBOLOS;girar la parte superior hasta completar el símbolo, tocar el cristal y girar la vista hasta que las varillas formen el símbolo;cambio de perspectiva;una estatua con una cajita, varillas rojas y el símbolo;el ángulo;el giro y el ángulo;las varillas forman el símbolo desde un punto;poco;se aprende el ritual de cierre de cada sala;no consta;la puerta;2;visión espacial;B: un cierre de nivel propio (devolver la pieza a la cara y que la caja respire hondo, ya existe con el cuerno) que crece en cada nivel, nunca varillas
R2-S.1;The Room Two;2 · El barco;La cofa;ROTACIÓN, INFORMACIÓN CRUZADA;girar dos anillos;vista de la maqueta del galeón;la carta menciona el palo, la cofa y los cañones (MM) y hay un dibujo de cuerda;que la carta señala partes de la maqueta;el giro de dos anillos;alinear el dibujo de cuerda;poco;la nota funciona como mapa;la cofa se abre;una llavecita;1;lectura;G: una nota de la caja que nombra tres partes de su cuerpo («donde duermo, donde lloro, donde callo») y apunta al párpado, al lagrimal y a la boca
R2-S.2;The Room Two;2 · El barco;Los cañones;DESLIZAMIENTO, CERRADURAS;deslizar los dos cañones contra la borda y abrir con la llavecita;vista cercana;dos cañones en la maqueta;que se deslizan;su posición;empujar los dos;poco;se abren unas portillas;se abren unas portillas (MM);una llave rara y media gema roja en un raíl;1;manipulación;A: empujar hacia dentro a la vez dos cajones del costado hace asomar un cajón oculto
R2-S.3;The Room Two;2 · El barco;La media gema;DESLIZAMIENTO, LUCES;deslizar la media gema por su raíl;cámara guiada: viaja al cofre (MM, WK);media gema en un raíl;que deslizarla ilumina otro puesto;su posición;llevarla al final;nada;la sala se enciende por partes;brilla, ilumina el cofre y la cámara viaja allí (MM, WK);el cofre, un puesto nuevo;1;ninguna especial;A: abrir una zona alumbrándola: mover el andon descubre la tetera y la cámara viaja a ella
R2-S.4;The Room Two;2 · El barco;El frente y el asa del cofre;CERRADURAS, SÍMBOLOS;separar dos tapas, girar tres ruedas, meter la llave rara, inspeccionar el cilindro del asa y subirle los brazos;vista cercana y examen;las guías discrepan: el dibujo de triángulos de la llave rara (MM, WK) o tres símbolos en la llave, un lateral y un poste (PG);la combinación de las tres ruedas;tres ruedas;copiar el dibujo de la pista;pistas repartidas;la llave también es pista;no consta;la tapa interior y un cilindro-llave;2;observación;B: el perfil de los dientes de la llave de bambú es también la pista de una cerradura de ruedas (la llave se lee, además de usarse)
R2-S.5;The Room Two;2 · El barco;Las cuatro cerraduras ocultas;OBSERVACIÓN, MULTIOBJETO;girar una pieza, accionar un interruptor y sacar pernos, girar dos puertas curvas, mover una corredera y llevar triángulos a las esquinas;vista de mecanismos por ventanitas con el ocular;los mecanismos solo se ven con el ocular, por ventanitas;cómo actúa cada mando sobre lo que no se ve;cuatro mandos;cada cerradura gira una rueda y abre un cuarto de la rueda central;manipular sin ver directamente;la rueda central se completa por cuartos;cada cerradura gira una rueda y abre un cuarto de la rueda central (MM);la capa del cofre, que se levanta con el cilindro-llave;3;razonamiento mecánico;B: rendijas entre las tablillas de la caja hija que dejan ver sus muelles al girarla, para entender qué tablilla suelta a cuál
R2-S.6;The Room Two;2 · El barco;El mapa;SECUENCIA, INFORMACIÓN CRUZADA;tocar casillas y el botón del barco, mover triángulos con huecos y girar un timón con el ocular;vista cercana del mapa, y el ocular entra en una carta;cartas con rumbos («North for 2 miles, West for 2 miles, South for 3 miles», PG), una cerradura dibujada y la niebla;que las cartas son instrucciones de recorrido y cómo quitar los dos bloqueos;el recorrido del barco;seguir los rumbos en orden (la carta 2 marca 4 O, 4 N, 2 O y la 3 marca 6 S, 2 E, 1 N);tres cartas y dos bloqueos;el barco avanza y la niebla se despeja;el barco se mueve y un destello despeja la niebla (MM);sube el mascarón;3;seguir instrucciones y orientación;F: mover una ficha de go por las casillas del tatami siguiendo los pasos que da una nota de la caja (tres pasos al este, dos hacia el shoji)
R2-S.7;The Room Two;2 · El barco;La maqueta y ROSE;CONSTRUCCIÓN, OBSERVACIÓN;introducir el mascarón en la proa, girar el timón en popa, un interruptor despliega las velas y una rueda de cubierta abre una trampilla con candado;vista de la maqueta;ROSE escrito en la vela, que solo enseña el ocular;la palabra y el orden de montaje;las piezas y el candado;el candado pide ROSE;varias piezas;la maqueta se completa;giran unos engranajes (MM);la otra media gema, y con las dos aparece la mesa con la balanza;2;montaje y observación;C: completar el santuario del biombo con sus piezas (puertecitas y campanilla) para que cuente algo de la caja
R2-S.8;The Room Two;2 · El barco;La balanza;PESO, TRANSFORMACIÓN;cada pesa abre un hueco, girar discos para meter pernos (uno hay que pasarlo y darle la vuelta, WK) y transformar pesas en el inventario (juntar flechas, levantar cuñas, girar hasta partirla);vista de la mesa y de varias zonas;seis huecos, pesas y discos escondidos en una tapa, en un cajón trabado por cuatro esquinas que se giran desde otro sitio y bajo un aro;que las pesas se transforman y dónde están los discos;las pesas colocadas y los discos;cada pesa abre su hueco;muchas piezas repartidas;la balanza avanza paso a paso;un bloque avanza en la ranura de la balanza (MM);la caja se hunde y deja un ancla y un muelle;3;manejo del inventario y memoria espacial;E: una balanza de mercader (tenbin) donde el cuerno, el ojo y la campanilla deben equilibrar el corazón de la caja
R2-S.9;The Room Two;2 · El barco;El ancla;COMBINACIÓN DE OBJETOS;introducir el ancla en su soporte de la maqueta;vista cercana;un soporte con silueta;dónde va;la pieza;cada pieza en su silueta;nada;el encaje;no consta;una estrella metálica en la proa;1;observación de siluetas;A: huecos con la silueta exacta de lo que falta, como el hueco con forma de ficha de shōgi de la espalda
R2-S.10;The Room Two;2 · El barco;El cronómetro;DESMONTAJE, RECONSTRUCCIÓN;la estrella abre la tapa, un interruptor da una llave de cuerda, un pestillo da la vuelta al reloj, bajar dos esquinas da un destornillador, abrir el tambor, meter el muelle y dar cuerda;vista cercana, y el objeto se da la vuelta;una caja-cronómetro;la cadena de reparación;las piezas;reparar en orden;muchos pasos encadenados;devolver la vida a un mecanismo;el reloj se endereza y anda (WK);el mecanismo en marcha;2;manipulación;G: reparar el muñeco karakuri para que vuelva a servir el té, darle cuerda y verlo andar: la sala se cura con la caja
R2-S.11;The Room Two;2 · El barco;Las 2:50;TIEMPO, OBSERVACIÓN;con el ocular, mover una corredera que gira unos círculos, poner la hora y parar unos discos con botones;vista cercana con el ocular;con el ocular, unos círculos marcan 2:50;la hora oculta;las agujas y los discos;la aguja horaria queda casi en las 3 (PG);el matiz de la aguja horaria;el reloj como cerradura;no consta;una llave para la cerradura de la tapa;2;observación;F: la hora sale de cuánto queda de la barrita de incienso, y no de una cifra escrita
R2-S.12;The Room Two;2 · El barco;El barco distorsionado;PERSPECTIVA, ROTACIÓN;girar los discos azules interiores;vista con el ocular;un barco distorsionado que solo forma el ocular;la posición de los discos;el giro de los discos;formar el barco;imagen distorsionada;la imagen se recompone;no consta;una pieza en diamante que completa una pirámide, y después el símbolo y las varillas;2;patrones;B: girar los aros de un espejo de bronce (kagami) hasta que el reflejo deformado de la cara se recomponga
R2-T.1;The Room Two;3 · El templo;La barra;OBSERVACIÓN, DESLIZAMIENTO;mirar arriba, deslizar la barra y tocar el muro (PG);cambio de perspectiva: mirar hacia arriba en la sala;una barra en lo alto;que hay que mirar hacia arriba;la posición de la barra;sacar la barra abre el paso;mirar donde no se suele mirar;entrar;cae una losa;la sala y la barra;1;exploración;A: algo escondido en el techo de la sala (una cinta atada a una viga) que obliga a mirar hacia arriba una vez
R2-T.2;The Room Two;3 · El templo;Las piezas de la ballesta;CONSTRUCCIÓN, COMBINACIÓN DE OBJETOS;girar y tirar del asa del cofre, coger un asa de madera y montar la barra y la cuerda en la ballesta;vista de varios puestos de la sala;una ballesta a medias;qué piezas le faltan;las piezas;montar en su sitio;poco;la herramienta se completa;no consta;la ballesta a medias;1;manejo del inventario;F: montar un arco de juguete de bambú con el cordón de la campanilla, para lanzar algo a la viga del techo
R2-T.3;The Room Two;3 · El templo;Las fichas y el gatillo;DESLIZAMIENTO, ORDEN;guardar la torre dorada de la maqueta, poner el asa en la ranura y mover el lado derecho para encajar unas fichas, a veces pasando por un hueco equivocado (PG);vista cercana;fichas en un recorrido;el orden de movimientos;su posición;a veces hay que pasar por un hueco equivocado;es contraintuitivo;encajar todas;no consta;el gatillo;2;planificación;B: un recorrido en el que hay que pasar adrede por una casilla que vigila el ojo y salir antes de que se fije
R2-T.4;The Room Two;3 · El templo;La placa;DESLIZAMIENTO, SECUENCIA;llevar la placa del todo a la derecha, luego a la izquierda y al centro hasta que caiga, y pulsar el interruptor;vista cercana;una placa deslizante;la secuencia derecha, izquierda y centro;su posición;la secuencia de topes libera la placa;no hay pista visible;cae;no consta;la ficha;2;experimentación;B: una tablilla que solo se suelta tras llevarla al tope de un lado, luego al otro y al centro, como en las cajas de Hakone de muchos movimientos
R2-T.5;The Room Two;3 · El templo;El primer disparo;FÍSICA, PERSPECTIVA;cargar virotes, tensar, doble toque para la mira, apuntar y accionar el gatillo amarillo (PG);vista de mira;un relieve con un ojo;a qué apuntar;la puntería;si falla, hace falta otro virote;la puntería;el disparo cambia la sala;si acierta, gira un muro (MM);una zona con un espejo roto, un tablero y un mecanismo;2;puntería;F: lanzar con el dedo una ficha de go por la mesa (gesto de catapulta) hasta que golpee el pestillo de la tetera
R2-T.6;The Room Two;3 · El templo;La persecución;LABERINTO, ORDEN;mover una ficha, y un interruptor desplaza una casilla;vista del tablero;una calavera que siempre persigue al jugador;cómo atraparla en la casilla móvil y apartarla;la posición de la ficha y de la casilla;la calavera persigue y no hay que dejar que toque la ficha;anticipar al perseguidor;engañar a un enemigo;no consta;una llave;3;anticipación;H: en un tablero, el ojo sigue a la ficha del jugador como un perseguidor y hay que llevarlo a una casilla desde la que no ve la meta (la regla de la mirada como juego de tablero)
R2-T.7;The Room Two;3 · El templo;El cofre de dos asas;ROTACIÓN, LLAVES;meter la llave y girar las dos asas a la vez con dos dedos (PG);vista cercana;dos asas;que hay que girarlas a la vez;el giro simultáneo;dos dedos;coordinación;hacer fuerza con las dos manos;no consta;un bloque de piedra;2;coordinación;A: girar a la vez con dos dedos las dos orejas del león del incensario
R2-T.8;The Room Two;3 · El templo;El martillo;PALANCAS, FÍSICA;poner la piedra en el brazo, subirlo con una rueda y soltarlo con una palanca, cuatro veces;vista cercana;una losa y un brazo;el ciclo de subir y soltar;la altura y el disparo;cuatro golpes;poco;romper la losa;grietas (MM);un trozo de espejo;1;manipulación;F: un mazo de madera de juguete que se sube y se suelta sobre una nuez de metal hasta partirla
R2-T.9;The Room Two;3 · El templo;El espejo y la arena;TRANSFORMACIÓN, SÍMBOLOS;completar el espejo con el trozo, frotar la arena con el dedo y poner un candado de símbolos;vista cercana del espejo y del arenero;dos símbolos escondidos en el arenero;que hay que frotar la arena y que el espejo cambia la caja;los símbolos del candado;el candado del espejo alterna la caja entre dos versiones;dos lugares que relacionar;el mismo objeto en dos estados;un destello, y la maqueta es ahora un castillo dorado (MM);el castillo;3;observación;B: frotar con el dedo la ceniza del incensario descubre dos caracteres (el espejo no transforma la caja, control de originalidad)
R2-T.10;The Room Two;3 · El templo;El castillo;PERSPECTIVA, TRANSFORMACIÓN;llevar una ventana al centro hasta el clic, mover la cámara con el ocular hasta que unas líneas dibujen una puerta (dos veces) y poner la torre en el hueco libre;cambio de perspectiva;unas líneas verdes ocultas;el ángulo que dibuja la puerta;la ventana y el ángulo;dos veces;perspectiva;abrir el castillo;no consta;dos símbolos y la daga;3;visión espacial;D: un estado de la caja con el shoji abierto (luz de luna) y otro cerrado (luz del andon), y cada uno enseña una cara distinta de la talla
R2-T.11;The Room Two;3 · El templo;La versión de madera;MULTIZONA, OBSERVACIÓN;volver por el espejo y poner la daga en el tejado;transición entre dos estados del espacio;la caja de madera otra vez;que hay que alternar los dos estados;el estado;objetos de un estado sirven en el otro;pensar en volver atrás;el ida y vuelta;no consta;un muñeco de paja, una gema y, con el ocular, un mapa de círculos con tres tachados;2;memoria;C: alternar entre la caja grande y la caja hija: lo que se encuentra en una sirve en la otra
R2-T.12;The Room Two;3 · El templo;Las gemas del mapa;INFORMACIÓN CRUZADA, SECUENCIA;volver al castillo, poner la gema y pulsar las tres gemas del mapa;vista cercana;el mapa de círculos con tres tachados;cuáles pulsar;las gemas pulsadas;las tachadas;poco;el mapa sirve;no consta;el pedernal;1;memoria;A: un dibujo de la tapa con tres piezas tachadas que hay que pulsar en el mosaico
R2-T.13;The Room Two;3 · El templo;El fuego;TRANSFORMACIÓN, MULTIZONA;poner el muñeco y el pedernal en el cuenco y frotar el pedernal;la cámara sigue la mecha;un cuenco;encender;el fuego;frotar enciende;poco;el fuego recorre la sala;una mecha de pólvora cruza la sala (MM);dos zonas nuevas;1;manipulación;F: encender una barrita de incienso con la llama del andon y llevar su humo por la sala: donde se cuela el humo, aparece un cajón
R2-T.14;The Room Two;3 · El templo;El segundo disparo;PERSPECTIVA, OBSERVACIÓN;apuntar a la marca y disparar;vista de mira;una marca roja oculta en un saco (WK);la marca;la puntería;acertar;encontrar la marca;el saco se vacía;el saco se vacía y la estatua se aparta (MM);un objeto metálico con estrellas;2;puntería;A: una herramienta que vuelve con otra misión (la lámpara que en el nivel 1 distrae y en el 3 alumbra)
R2-T.15;The Room Two;3 · El templo;El molde del cofre;TRANSFORMACIÓN, COMBINACIÓN DE OBJETOS;introducir el objeto en la hendidura del cofre, cerrar y volver a abrir;vista cercana;una hendidura en el cofre;que el cofre funciona como molde;el objeto colocado;cerrar transforma lo que hay dentro;una idea poco evidente;la sorpresa;no consta;un fragmento metálico;2;experimentación;H: un cajón que, al cerrarse con algo dentro, lo devuelve cambiado (la caja «digiere»: la llave sale con otro perfil), riesgo medio de parecido
R2-T.16;The Room Two;3 · El templo;El dial de jade;ROTACIÓN, PATRONES;introducir el fragmento en el dial, girar con el ocular hasta cerrar la banda y emparejar cuatro formas;vista cercana con el ocular;una banda rosa oculta;la posición que cierra la banda;el giro;cerrar la banda y luego emparejar formas;dos fases;la banda se cierra;no consta;una calavera;2;rotación;B: un anillo de jade del corazón cuya veta solo continúa en una posición
R2-T.17;The Room Two;3 · El templo;La calavera y la salida;SÍMBOLOS, PERSPECTIVA;poner la calavera en los pinchos del muro, girar el interruptor, completar el símbolo y luego las varillas;cambio de perspectiva;unos pinchos en el muro;dónde va la calavera;la pieza y el ángulo;el ritual de cierre;poco;el cierre que ya se conoce;no consta;la puerta;2;visión espacial;A: un cierre de nivel reconocible (la pieza en la cara y la caja que respira), cada vez con una vuelta nueva
R2-D.1;The Room Two;4 · La sesión de espiritismo;La cámara de fotos;CONSTRUCCIÓN, ENGRANAJES;introducir el visor de latón en la cámara, girar el engranaje con la manivela hasta extender el fuelle y girar el visor hasta enfocar;vista cercana;el visor estaba sobre la carta de la mesa;montar la cámara y enfocarla;el fuelle y el foco;enfocar abre algo;varios ajustes;el escritorio se abre de golpe;el escritorio se abre de golpe (PG);el escritorio;2;manipulación;F: un farolillo plegable (chōchin) que se despliega con su muelle y, al encenderlo, enfoca su sombra sobre el shoji
R2-D.2;The Room Two;4 · La sesión de espiritismo;La lámpara del escritorio;ROTACIÓN, OBSERVACIÓN;girar la rueda hasta ver un botón verde y pulsarlo;vista cercana;una lámpara con una rueda;el botón escondido;el giro;girar y pulsar;poco;encontrar lo escondido;no consta;una llave de tres brazos;1;exploración;A: girar la base del andon descubre un cajoncito en su pie
R2-D.3;The Room Two;4 · La sesión de espiritismo;Los cajones-combinación;INFORMACIÓN CRUZADA, ORDEN;con la llave en su forma 1, abrir los cajones hasta II, IV y V;vista cercana del escritorio;números romanos: II en un libro, V en una pata e IV tras una plaquita (se abre con dos dedos según PG, con huellas del ocular según WK);que lo que se abre cada cajón es una cifra;cuánto se abre cada cajón;estado compartido: todos a la vez en su posición;pistas en tres sitios y el cajón como dígito;los cajones se unen en uno;los cajones se unen en uno;la bombilla, y una bola cae tras una puerta;3;memoria y deducción;A: los cajones del costado como combinación: cuánto queda abierto cada uno (uno, dos o tres dedos) según las líneas de una nota, con los gestos de tirar que ya existen
R2-D.4;The Room Two;4 · La sesión de espiritismo;La bola del cubo;ROTACIÓN, LABERINTO;con la llave en su forma 2, girar las filas de un cubo y mover la bola;vista cercana;un cubo con filas que giran;el camino de la bola;las filas;la bola solo pasa por filas alineadas;rotación mental;la bola llega;no consta;la carta del Cosmos;2;rotación mental;B: girar los pisos de un inro para que una cuenta caiga de un piso a otro hasta el fondo
R2-D.5;The Room Two;4 · La sesión de espiritismo;La foto;OBSERVACIÓN, TRANSFORMACIÓN;introducir la bombilla en el flash, pulsar, sacar la foto y mirarla con el ocular;vista de la foto;la cámara ya montada;que la foto muestra algo que no está;la foto;foto y ocular;poco;aparece algo que no estaba;aparece una caja en la mesa;la máquina de tarot;2;observación;G: al apagarse la lámpara un instante, la caja deja en la mesa un objeto que no estaba (lo trae en la oscuridad)
R2-D.6;The Room Two;4 · La sesión de espiritismo;Los bloques deslizantes;DESLIZAMIENTO, ORDEN;con la llave en su forma 3, mover bloques y poner el símbolo metálico en su hueco gemelo;vista cercana;un puzle de bloques;el orden de los movimientos;la posición de los bloques;deslizante;planificar;liberar la pieza;no consta;una palanca larga;2;planificación;B: piedras de go sobre la tapa que se deslizan como un deslizante hasta dejar libre el hueco del cuerno
R2-D.7;The Room Two;4 · La sesión de espiritismo;La máquina de escribir y el tarot;INFORMACIÓN CRUZADA, SECUENCIA;escribir una palabra, leer el mensaje, poner tres cartas en la caja de tarot y repetir;vista de dos puestos;INFINITY escrito en un papel;que el resultado de una máquina es la entrada de la otra;palabras y cartas;palabra, mensaje, cartas y otra palabra (VOYAGE y luego ENDLESS);un bucle de varios pasos;conversar con las máquinas;la sala tiembla (MM);los mensajes;3;deducción;G: una conversación con la caja: el jugador le enseña un objeto, ella responde mirando otro, y ese segundo objeto es la siguiente pregunta (bucle de información con la mirada)
R2-D.8;The Room Two;4 · La sesión de espiritismo;Los interruptores;SECUENCIA, OBSERVACIÓN;abrir el panel (dos botones a la vez según PG, girando un semicírculo según WK y MM) y poner ocho interruptores;vista cercana, y el mensaje se lee con el ocular;«Up up down up down down down up», oculto en el mensaje;la secuencia escondida;ocho interruptores;arriba o abajo según el mensaje;encontrar la secuencia;poco, es transcribir;no consta;la carta de la Muerte, y con las cartas sale HOPE y cae una campana;2;observación;B: ocho piezas del mosaico que se hunden o suben según el ritmo de las ondas del té (alta, baja)
R2-D.9;The Room Two;4 · La sesión de espiritismo;La campana (inventario);TRANSFORMACIÓN, ROTACIÓN;girar la mitad inferior hasta alinear el dibujo, sacar el badajo y desplegar dos piezas;examen a pantalla completa;una campana;que se transforma en llave;el giro;alinear el dibujo;poco;el objeto cambia de función;no consta;una llave para el dial lateral de la caja y para la vitrina;1;manipulación;B: la ficha de shōgi se da la vuelta a su cara promocionada (como en el shōgi real) y con ese carácter encaja en otro hueco
R2-D.10;The Room Two;4 · La sesión de espiritismo;KHAN;DIALES, INFORMACIÓN CRUZADA;sacar un plato de un libro con cierre, ponerlo en su soporte y girar sus aros, tirar de un libro y marcar K, H, A y N alternando el sentido sin soltar el dedo (PG);vista cercana;KHAN aparece al caer una pieza;la palabra y el gesto continuo;el dial;alternar el sentido sin soltar;un gesto continuo y preciso;dial de caja fuerte;no consta;la carta Null;3;precisión;E: un dial de caracteres en el cajón largo que se marca de un solo trazo continuo, como una pincelada de caligrafía
R2-D.11;The Room Two;4 · La sesión de espiritismo;La revelación;TRANSFORMACIÓN, OBSERVACIÓN;poner Null, Tiempo y Muerte en la vitrina, el trozo de foto en el marco y mirar con el ocular, y mirar el reloj del cadáver con el ocular;vista de la sala con cambio de estado;cartas y la foto;la escena oculta;los objetos colocados;colocar y mirar;poco;el golpe narrativo;estalla la vitrina, aparece un cadáver y caen cuadros (MM);el Null;2;observación;G: una revelación tranquila al cerrar un nivel: el reflejo del té enseña la caja como era hace cien años, entera (sin sustos ni gore)
R2-X.1;The Room Two;5 · La travesía;La manivela del bote;PALANCAS;coger una manivela de un tablón a la deriva, ponerla en la proa y girar en sentido horario;vista del bote en el mar;una manivela en un tablón;nada, es una sola acción;el giro;girar;nada;un respiro narrativo;asoma un tentáculo (FD);el capítulo 6;1;ninguna;F: un interludio de una sola acción entre niveles: girar la caja hija entre los dedos mientras la grande se duerme
R2-L.1;The Room Two;6 · El laboratorio;El cajón y la esfera;DESMONTAJE, DESLIZAMIENTO;el cajón 1 da un destornillador, mover una corredera y desatornillar la esfera;vista cercana;un cajón;la herramienta y lo que suelta;los tornillos;desatornillar;poco;desmontar;no consta;una caja con tres símbolos y tres rodillos;1;manipulación;A: desmontar con una herramienta encontrada en la sala un pasador de la espalda de la caja
R2-L.2;The Room Two;6 · El laboratorio;El charco de Null;SÍMBOLOS, TRANSFORMACIÓN;llevar un asa a cada símbolo y leer el número que forma la masa;vista cercana;un charco de materia que forma números;los números 1, 7 y 3;el asa sobre cada símbolo;cada símbolo da un número;poco;una materia que parece viva;los números se forman en la masa;una batería;2;observación;F: sin sustancia mágica: el humo del incensario, empujado por el viento del shoji, forma un instante un carácter
R2-L.3;The Room Two;6 · El laboratorio;El cargador;TIEMPO, PALANCAS;girar la rueda deprisa y bajar la palanca;vista cercana;una aguja de carga;que hay que girar deprisa;la velocidad de giro;la aguja debe llegar al máximo;esfuerzo físico;la chispa;una chispa, la aguja llega al máximo y se suelta el seguro (MM);la batería cargada;1;destreza;E: frotar deprisa el lomo de la caja para darle calor hasta que el ojo se abra, con su respiración subiendo
R2-L.4;The Room Two;6 · El laboratorio;El primer láser;REFLEJOS, PERSPECTIVA;girar el láser para que pase por tres lentes, doble toque al espejo y apuntar desde él;vista desde el punto de vista del espejo;un láser, tres lentes, un espejo y la caja central;que hay que ponerse en el lugar del espejo para apuntar;la orientación del espejo;apuntar desde el espejo;el cambio de punto de vista;el rayo llega;la vista se pone de un rojo intenso al acertar (WK);un asa en estrella;2;orientación espacial;B: ver la sala desde el ojo de la caja (cámara subjetiva) para saber qué ve y qué no ve, una vista nueva que sirve a la regla de la mirada
R2-L.5;The Room Two;6 · El laboratorio;El cajón 2;TRANSFORMACIÓN, DESLIZAMIENTO;poner el asa sobre el cajón 1, que pasa a ser el 2, y mover unas correderas;vista cercana;una flecha bajo el cajón que enseña el ocular (WK);que el cajón cambia de función;las correderas;el asa cambia el cajón;poco;lo ya abierto guarda más;no consta;el tambor de imágenes, un insecto bajo el cajón y la puerta izquierda;2;exploración;A: un cajón ya vaciado en el nivel 1 que en el nivel 3 tiene doble fondo
R2-L.6;The Room Two;6 · El laboratorio;El segundo láser;REFLEJOS, LUCES;una manivela grande saca una gema que desvía el rayo y, desde otro espejo, apuntar a un escarabajo rojo;vista desde el punto de vista del espejo;una gema y un escarabajo;el desvío;la orientación;apuntar desde el espejo;dos reflejos;las medias lunas giran;se iluminan y giran las dos medias lunas que traban la puerta (MM);una batería, un escarabajo y un trozo de placa;2;orientación espacial;C: dos reflejos encadenados: el kagami lleva la luz del andon a la tetera de cobre y la tetera la rebota a la cara
R2-L.7;The Room Two;6 · El laboratorio;El fusible;RECONSTRUCCIÓN, DESMONTAJE;completar una placa rota da un fusible, el cargador falla y hay que cambiar el fusible con el destornillador;vista cercana;el cargador que ya funcionó una vez;que la herramienta falla adrede;el fusible;reparar;rompe la expectativa;arreglarlo;el cargador se rompe;la batería cargada;2;adaptación;D: la lámpara que distraía al ojo deja de servir (ya pasa en el nivel 2) y en el 3 hay que repararla, porque su papel roto deja pasar demasiada luz
R2-L.8;The Room Two;6 · El laboratorio;El visor;OBSERVACIÓN, SÍMBOLOS;introducir el tambor y la batería en el visor y mirar con el ocular;vista interna del visor;dos símbolos ocultos en la película;los símbolos;ninguna;mirar;poco;una película;no consta;los símbolos y otro escarabajo;1;observación;F: un teatrillo de sombras en el shoji que cuenta la historia de la caja y en el que asoman dos caracteres
R2-L.9;The Room Two;6 · El laboratorio;La llave de Null;COMBINACIÓN DE OBJETOS, CERRADURAS;tres escarabajos en la colección dan un asa, con dos asas en el charco la masa forma una llave y se ajustan las capas de un candado;vista cercana;la colección de insectos como contador;que la colección completa da una herramienta;los insectos, las asas y las capas;colección completa;varias fases;completar la colección;no consta;el escarabajo ciervo, que destapa un espejo;3;manejo del inventario;B: la colección son las polillas: cada una que se posa en la caja al resolver algo cuenta, y con tres se abre un cajón
R2-L.10;The Room Two;6 · El laboratorio;La lente verde;REFLEJOS, LUCES;encadenar espejos hasta la lente de la mesa;vista desde los espejos;una lente en la mesa;la cadena de espejos;los espejos;llevar el rayo;una cadena larga;la herramienta mejora;la lente se monta sola y deja ver «even more hidden symbols» (PG);una lente verde (el ocular mejorado);3;orientación espacial;E: mejorar una capacidad de la caja y no una herramienta del jugador: con el ojo nuevo la caja ve otra cosa (ya en el plan del nivel 3)
R2-L.11;The Room Two;6 · El laboratorio;Los diagramas;SÍMBOLOS, INFORMACIÓN CRUZADA;llevar cada marcador a su símbolo y bajar tres interruptores;vista de varios puestos con la lente nueva;círculos con 1, 2 o 3 puntos y una flecha en la mesa, la pizarra y un libro (MM);la correspondencia (la de dos puntos, por descarte, PG);los marcadores;cada marcador a su símbolo;pistas repartidas;la herramienta nueva sirve enseguida;un rayo sale hacia la puerta (MM);el final;3;deducción;A: usar la capacidad nueva enseguida y en varios sitios: el ojo nuevo descubre tres marcas en la sala al entrar en el nivel 3
R2-L.12;The Room Two;6 · El laboratorio;El final de las varillas;PERSPECTIVA, SÍMBOLOS;tocar el cristal y mover dos correderas con el ocular;cambio de perspectiva;varillas verde y roja;la posición de las dos correderas;dos correderas;formar el símbolo con dos colores;dos capas a la vez;el ritual dominado, con una vuelta;no consta;el fin del juego;3;visión espacial;B: el cierre crece hasta el final: en el corazón, la caja pide las tres piezas a la vez, cada una con su gesto
R3-1.1;The Room Three;1 · La proposición;La caja del tren;OBSERVACIÓN, CONEXIONES;abrir hacia fuera los cierres de la maleta y deslizar una tira para sacar el ocular, deslizar piezas hasta unir un contorno y girar la llave;vista cercana en el compartimento del tren;la caja no tiene cerradura y la llave está encima, con piezas ocultas que enseña el ocular;que la cerradura aparece al completar el contorno;la posición de las piezas;unir hasta formar un cuadrado (AU) o unir puntos (FW);poco, es el tutorial;la llave cobra sentido;la caja se pliega sobre sí misma (FW);la pirámide 1 y el traslado a la isla;1;observación;D: la llave está a la vista pero la cerradura no existe hasta que la caja abre el ojo (la cerradura aparece cuando la caja quiere)
R3-1.2;The Room Three;1 · La proposición;La mirilla;OBSERVACIÓN;deslizar el pestillo de la mirilla;vista interna a través de una mirilla;una mirilla en una puerta;lo que hay en la sala siguiente;el pestillo;mirar;nada;ver la meta antes de llegar;una escena en la que el Artesano cruza la sala (AU, FW);información: enseña la meta;1;ninguna;G: por la rendija de un cajón se ve un instante la cuenca vacía iluminada por dentro, la meta del nivel antes de poder llegar
R3-1.3;The Room Three;1 · La proposición;Los cilindros-adivinanza;INFORMACIÓN CRUZADA, DIALES;girar tres diales;vista cercana con el ocular;tres cilindros con objetos y adivinanzas que solo enseña el ocular (AU, PG);las respuestas: nada (la ventana vacía), el reloj y la pluma con el tintero;tres diales;cada adivinanza elige un objeto;pensamiento lateral (la respuesta «nada»);la respuesta trampa;se abre una ranura;una carta y una caja ornamentada;2;pensamiento lateral;G: tres adivinanzas de la caja sobre sí misma (qué tiene sin tenerlo: la voz) que se responden girando la rueda de los doce animales
R3-1.4;The Room Three;1 · La proposición;La caja ornamentada (inventario);ROTACIÓN, TRANSFORMACIÓN;girar el dial o el lateral y abrir (PG, FW);examen a pantalla completa;es el primer objeto que se manipula en el inventario;el mecanismo;el dial;girar abre;poco;una capacidad nueva;la lente se acopla sola al ocular (AU);la lente del superzoom;1;manipulación;A: un objeto del inventario que da una capacidad nueva (la cajita roja que guarda el ojo)
R3-1.5;The Room Three;1 · La proposición;La ganzúa desde dentro;ESCALA, ROTACIÓN;doble toque para entrar en la cerradura y girar ruedas por parejas;vista interna: superzoom dentro de la cerradura;cristales junto a la cerradura que enseña el ocular (FW);que se puede entrar en el mecanismo y cómo se alinean los pernos;el giro de las ruedas por parejas;los pernos deben alinearse con un haz blanco;piezas acopladas;abrir desde dentro;brillo blanco: «los tres pernos brillan» (AU, PG);la sala del altar;2;razonamiento mecánico;B: sin entrar en lo pequeño: abrir el cajón largo empujando su pestillo con una horquilla del pelo (kanzashi) por una rendija y viéndolo por ella, riesgo medio de parecido
R3-1.6;The Room Three;1 · La proposición;La fuente;COMBINACIÓN DE OBJETOS, MULTIZONA;arrastrar la pirámide al triángulo blanco;vista de la sala del altar;la carta sobre el altar;dónde va la pirámide;la pieza;una ranura con forma;nada;el contador de progreso empieza;la pirámide rueda, gira y sube un emblema (AU);el emblema de la serpiente y la rata;1;ninguna;A: la cara de la caja como contador central: cada pieza devuelta se ve en ella (ya en el plan)
R3-1.7;The Room Three;1 · La proposición;El árbol de blasones;SÍMBOLOS, COMBINACIÓN;colocar y girar blasones;vista cercana;cada blasón combina los dos que tiene encima (AU);la regla de combinación;los blasones y su orientación;cada blasón es la mezcla de los dos de arriba;deducir la regla;la lógica se descubre sola;se mueven dos espadas y el árbol sube (AU, FW);el estudio;2;lógica;F: un árbol de blasones familiares (kamon) en la tapa: cada mon de abajo mezcla los dos de arriba y falta uno que el jugador compone con piezas del mosaico, riesgo medio
R3-1.8a;The Room Three;1 · La proposición;La máquina de puertas: el panel de energía;CONEXIONES, LUCES;deslizar barras uniendo + con −;vista cercana;barras con + y − y bombillas;las conexiones;las barras;unir polos, y puede quedar una bombilla apagada (AU);poco;cerrar el circuito;las bombillas se encienden;energía para la máquina;2;lógica;B: sin máquina de puertas (prohibida): tres hilos de seda que se tensan entre clavijas hasta que suenan las tres campanillas
R3-1.8b;The Room Three;1 · La proposición;La máquina de puertas: palanca, trípode y osciloscopio;SONIDOS, PATRONES;bajar la palanca, accionar cuatro interruptores y un botón del trípode y girar dos diales del osciloscopio;la vista se va a la ventana: a lo lejos se iluminan un puente y un castillo (AU);una onda verde y una negra;el ajuste de la onda;dos diales;el dial izquierdo enciende una lámpara y el derecho iguala la onda verde con la negra (PG);ajuste fino;el tono sube cuanto más se parecen;el tono sube cuanto más se parecen (FW), y un láser abre el portal;el portal al faro;2;ajuste fino y oído;E: afinar la campanilla girando su badajo hasta que su nota coincida con la que tararea la caja, con el ojo que se relaja cuanto más cerca (feedback continuo)
R3-2.1;The Room Three;2 · El faro;El cajón de dos manos;DESLIZAMIENTO, PALANCAS;mantener un deslizador con un dedo y levantar el pestillo con otro (AU, PG);vista cercana;un cajón con deslizador y pestillo;que hay que sujetar y mover a la vez;dos controles a la vez;si se suelta, se cierra;coordinación;muy táctil;no consta;un engranaje de madera que, girado en la mesa, hace subir estructuras de la maqueta (AU);2;coordinación;A: sujetar abierta la tapa del cajón largo con un dedo mientras el otro saca la ficha
R3-2.2;The Room Three;2 · El faro;La baldosa PYRE;INFORMACIÓN CRUZADA, OBSERVACIÓN;pulsar una baldosa del suelo, inspeccionar la esfera, darle la vuelta y girarla;mirar al suelo;la palabra de la carta aparece en el suelo (AU);que la palabra está en una baldosa;la baldosa;pulsar la palabra;mirar al suelo;la carta apunta al sitio;no consta;una esfera en una cuna que da el imán 1 (AU, PG);1;observación;B: una nota de la caja con un kanji que también está tallado en uno de los bordes del tatami
R3-2.3;The Room Three;2 · El faro;La «máquina de escribir» de doble entrada;PATRONES, SÍMBOLOS;mover un marco por cuatro posiciones y pulsar botones que mueven dos flechas;vista cercana;la nota «el nombre de esta torre revelará el camino» (AU, FW);la regla no explicada: cada letra se enciende con un par concreto (una cuadrícula de doble entrada, deducción del anexo);dos flechas y el marco;P con P y P, Y con P y M, R con N y M, E con H e I (AU);la regla no se explica;descubrir la regla probando;cada letra se enciende;un arco de madera;4;deducción por prueba;F: una tabla de doble entrada del calendario tradicional (doce animales por cinco elementos): el ojo mira una fila y el dedo elige una columna
R3-2.4;The Room Three;2 · El faro;El molino y la serpiente;ESCALA, ROTACIÓN;girar la rueda hasta abrir una ventana con partículas rojas, superzoom, tirar del cascabel, girar tres niveles hasta alinear rombos y pulsar la cabeza;vista interna (superzoom en la miniatura);partículas rojas que piden entrar (AU);que la miniatura guarda un mecanismo;tres niveles;alinear rombos;poco;el asombro de escala;no consta;el imán 2 (AU, PG);2;exploración;B: sin miniaturas: una serpiente de madera articulada del tamaño de la mano que se manipula en la mano como la caja hija, riesgo medio
R3-2.5;The Room Three;2 · El faro;El arco y los símbolos;SÍMBOLOS, ESCALA;colocar y girar el arco, superzoom, mantener dos puntos con dos dedos y trazar los símbolos en el hexágono;vista interna (superzoom);al mantener dos puntos con dos dedos aparecen símbolos en tres pilares;los símbolos y su trazo;el trazo;hacer coincidir el círculo pequeño;dos gestos nuevos;trazar con el dedo;surge una estructura (AU, PG);una estructura;2;precisión;F: trazar con el dedo el carácter de la ficha de shōgi en la ceniza del incensario (la caligrafía como gesto)
R3-2.6;The Room Three;2 · El faro;La brújula de cuñas;ROTACIÓN, SÍMBOLOS;un botón gira tres cuñas (una está fija);vista con el ocular;trozos de letras en cuatro cuñas que enseña el ocular;la posición que forma N, E, S y O;el giro de tres cuñas;las cuñas giran acopladas y una es fija;piezas acopladas;las letras encajan;no consta;una pieza de maqueta rectangular, y en un cajón una esfera de reloj y símbolos que anotar (AU, PG);3;lógica;B: los cuatro animales guardianes de los puntos cardinales (tortuga, tigre, dragón y ave) que hay que orientar girando una tapa con una pieza fija
R3-2.7;The Room Three;2 · El faro;Los imanes y las constelaciones;FÍSICA, PATRONES;fijar fila y columna del visor, doble toque y mover dos imanes;vista del visor;símbolos de las placas y unas «+» en la rejilla que enseña el ocular (AU);cómo empujan y atraen los imanes;la posición de dos imanes;si los dos imanes están en la misma línea, el rombo va al centro (PG);una física poco intuitiva;dominar la regla;se abre el cerrojo superior y, repitiendo, el inferior;una pieza cilíndrica;4;razonamiento espacial;E: limaduras de hierro bajo el papel del shoji que siguen a dos piedras imán y dibujan el camino de un cerrojo
R3-2.8;The Room Three;2 · El faro;La torre del reloj en miniatura (el búho);ESCALA, MULTIOBJETO;introducir la esfera, superzoom, tirar del pico, girar la cabeza, mover el interruptor y abrir el ala;vista interna (superzoom);un búho mecánico;las partes del animal que hacen de mandos;las partes;cada parte es un control;poco;un animal mecánico;no consta;una barca de maqueta (AU, PG);2;exploración;F: un tanuki de cerámica de la sala cuyas partes (sombrero, barriga y botella) son mandos
R3-2.9;The Room Three;2 · El faro;La sala que sube;ESCALA, TRANSFORMACIÓN;introducir la pieza cilíndrica en la maqueta;transición: la sala entera sube un piso;un hueco en la maqueta;que la maqueta mueve la sala real;la pieza;lo que se hace en la maqueta pasa en la sala;nada;el asombro;la sala entera sube un piso (AU, PG, FW);la zona del casco de buzo;1;ninguna;G: sin salas que suben: al devolverle la voz, la sala se oscurece y la cámara baja, de modo que la caja parece más grande
R3-2.10;The Room Three;2 · El faro;El embarcadero y la rata;ESCALA, DESLIZAMIENTO;la pieza rectangular saca una casita y un soporte, subir la barca, girarla y deslizarla al muelle, superzoom, y en la rata deslizador, rueda, dos botones y separar las mitades;vista interna (superzoom);una rata mecánica;los controles;varios;una secuencia de controles;poco;otro animal mecánico;no consta;una llave (AU, PG);2;exploración;F: la rata de la rueda del zodiaco se saca y se abre en dos, y dentro está el siguiente animal (una cadena del zodiaco)
R3-2.11;The Room Three;2 · El faro;El maniquí recursivo;ESCALA, RECONSTRUCCIÓN;entrar con la llave en el faro de maqueta, y una manivela acerca cada miembro y abre otra ventana con superzoom, cada vez más adentro;vistas internas anidadas;una sala igual dentro de la maqueta, con su propia maqueta y un maniquí desmontado;que la recursión sigue;el nivel de recursión;cada nivel completa el de fuera;orientarse entre niveles;asombro recursivo;al salir, los maniquíes de cada nivel se completan y colocan otro piso del faro (AU, FW);un piso del faro;3;orientación;B: anidar sin miniaturas: caja grande, caja hija, cajita roja y ojo, tres niveles que se abren en la mano (ya hecho en el nivel 2)
R3-2.12;The Room Three;2 · El faro;El casco de buzo;OBSERVACIÓN, CERRADURAS;abrir un cajón (asta y carta), alinear dos X, quitar un remache y abrir una puertecita;vista cercana;la placa «Talisman & Co.» con tres símbolos y un remache;que las dos X deben coincidir;su posición;alinear;poco;ir sacando piezas;no consta;una bellota metálica, un interruptor y otra pieza de maqueta (AU, PG);2;observación;A: dos marcas iguales en dos piezas que deben quedar frente a frente (las marcas doradas de la cajita roja ya lo hacen)
R3-2.13;The Room Three;2 · El faro;El observatorio en miniatura (el saltamontes);ESCALA, MULTIOBJETO;superzoom y manejar patas, deslizador, interruptor y cabeza del saltamontes;vista interna (superzoom);un saltamontes mecánico;los controles;las partes;una secuencia de controles;poco;otro animal mecánico;no consta;un puntero (AU, PG);2;exploración;F: un grillo en su jaulita de bambú (mushikago) que canta cuando se abre la puerta correcta del santuario
R3-2.14;The Room Three;2 · El faro;El barómetro y el grifo;SECUENCIA, SÍMBOLOS;con el puntero y una manivela señalar tres símbolos en orden, y luego girar el grifo y alinear las placas;vista cercana;los tres símbolos de la placa;el orden;el puntero;cada símbolo se ilumina al señalarlo en orden;el orden;cada luz confirma;cada símbolo se ilumina, y luego sale agua y una calavera con un frasco (AU, PG, FW);un grifo de cobre y después el frasco;2;memoria;B: señalar con la aguja de un reloj de incienso tres marcas en el orden en que la caja las miró
R3-2.15;The Room Three;2 · El faro;La bellota y el arco;SIMETRÍA, ROTACIÓN;abrir la bellota del todo en el inventario, introducir el asta en el arco y girar segmentos hasta reflejar la otra asta;vista interna (superzoom);dos astas, una ya puesta;la posición simétrica;los segmentos;una asta debe reflejar a la otra;simetría mental;la roca aplasta el frasco;la roca aplasta el frasco y sale líquido rojo y una gema (AU, PG);una llave y una gema;3;simetría;B: las dos hojas del biombo deben quedar en espejo para que la grulla pintada se complete
R3-2.16;The Room Three;2 · El faro;La linterna y la jaula;LUCES, ROTACIÓN;introducir la gema en el cuenco del faro, formar un círculo en la jaula-ascensor, alinear las ventanas de dos capas con cerrojos y meter la lámpara;vista interna;dos capas con cerrojos;la alineación;las capas;ventanas alineadas;dos capas;encender el faro;no consta;la pirámide 2;2;rotación;B: dos capas de papel calado del andon que se giran hasta que sus ventanas dejan salir la luz en la dirección del ojo
R3-3.1;The Room Three;3 · La torre del reloj;La caja del arco (en el centro);PERSPECTIVA, ROTACIÓN;girar la tapa, girar las ruedas hasta formar medio arco y mover la cámara para que case con el arco roto de la pared;cambio de perspectiva entre el objeto y la pared;un arco roto en la pared;que el medio arco se completa con el de la pared desde un ángulo;las ruedas y el ángulo;perspectiva;relacionar el objeto con la sala;el arco se forma;el arco se forma y se abre la puerta de la biblioteca;la biblioteca;3;visión espacial;B: la silueta de la caja, vista desde la entrada de la sala, completa la grieta del muro (lo que se ve desde un sitio)
R3-3.2;The Room Three;3 · La torre del reloj;La máquina de puertas (2);CONEXIONES, SONIDOS;resolver un panel más complejo, seguir un cable hasta una palanca de la planta alta y usar el trípode y la radio;la vista se va a la torre, que se ilumina;un panel «bastante más complejo» (PG);las conexiones;las barras;como en 1.8, con más piezas;más piezas;el ritual dominado;«se ilumina la torre del reloj»;la torre, y el libro del Gran Khan con un cubo para el posjuego (AU);3;lógica;B: el ritual que crece sin máquina: la regla de la mirada vuelve en cada nivel con una vuelta (presentar, ampliar, invertir y combinar)
R3-3.3;The Room Three;3 · La torre del reloj;La caja dorada;DESLIZAMIENTO, SONIDOS;deslizar dos piezas a la vez con dos dedos y coger la rueda con asa;vista cercana;la pirámide se ve desde el principio (FW) y una carta anuncia la meta: la medianoche;el gesto de dos dedos;dos piezas;a la vez;coordinación;la meta está a la vista desde el principio;el pájaro de la jaula grazna (AU);la rueda con asa;2;coordinación;G: la meta a la vista desde el principio: la campanilla (la voz) se ve tras la celosía en cuanto se abre el biombo (ya en el plan del nivel 3)
R3-3.4;The Room Three;3 · La torre del reloj;La mini torre 1;PATRONES, ESCALA;superzoom, manivela, girar un disco para que encajen cuatro dedos, igualar el patrón de arriba con el de abajo, deslizar y bajar un interruptor;vista interna (superzoom);un patrón arriba y otro abajo;que hay que igualarlos;las piezas;copiar el patrón;poco;la luz verde;luz verde o roja (FW);avance;2;copia de patrones;A: copiar en la tapa de la caja hija el dibujo de marquetería de la caja grande
R3-3.5;The Room Three;3 · La torre del reloj;El laberinto de discos;LABERINTO, DESLIZAMIENTO;mover dos controles, horizontal y vertical, para meter cuatro discos en cuatro huecos;vista cercana;cuatro discos y cuatro huecos;el recorrido;dos ejes;cada disco entra por su camino;un control indirecto;cada disco acompasa el péndulo;cada disco acompasa el péndulo (FW);avance;2;coordinación;B: dos listones de bambú que mueven una cuenta en horizontal y en vertical por la rejilla del shoji
R3-3.6;The Room Three;3 · La torre del reloj;La mini torre 2;TIEMPO, ENGRANAJES;girar la manivela, que solo mueve el engranaje mientras gira, y recolocar tramos de vía entre giro y giro, y luego un patrón «más complicado»;vista interna (superzoom);vías y un engranaje;la alternancia entre girar y recolocar;las vías y los giros;la máquina solo avanza mientras se gira;dos tareas alternas;dominar el ritmo;no consta;un engranaje (AU, PG);3;planificación;E: la caja solo deja mover mientras inspira: el jugador recoloca piezas cuando espira y las mueve cuando inspira
R3-3.7;The Room Three;3 · La torre del reloj;La campana 1;SONIDOS, ENGRANAJES;el engranaje hace aparecer una escalera, poner la rueda con asa en la polea y hacer sonar la campana;transición a la planta alta;una campana con polea;dónde va la rueda;la rueda;tocar la campana;poco;el sonido como hito;se rompe un cristal rojo y caen los barrotes de un cuadro (AU);el acceso al cuadro;1;ninguna;F: cada tramo resuelto hace sonar una nota de la melodía de la caja (un indicador sonoro de progreso, ya propuesto en la biblia)
R3-3.8;The Room Three;3 · La torre del reloj;El cuadro 1;CONEXIONES, PERSPECTIVA;con el ocular, girar la torre que aparece en 3D, enlazar líneas blancas y llevar una chispa rosa al frente;vista con el ocular a través de un cuadro;la torre en 3D dentro del cuadro;el giro que enlaza las líneas;el giro;llevar la chispa por líneas enlazadas;orientarse;el cuadro cobra vida;no consta;la esfera del reloj;3;rotación mental;B: el rollo colgado tiene un paisaje en el que hay que llevar una luciérnaga de un pico a otro girando el propio rollo (sin superficie irisada)
R3-3.9a;The Room Three;3 · La torre del reloj;El ajedrez;SECUENCIA, ORDEN;mover el caballo;vista cercana;un tablero con cuatro torres;que el caballo salta en L y captura las cuatro;la posición del caballo;las reglas del ajedrez;poco, si se conoce la regla;una regla que ya se sabe;no consta;avance;2;lógica;F: una posición de shōgi en la tapa donde el caballo (keima) avanza con su salto propio hasta la ficha que falta, con la regla real del shōgi
R3-3.9b;The Room Three;3 · La torre del reloj;La mini torre 3;PATRONES, ESCALA;llevar tres piezas al centro y luego separarlas, manivela y patrón;vista interna (superzoom);piezas y un patrón;el patrón;las piezas;igualar el patrón;poco;avanzar;no consta;un asa con encaje y una bailarina (AU, PG);2;patrones;C: juntar y separar tres piezas del mosaico para que la caja hija cambie de dibujo
R3-3.10;The Room Three;3 · La torre del reloj;La caja de música y la bailarina;TIEMPO, LABERINTO;abrir el cierre (da una llave de cuerda), formar con el ocular un círculo (AU) o juntar piezas en orden (PG) y llevar la bailarina al centro abriendo y cerrando vías con un botón en el momento justo;vista cercana;vías y una bailarina que gira;el ritmo de las vías;el momento de la pulsación;la segunda bailarina va más rápida (FW);destreza y ritmo;controlar el ritmo;no consta;una gema roja (AU, PG);3;timing;E: una peonza (koma) que gira sobre la mesa y que el jugador desvía con soplidos (deslizar) hasta un hueco, lenta y sin fallo castigado
R3-3.11;The Room Three;3 · La torre del reloj;Las sombras;SOMBRAS, PATRONES;copiar dos patrones en gemas de dos caras y girar piezas hasta que su sombra forme un pájaro;vista cercana;piezas y la sombra que proyectan;la orientación que forma la silueta;el giro de las piezas;la sombra debe formar un pájaro;pensar en la sombra y no en la pieza;la silueta aparece;no consta;una llave con un pájaro (AU, PG);3;visión espacial;B: la sombra de la caja hija sobre el shoji, girándola en la mano frente al andon, debe formar el perfil de un animal, riesgo medio de parecido
R3-3.12;The Room Three;3 · La torre del reloj;La campana 2 y el cuervo;SONIDOS, TRANSFORMACIÓN;la llave abre una caja y se baja una palanca;la cámara sigue al cuervo;una jaula con un cuervo;que el animal actúa por su cuenta;la palanca;soltar al animal;poco;un ser vivo ayuda;la jaula cae y el cuervo vuela a una campana, que rompe el cristal 2 (AU, PG);el acceso al cuadro 2;1;ninguna;G: soltar las polillas del andon para que vuelen y se posen sobre lo que hay que tocar (un animal que ayuda)
R3-3.13;The Room Three;3 · La torre del reloj;El cuadro 2;CONEXIONES, PERSPECTIVA;como en el 3.8;vista con el ocular a través del cuadro;la torre del cuadro;los enlaces;el giro;como en el 3.8;es una variación;la repetición dominada;no consta;las agujas del reloj;3;rotación mental;A: repetir un puzle con una variación para dar sensación de dominio: el segundo cajón con cerradura se abre con la misma regla, pero el ojo mira desde otro lado
R3-3.14;The Room Three;3 · La torre del reloj;La medianoche;TIEMPO, CONSTRUCCIÓN;poner agujas, esfera y llave de cuerda y llevar el reloj a las 12;vista de la torre;la carta: «tu camino aparecerá cuando la última campana dé la medianoche» (FW);que la meta es la medianoche;la hora;las 12;reunir las piezas;la promesa se cumple;suena la campana grande y se abre la jaula de la pirámide 3 (AU, PG);la pirámide 3;2;memoria;G: la nota que anuncia la meta («cuando vuelva a tener voz, te enseñaré mi corazón») y un final que la cumple
R3-4.1;The Room Three;4 · El taller;Los espejos de la puerta;REFLEJOS, LUCES;introducir el dispositivo óptico en la puerta y girar espejos;vista cercana;un haz y una gema;la orientación de los espejos;los espejos;llevar el haz a la gema;poco;la puerta se abre;la puerta se abre: el invernadero (AU, PG);el invernadero;2;orientación espacial;A: llevar la luz del andon con el kagami hasta la cara (ya en el plan del nivel 3)
R3-4.2;The Room Three;4 · El taller;La máquina de puertas (3);TIEMPO, SONIDOS;mover el deslizador «al ritmo» del automático (AU, PG);vista cercana;un objetivo que se mueve;el ritmo;el deslizador;seguir al automático;seguir algo que se mueve;la sincronía;no consta;el portal;3;seguimiento;E: seguir con el dedo la respiración de la caja (subir y bajar) para calmarla antes de tocarla
R3-4.3;The Room Three;4 · El taller;Los materiales;DESMONTAJE, COMBINACIÓN DE OBJETOS;sacar un pasador del estuche de cuero en el inventario y pulsar un botón;examen a pantalla completa;una carta: «las primeras llaves las harás tú, la última está lista» (FW);que habrá que fabricar llaves;las piezas;reunir materiales;nada;prepararse;no consta;yesca y pedernal (AU, PG);1;manejo del inventario;G: la caja anuncia en su nota que el jugador le tallará una pieza (la meta y el oficio dichos desde el principio)
R3-4.4;The Room Three;4 · El taller;El salto de gemas;ORDEN, SECUENCIA;saltar gemas unas sobre otras, con un botón que reinicia (PG);vista cercana;gemas azules y rojas;la secuencia que las cambia de lado;las posiciones;azules a un lado y rojas al otro, saltando;lógica clásica de intercambio;una solución limpia;no consta (hay botón de reinicio);la pieza fundida 1, que da la bombilla 1 de 3 y mueve un engranaje en la sala de al lado (PG);3;lógica;F: fichas de go blancas y negras que intercambian lado saltando sobre la tapa de un tablero, con reinicio de un toque
R3-4.5;The Room Three;4 · El taller;La trampilla y el agua;PALANCAS, FÍSICA;llave, candado, varilla y una palanca;vista de la sala;una rueda de agua;la cadena de acciones;la palanca;el agua mueve la rueda;poco;la máquina arranca;el agua mueve la rueda (AU, PG);la rueda en marcha;1;ninguna;F: verter el té en un canalillo de la caja que llena un bambú basculante (shishi-odoshi) y su golpe suelta un cierre
R3-4.6;The Room Three;4 · El taller;La grúa del saco;PESO, CERRADURAS;llevar el saco con dos mangos a dos placas de presión, cada una para un cerrojo, y poner un anillo que evita que el primero se vuelva a cerrar (PG);vista de la sala;un saco y dos placas;cómo fijar el primer cerrojo antes de mover el saco;la posición del saco;el peso abre cada cerrojo y se cierra al quitarlo;un estado que se pierde;resolverlo en dos pasos;no consta;la sala 2;3;planificación;E: el peso de la caja hija abre un cierre de la mesa y hay que trabarlo con una cuña antes de levantarla
R3-4.7;The Room Three;4 · El taller;La sierra;FÍSICA, DESMONTAJE;pasar el saco por una trampilla;vista cercana;una sierra;que la sierra corta;el saco;la sierra raja lo que pasa;nada;causa y efecto;la sierra raja el saco (AU, PG);una barra de metal;1;ninguna;A: una cadena de causa y efecto de una sola acción (soltar la tapa de un cajón y que la ficha caiga en su hueco)
R3-4.8;The Room Three;4 · El taller;La forja;CONSTRUCCIÓN, LLAVES;yesca, pedernal y girar la rueda, ajustar tres diales del molde, introducir la barra y bombear el fuelle hasta el rojo;cámara guiada: sube y enseña el fuego (PG);el perfil de la cerradura;copiar el perfil en los tres diales;los tres diales y el fuelle;el indicador al rojo, la llave cae a un cubo de agua y, si sale mal, se vuelve a fundir (AU, PG);copiar el perfil;fabricar tu propia llave;la cámara sube y enseña el fuego (PG), y la llave cae al agua;una llave (si sale mal, se refunde);3;observación y copia;B: tallar los dientes de una llave de bambú con un gesto por diente, copiando la cerradura, y si sale mal la caja la escupe para empezar otra vez (sin forja ni moldes, control de originalidad)
R3-4.9;The Room Three;4 · El taller;La llave 1 y las dos ramas;LLAVES, MULTIZONA;usar la llave y elegir lado;vista cercana;un disco que desbloquea el lado izquierdo (un conector) o el derecho (un bloque hueco) (AU);que hay dos ramas;el lado;elegir rama;nada;poder elegir por dónde seguir;no consta;acceso a dos ramas;1;ninguna;A: abrir dos ramas a la vez en el nivel 3 (espejo y rueda por un lado, puertecitas por otro), ya en el plan
R3-4.10;The Room Three;4 · El taller;El conector y los bloques;DESLIZAMIENTO, TRANSFORMACIÓN;el disco se convierte en engranaje en el inventario e intercambiar una cruz y un círculo en un puzle de bloques;examen a pantalla completa y vista cercana;un puzle de bloques;el intercambio;los bloques;deslizante;planificar;el intercambio sale;no consta;la pieza fundida 2;3;planificación;B: intercambiar dos piezas del mosaico de la tapa (una grulla y una tortuga) en un deslizante de pocas casillas
R3-4.11;The Room Three;4 · El taller;La fresadora;ENGRANAJES, CONEXIONES;el engranaje hace salir una correa y se conectan las poleas;vista cercana;poleas;la conexión;la correa;conectar transmite el giro;poco;la máquina corta;la fresadora suelta la pieza de ajedrez 2 (AU, PG);la pieza de ajedrez 2;2;razonamiento mecánico;A: pasar un cordón de seda entre dos poleas de la caja para que una gire a la otra
R3-4.12;The Room Three;4 · El taller;La casa en 3D y el láser;REFLEJOS, SOMBRAS;las dos piezas de ajedrez abren una casa en 3D que se ve con el ocular (rueda, botones y deslizadores) y se giran espejos hasta que la silueta coincida;cámara guiada a un botón;una silueta objetivo;la orientación de los espejos;los espejos;la silueta debe coincidir;varias piezas;la coincidencia;la cámara lleva a un botón;la cerradura 2 (AU, PG);3;orientación espacial;C: mover el andon y el kagami para que la sombra de la caja coincida con una silueta pintada en el biombo
R3-4.13;The Room Three;4 · El taller;Las llaves 2 y 3 y el cubo;LLAVES, ROTACIÓN;el bloque hueco amplía el molde (PG) y se gira un cubo visto con el ocular para meter cada gema en su hueco;vista con el ocular;un cubo;los giros;la orientación del cubo;cada gema a su hueco;rotación en 3D;el encaje;no consta;una gema roja que abre la cerradura 3 (AU, PG);3;rotación mental;B: girar la caja hija en la mano para que una cuenta caiga por sus agujeros internos hasta su hueco (la caja entera como laberinto)
R3-4.14;The Room Three;4 · El taller;Los engranajes con gemas;ENGRANAJES, DESLIZAMIENTO;un botón selecciona la sección (se iluminan barras) y otro la mueve;vista cercana;secciones y cuatro gemas;cuál mover y cuándo;las secciones;cuatro gemas abajo;un control indirecto;bajar las cuatro;se iluminan barras;la pieza fundida 3, la bombilla 3 y la puerta (AU, PG);3;planificación;B: elegir con la mirada y mover con el dedo: el ojo mira una fila (la selecciona) y el jugador la desliza
R3-4.15;The Room Three;4 · El taller;La imprenta y el brazo;INFORMACIÓN CRUZADA, CONSTRUCCIÓN;tocar la manivela de la imprenta (se rompe), tablón, sierra, torno y mango, imprimir una hoja y copiar tres símbolos del brazo;vista con el ocular de la hoja, que muestra un brazo en 3D;la hoja enseña un brazo en 3D;copiar los símbolos en el brazo real;tres símbolos;copiar;una cadena larga;la máquina rota se rehace;la manivela se rompe al tocarla (AU);un árbol de levas que hace que el brazo real suelte una llave extraña;3;memoria y copia;D: la herramienta se rompe al primer uso: la llave de bambú se astilla en la cerradura del cajón largo y hay que rehacerla
R3-4.16;The Room Three;4 · El taller;Los tres cerrojos;LLAVES, TRANSFORMACIÓN;reconfigurar la llave en el inventario entre un uso y otro (PG);examen a pantalla completa y vista cercana;tres cerrojos;las tres configuraciones;la forma de la llave;una configuración por cerrojo;tres configuraciones;una llave versátil;no consta;la pirámide 4;2;manipulación;A: la llave de bambú sirve dos veces (biblia §7.3) y en el final una tercera, con otro giro
R3-5.1;The Room Three;5 · El observatorio;El libro y el ascensor;COMBINACIÓN DE OBJETOS, MULTIZONA;introducir el libro en el atril y bajar la palanca «UP»;transición a otra planta;un atril;dónde va el libro;el libro;el atril lo pide;nada;una zona nueva;se abre un ascensor (AU, PG);la planta alta;1;ninguna;A: poner la nota en el atril de lectura (kendai) abre una trampilla del suelo de tatami
R3-5.2;The Room Three;5 · El observatorio;La máquina de puertas (4): el osciloscopio roto;MULTIZONA, RECONSTRUCCIÓN;coger un destornillador, bajar al estudio, sacar el componente de su osciloscopio, subir y ponerlo;transición entre zonas;el panel ya sin + ni − (PG) y el osciloscopio roto;que el repuesto está en una máquina de otra sala;la pieza;aprovechar una máquina ya usada;pensar en otra sala;lo viejo sirve;no consta;la máquina funciona;3;memoria espacial;C: sacar una pieza de algo ya resuelto (el muelle de un cajón del nivel 1) para reparar el mecanismo del nivel 3
R3-5.3;The Room Three;5 · El observatorio;El telescopio roto;DESMONTAJE;abrir la cúpula y quitar la lente rota;vista cercana;un telescopio;que le falta la lente;la pieza;quitar;nada;una meta clara;no consta;una meta: una pieza que buscar;1;ninguna;A: enseñar pronto el hueco de lo que falta (la cuenca vacía ya lo hace)
R3-5.4;The Room Three;5 · El observatorio;El disco de pared;DIALES, LUCES;girar un disco, otro disco y una aguja;vista cercana;cuatro luces rojas;la posición que las enciende;dos discos y una aguja;encender las cuatro luces;tres variables;las luces se encienden;se encienden cuatro luces rojas;un vidrio grabado (AU, PG);2;experimentación;B: tres aros de la tapa que, al alinearse, encienden por partes cuatro luciérnagas del biombo (progreso visible por partes)
R3-5.5;The Room Three;5 · El observatorio;La mesa con luz (Draco);DIALES, OBSERVACIÓN;girar los discos hasta «DRACO THE DRAGON» y anotar cuatro soles rojos;vista cercana;discos con constelaciones;la constelación;los discos;formar Draco;poco;un nombre reconocible;no consta;una estrella de cristal y cuatro posiciones anotadas (AU, PG);2;observación;F: girar la rueda del zodiaco hasta el dragón y anotar dónde quedan cuatro marcas rojas
R3-5.6;The Room Three;5 · El observatorio;La constelación de la pared;PATRONES, INFORMACIÓN CRUZADA;con la estrella y el ocular, tocar las estrellas en esas cuatro posiciones;vista con el ocular;las cuatro posiciones de 5.5;trasladar las posiciones;las estrellas pulsadas;copiar;el traslado;conectar dos sitios;no consta;un pergamino y una lente (AU, PG);2;memoria;A: tocar en el papel del shoji cuatro puntos en las posiciones vistas en la rueda
R3-5.7;The Room Three;5 · El observatorio;El descifrador;SÍMBOLOS, INFORMACIÓN CRUZADA;deslizar el pergamino hasta que casan las formas, poner los símbolos en las ruedas del telescopio, colocar la lente y formar una constelación con dos manijas;vista interna del telescopio;un pergamino con formas;los dos símbolos;el pergamino, las ruedas y las manijas;casar formas;varias fases;descifrar;no consta;una placa (AU, PG);3;deducción;B: una plantilla calada de tintorero (katagami) que se pone sobre la nota y deja ver solo las palabras que importan
R3-5.8;The Room Three;5 · El observatorio;La placa del descifrador;SÍMBOLOS, PATRONES;poner la placa sobre el descifrador y alinear planetas con el ocular;vista con el ocular;planetas;los dos símbolos;los planetas;al alinearse aparecen dos símbolos;poco;avanzar;aparecen dos símbolos;la constelación 2 y un asa de hierro, que abre la puerta (AU, PG);2;observación;A: la misma plantilla calada sirve dos veces, sobre la nota y sobre el mosaico
R3-5.9;The Room Three;5 · El observatorio;El podio exterior;DIALES, LUCES;girar un dial-brújula, unos discos de estrella y luna y unas solapas;vista cercana;luces que se encienden;las configuraciones;los discos;dar energía;varias;las luces;se encienden luces;un engranaje y un engranaje cuadrado (AU, PG);2;experimentación;B: un sol y una luna tallados en la caja que se giran hasta que la luna tape al sol (un eclipse) y la caja cierra los ojos
R3-5.10;The Room Three;5 · El observatorio;El reloj de sol;ESCALA, ENGRANAJES;poner el reloj de sol de maqueta en el III y usar engranajes intercambiables y una manivela;vista de la maqueta y del reloj grande;«el reloj de sol grande imita» a la maqueta (AU);que la maqueta mueve el grande;la posición;lo que se hace en lo pequeño pasa en lo grande;los engranajes;el grande imita;el reloj de sol grande imita el movimiento (AU);el asa grande, el orbe y, en el inventario, un asa de latón y un orbe con encaje que hace subir el planetario (AU, PG);3;razonamiento mecánico;B: lo que se hace en la caja hija lo repite la grande (eco), sin maquetas ni miniaturas, riesgo medio
R3-5.11;The Room Three;5 · El observatorio;Los planetas;MULTIOBJETO, PALANCAS;Mercurio con palancas, Venus con el orbe, y la Tierra girando anillos hasta formar el mapa y luego la Luna;vista de cada planeta;cada planeta con su minipuzle;cada solución;varios;cada uno enciende un símbolo;la variedad;completar la colección;cada planeta enciende un símbolo (AU, PG);los símbolos encendidos;3;variada;B: las tres secciones del santuario, cada una con un minipuzle distinto que enciende un farolillo
R3-5.12;The Room Three;5 · El observatorio;La miniatura que rompe la sala;ESCALA, TRANSFORMACIÓN;introducir la pieza fundida de la Luna en una casa del mapa, ajustar su forma con el ocular, superzoom y girar un orbe;vista interna: una réplica de una sala real;una réplica de una sala;que lo que pasa dentro pasa fuera;el orbe;lo que se rompe en la réplica se rompe en la sala;la idea;el asombro;el planetario cae y rompe el suelo, también en la sala real (AU, FW);una talla hexagonal y la tapa de la lente;3;pensamiento lateral;B: sin miniaturas: lo que hace la caja cambia la sala (si cierra el ojo, el humo y las polillas se quedan quietos), riesgo bajo
R3-5.13;The Room Three;5 · El observatorio;El telescopio con tapa;SÍMBOLOS, LUCES;poner símbolos y tres cuadrados sobre tres pirámides;vista cercana;símbolos;la configuración;los cuadrados;dar energía;poco;un respiro;da energía a una máquina (AU, PG);energía;2;observación;A: un paso corto entre dos largos para dar respiro (ritmo de dientes de sierra)
R3-5.14;The Room Three;5 · El observatorio;El suelo roto;PATRONES, DESLIZAMIENTO;mover gemas de colores;vista del suelo;el dibujo del suelo;copiar el dibujo;las gemas;copiar;poco;el patrón se completa;no consta;avance (AU, PG);2;copia de patrones;B: recolocar las piezas del mosaico que el despertar de la caja desordenó, copiando el dibujo de la otra cara
R3-5.15;The Room Three;5 · El observatorio;El radar;SÍMBOLOS, OBSERVACIÓN;girar un globo siguiendo una luz roja que parpadea y trazar cada símbolo de un solo trazo, tres veces;vista cercana;una luz roja que parpadea;dónde está cada símbolo;el giro y el trazo;un solo trazo por símbolo;tres veces;trazar;la luz deja de parpadear;avance (AU, PG);2;precisión;B: un parpadeo de la caja que se acelera cuando la cámara se acerca a lo buscado (frío o caliente con el ojo)
R3-5.16;The Room Three;5 · El observatorio;El laberinto en primera persona;LABERINTO, MEMORIA;pulsar tres botones: izquierda, avanzar y derecha;primera persona dentro del laberinto;un mapa en la pared y un símbolo por placa;el camino a cada placa y su puerta;la posición;pisar la placa de cada símbolo y entrar en la cámara central por su puerta;orientarse;poco, TA lo criticó como inútil;el cristal se rompe;un orbe (AU, PG);3;orientación;D: evitarlo: nada de laberintos en primera persona, y si hace falta un recorrido, que se vea desde arriba en la tapa
R3-5.17;The Room Three;5 · El observatorio;Marte;PALANCAS, ROTACIÓN;superzoom, levantar un brazo de resorte con una mano y girar el cilindro con la otra (dos veces), luego palanca y botón;vista interna (superzoom);un brazo de resorte;que hacen falta dos manos;el brazo y el cilindro;sujetar y girar a la vez;coordinación;hacer fuerza con las dos manos;no consta;la pirámide 5 (AU, PG);2;coordinación;A: sujetar cerrado el párpado de la caja hija con un dedo y girar su tapa con otro
R3-F.1;The Room Three;Final;La llave del Artesano;CONSTRUCCIÓN, COMBINACIÓN DE OBJETOS;ninguna (se hace solo);secuencia automática;las cinco pirámides;nada;ninguna;las cinco se juntan;nada;el contador se llena;las pirámides se combinan en la llave del Artesano y el portal se abre solo (AU, FW);la llave del Artesano;1;ninguna;A: las tres piezas devueltas se juntan solas en la cara antes del final (la cara completa), sin portal
R3-F.2;The Room Three;Final;El proyector;REFLEJOS, LUCES;abrir la cúpula con la llave, superzoom, alinear agujeros bajo tres cilindros y pulsar, mover un espejo, colocar otro, y con un botón bloquear dos haces y con otro girar los demás;vista interna (superzoom);haces de luz y un cristal rojo;cómo apuntar los cuatro haces;los botones y los espejos;los cuatro haces al cristal rojo;varias fases;el final;se abre la puerta del compartimento del tren y aparecen dos ranuras laterales (AU, PG), y una película se pone en marcha;el final «Imprisoned»;3;orientación espacial;B: un final que cambia según lo que el jugador guardó (la caja hija, la nota), sin proyector ni portal
R3-CF1;The Room Three;Posjuego · Change Your Fate (sin pistas);El reloj de pie en tiempo real;TIEMPO, OBSERVACIÓN;mirar con el ocular y marcar 4-1-2 con unas pesas;vista cercana;con el ocular, las marcas de cada cuarto de hora, y el péndulo muestra 4-1-2;que el reloj solo se abre en las horas en punto, los cuartos y las medias reales;el momento real y las pesas;el reloj sigue la hora real del aparato;esperar al tiempo real y sin pistas;el juego sabe qué hora es;no consta;el cristal 1 (AU, PG, FW);4;observación y paciencia;E: un secreto opcional: de madrugada real la caja duerme más hondo y su ojo tarda más en abrirse (nunca bloquea el avance)
R3-CF2;The Room Three;Posjuego · Change Your Fate (sin pistas);La bola dorada;FÍSICA, TIEMPO;balancear al ritmo una lámpara o péndulo;vista de la planta alta;una caja fuerte colgada;el ritmo del balanceo;el balanceo;golpear la caja fuerte hasta que caiga;el ritmo;la caja fuerte cae;la caja fuerte cae al altar;el cristal 2 y una carta (AU, PG);3;ritmo;E: balancear el andon colgado al ritmo del viento del shoji para que su luz toque la caja en el instante justo
R3-CF3;The Room Three;Posjuego · Change Your Fate (sin pistas);La máquina del invernadero;LABERINTO, MULTIOBJETO;con los dos cristales, resolver un laberinto con brújula;vista cercana;una brújula;el camino;la brújula;laberinto;orientarse;el artefacto;no consta;el artefacto A (AU, PG);3;orientación;C: un recorrido por la tapa cuya brújula es la mirada del ojo (el norte es donde mira)
R3-CF4;The Room Three;Posjuego · Change Your Fate (sin pistas);La bandeja de Maggie y el escritorio;TRANSFORMACIÓN, CERRADURAS;la bandeja da un mecanismo que en el inventario se convierte en llave, y luego los cajones del escritorio del estudio (pestillos ocultos, asa, discos y placa);vistas de varias salas;un personaje mecánico (Maggie) y el escritorio cerrado desde el capítulo 1;la llave y el orden de los cajones;varios;dependencias entre salas;sin pistas;un personaje que responde;Maggie muestra la carta «Imprisoned», da una rueda con manivela y escribe en el cristal «HE DECEIVES YOU»;la ficha 1;4;memoria espacial;G: la caja escribe en el vaho de la tetera una frase corta solo para quien vuelve a jugar (un secreto de posjuego)
R3-CF5;The Room Three;Posjuego · Change Your Fate (sin pistas);El sótano: cajones de sumas;COMBINACIÓN, ORDEN;abrir la verja con la rueda y mover deslizadores en tres cajones de sumas (17, 31 y 30);vista del sótano;tres totales;las combinaciones que suman cada total;los deslizadores;cada cajón debe sumar su número;aritmética;el cálculo sale;se enciende «LIBRARY» y suena el teléfono de la biblioteca;una llave en cruz (AU, PG, FW);3;cálculo;F: las cuentas de un ábaco (soroban) en la tapa deben sumar el número de pétalos del crisantemo tallado
R3-CF6;The Room Three;Posjuego · Change Your Fate (sin pistas);Simón dice;MEMORIA, SECUENCIA;repetir con unos cajones una secuencia aleatoria;vista cercana;cajones que se mueven en un orden;repetirlo;la secuencia;la secuencia es aleatoria;memoria;ganar la ronda;no consta;la ficha 2, la carta «Escape» y una manivela (AU, PG, FW);3;memoria;A: los tres cajones del costado asoman en un orden y hay que tirar de ellos igual (memoria corta, con señal visual y sonora)
R3-CF7;The Room Three;Posjuego · Change Your Fate (sin pistas);El teléfono y el cilindro de cera;SONIDOS, MULTIZONA;poner el cilindro en el gramófono de la biblioteca, tocar el otro gramófono con la manivela en el invernadero, llamar al 1795 y contestar en la biblioteca;transiciones entre salas;el número del teléfono de la biblioteca (1795 en AU, PG y FW, 1895 en otra página de FW);que una sala graba lo que suena en otra;la llamada;grabar por teléfono;causalidad a distancia y sin pistas;el ingenio de la idea;el cilindro queda grabado;la ficha 3, la carta «Release» y un dispositivo (AU, PG);4;pensamiento lateral;H: la caja graba un sonido de la sala (el golpe de la tapa de la tetera) y lo repite como clave cuando el jugador toca su boca
R3-CF8;The Room Three;Posjuego · Change Your Fate (sin pistas);Los trozos de la llave;PERSPECTIVA, LLAVES;con el ocular, alinear tres trozos de una llave girando una rueda y la cámara;cambio de perspectiva;tres trozos de llave;el ángulo y el giro que los juntan;la rueda y la cámara;anamorfosis;perspectiva y sin pistas;la llave aparece;no consta;una llave (AU, PG);3;visión espacial;B: tres trozos de un dibujo en tres cajones que solo forman la llave cuando los tres quedan abiertos a la medida justa, vistos desde arriba
R3-CF9;The Room Three;Posjuego · Change Your Fate (sin pistas);La cerradura del árbol;ESCALA, CERRADURAS;quitar los ladrillos, formar una cerradura con el superzoom y alternar entre girar la llave en el árbol y girar desde dentro su pestillo diminuto, dos veces;alternar la vista exterior y la interna;un árbol con una caja;la alternancia entre fuera y dentro;la llave y el pestillo;dos escalas a la vez;alternar escalas;el cierre del posjuego;Maggie se apaga;la ficha 4, la carta «Lost» y el artefacto B (AU, PG, FW);4;coordinación entre vistas;C: alternar entre girar la llave por fuera y empujar con una horquilla del pelo por una rendija, sin entrar en lo pequeño, riesgo medio
R3-F.E;The Room Three;Finales alternativos;Final «Escape»;LUCES;poner el artefacto B en el proyector y mantener el haz sobre la gema verde;vista del proyector;el proyector ya conocido;la variante;el haz;mantener el haz;es una repetición;otro final;se abre una puerta de madera (AU, PG, FW);el final «Escape»;2;atención;B: un segundo final si el jugador hace algo opcional (devolver las polillas a la lámpara), sin repetir el mismo puzle
R3-F.R;The Room Three;Finales alternativos;Final «Release»;LUCES, REFLEJOS;poner el artefacto A y alinear los haces;vista del proyector;el proyector ya conocido;la variante;los haces;alinear;es una repetición;otro final;se abre una puerta de madera (AU, PG, FW);el final «Release»;2;orientación espacial;G: un final en que la caja queda libre (se marcha) si el jugador le devolvió algo que no pedía
R3-F.L;The Room Three;Finales alternativos;Final «Lost»;LUCES, DESMONTAJE;poner los dos artefactos y quitar con el destornillador una tapa del proyector del artefacto A;vista del proyector;los dos artefactos;que hay que romper el proyector;la tapa;quitar la tapa;pensar en desmontar en vez de alinear;subvertir el ritual;aparece un agujero (AU, PG, FW);el final «Lost»;3;pensamiento lateral;D: un final escondido que se logra rompiendo una regla aprendida (tocar la caja mientras mira), solo cuando ya se ha completado
OS-T1;The Room: Old Sins;Tutorial · El desván;El foco;DESMONTAJE, CONEXIONES;abrir cierres y tapa de la maleta, girar el destornillador con un gesto circular (GZ) y cerrar el circuito con dos dedos: la pieza de arriba a un lado, la de abajo hacia arriba y la de arriba de vuelta (AU, LW);vista del desván a oscuras;un foco roto;cómo repararlo;las piezas del circuito;una secuencia de dos piezas;poco;la luz;un relámpago enseña un cadáver que luego ha desaparecido, y el foco ilumina la casa de muñecas (LW);la casa iluminada;1;manipulación;G: el primer gesto enciende la escena: tirar del cordón del andon enciende la sala y la caja abre el ojo (sin cadáver ni susto)
OS-T2;The Room: Old Sins;Tutorial · El desván;La verja;ROTACIÓN;girar la moneda central y abrir las hojas;vista exterior de la casa de muñecas;una verja con una moneda;que la moneda gira;la moneda;girar abre;nada;abrir la casa;se abren también las puertas de la casa y aparece una película de colores (AU, GZ, LW);el acceso a la casa;1;ninguna;A: una acción en un sitio cambia otro a la vez (correr el shoji hace que la caja abra el ojo)
OS-T3;The Room: Old Sins;Tutorial · El desván;El ocular y el objetivo;TRANSFORMACIÓN, OBSERVACIÓN;el asa lateral de la maleta abre un compartimento y, en el inventario, el ocular se abre bajando una palanca dorada;examen a pantalla completa;con el ocular, en la maleta se lee «BREAK THE SEAL, FIND THE NULL» (AU, LW);el objetivo principal;la palanca;abrir la herramienta;nada;el objetivo queda dicho;aparece el texto del objetivo;el ocular y el objetivo principal;1;ninguna;G: el objetivo lo dice la propia caja en su primera nota («Me falta un cuerno…»), ya hecho
OS-T4;The Room: Old Sins;Tutorial · El desván;El pasillo ilusorio;PERSPECTIVA, ORDEN;mover las piezas amarillas (silla, cuadro y lámpara) hasta que el pasillo quede recto, y doble toque para entrar;perspectiva forzada;piezas amarillas que se mueven (el color marca lo interactivo);la posición que endereza el pasillo;la posición de tres piezas;perspectiva forzada;poco;una ilusión que se resuelve;la escalera del frente se separa y aparece un sello (LW);la entrada al vestíbulo;2;visión espacial;B: colocar la tetera, una taza y el incensario para que, vistos desde la puerta, sus sombras dibujen el contorno de la caja
OS-V1;The Room: Old Sins;Vestíbulo;El libro;OBSERVACIÓN;bajar el cierre;vista cercana;un libro;la historia;el cierre;abrir;nada;la narrativa;una mancha negra pasa las páginas y deja ver una entrada de Abigail (LW);historia;1;lectura;G: cada nivel guarda una nota de la caja que se escribe sola al abrirse y se guarda en la bandeja para releerla (ya existe la nota guardada)
OS-V2;The Room: Old Sins;Vestíbulo;La moneda y la constelación;TRANSFORMACIÓN, PERSPECTIVA;el dial de la caja da una moneda, y en el inventario se deslizan sus piezas hasta formar un molinete que entra en un hueco con su forma, y luego con el ocular se mueven dos ruedas;examen y vista con el ocular de constelaciones en 3D;un hueco con forma de molinete y un contorno amarillo;la forma de la moneda y el ángulo;las piezas y las ruedas;casar con la silueta y con el contorno;poco;el encaje;un aviso dice que el blasón va «en la casa» (AU, LW);un blasón;2;manipulación;B: una moneda antigua con agujero cuyas piezas se deslizan hasta formar el perfil del hueco de la frente
OS-V3;The Room: Old Sins;Vestíbulo;El sello y el ciervo;SÍMBOLOS, ROTACIÓN;poner el blasón en el hueco iluminado de la cima, mantener pulsado el símbolo central hasta que todos brillen y girar el ciervo 180° hasta alinear flechas;vista exterior de la casa;un hueco iluminado y un sello;que hay que mantener el dedo;el tiempo de pulsación y el giro;mantener hasta que todos brillen;un gesto nuevo;la carga que crece bajo el dedo;llamas, aparece el sello y salen dos pedestales (AU, LW);una moneda de plata;1;gestos;A: mantener el dedo en la frente de la caja hasta que se calme y deje de respirar (un gesto de mantener que encaja con la regla)
OS-V4;The Room: Old Sins;Vestíbulo;La segunda constelación;PERSPECTIVA, ROTACIÓN;como la primera constelación;vista con el ocular;un contorno;el ángulo;las ruedas;igual que V2;es una repetición;fijar lo aprendido;no consta;un panel ornamentado (AU, LW);1;visión espacial;A: repetir enseguida un puzle recién aprendido para fijarlo, con una pieza más
OS-V5;The Room: Old Sins;Vestíbulo;La tapa de botones por parejas;COMBINACIÓN, SECUENCIA;pulsar a la vez con dos dedos dos botones del mismo color, mover con un aro los cristales que tapan los botones y fijarlos con cerrojos, en tres fases;vista cercana;botones de colores, algunos tapados;que van por parejas;los botones y el aro;un botón solo no hace nada;tres fases;usar las dos manos;tentáculos y un símbolo del sello ennegrecido (AU, LW);el artefacto;2;coordinación;B: tocar a la vez dos piezas gemelas del mosaico: la caja solo responde a pares, como a un doble aplauso
OS-E1;The Room: Old Sins;Estudio (con cocina y curiosidades);El cisne y la farola;TRANSFORMACIÓN, MULTIZONA;abrir el artefacto con una pulsación larga, poner el cisne en el pedestal y la farola en su poste;cámara guiada: una vuelta de 360° a la casa (LW);un pedestal vacío;dónde va cada pieza;la pieza;el artefacto se convierte en una pieza para la casa;nada;la casa cambia;la casa se ilumina y la cámara le da una vuelta de 360°, que ya es una pista (LW);la farola y la casa iluminada;1;ninguna;A: tras cada pieza devuelta, la cámara da una vuelta lenta a la caja enseñando qué ha cambiado (una pista sin texto)
OS-E2;The Room: Old Sins;Estudio (con cocina y curiosidades);El panel del balcón;SIMETRÍA, ENGRANAJES;mover dos compases que bloquean engranajes;vista exterior;el panel vecino como modelo;que hay que copiar el panel vecino («en espejo», AU);los compases;copia;el espejo;la copia sale;no consta;el estudio;2;simetría;A: la mitad buena de la máscara como modelo de la mitad dañada (la simetría de la cara)
OS-E3;The Room: Old Sins;Estudio (con cocina y curiosidades);El escritorio, primera fase;ORDEN, PERSPECTIVA;llevar un círculo a tres iconos en el orden del crecimiento, alinear rombos en 3D con el ocular (tres veces) y abrir la caja fuerte y un cerrojo de barra;vista con el ocular;iconos (semilla o bellota, hoja o flor y árbol, LW y AU los describen distinto) y rombos;el orden natural del crecimiento;el círculo y el ángulo;el orden del crecimiento;varias fases;una regla del mundo;no consta;un eslabón, un medallón y una manivela (AU, LW);2;lógica;F: el orden de las estaciones (ciruelo, cerezo, arce y nieve) como clave de cuatro tablillas
OS-E4;The Room: Old Sins;Estudio (con cocina y curiosidades);La manivela que invierte;SIMETRÍA, ORDEN;llevar lunas y triángulos a sus marcas con un brazo que los invierte al pasar al otro lado (LW);vista cercana;unas marcas de destino;que el brazo invierte las piezas;las piezas;la inversión;pensar al revés;dominar la inversión;no consta;un pozo, que abre la cocina (AU, LW);3;rotación mental;D: lo que se gira en la caja hija gira al revés en la grande, como en un espejo
OS-E5a;The Room: Old Sins;Estudio (con cocina y curiosidades);Las campanas de la cocina;SONIDOS, ORDEN;desatornillar la placa «Bell Foundry» y tocar las campanas en orden, las superpuestas a la vez;vista con el ocular;símbolos bajo la placa y, con el ocular, símbolos en las campanas;el orden;las campanas;en orden, y las superpuestas a la vez;la simultaneidad;la música;los símbolos se encienden;un tintero (AU, LW);2;secuencia;F: tres campanillas de viento (fūrin) del alero que se tocan en el orden de un poema corto de la nota
OS-E5b;The Room: Old Sins;Estudio (con cocina y curiosidades);El horno de semicírculos;ROTACIÓN, TIEMPO;girar semicírculos que dejan pasar bloques, en tres rondas;vista cercana;bloques y semicírculos;cómo pasan los bloques;los semicírculos;tres rondas;las rondas;superarlas;no consta;una rueda pequeña (AU, LW);2;coordinación;B: aros de un sello que dejan pasar el humo del incensario por una rendija, en tres rondas
OS-E6;The Room: Old Sins;Estudio (con cocina y curiosidades);El tintero;SÍMBOLOS, CERRADURAS;abrir dos trampillas de símbolos;vista cercana;símbolos;la combinación;las trampillas;símbolos;poco;de relleno según AU;no consta;un fragmento de esmalte (AU, LW);1;observación;F: la piedra de tinta de caligrafía (suzuri) con dos tapas cuyos kanji se emparejan
OS-E7;The Room: Old Sins;Estudio (con cocina y curiosidades);Los cerrojos «comecocos»;ORDEN, MULTIOBJETO;mover cajones que giran cuatro cierres (uno a medio abrir, en la marca dorada) y, con el superzoom, llevar piezas por una vía con palancas y una rueda;vista con el ocular y vista interna;cristales que se vuelven rojos con el ocular;la posición final de cada cajón;la apertura de cuatro cajones;estado compartido: cada cajón debe quedar en su sitio;los cajones se afectan entre sí;todo encaja a la vez;no consta;el mango de una bomba (AU, LW);3;lógica;A: que cada cajón del costado gire un cerrojo de la espalda según cuánto queda abierto (estado compartido), riesgo bajo
OS-E8;The Room: Old Sins;Estudio (con cocina y curiosidades);La bomba y la foto;MULTIZONA, OBSERVACIÓN;poner la bomba, que trae agua a la cocina y hace subir la botella, quitarle el tapón en el inventario y mirar con el ocular la foto rota en su marco;vistas de dos habitaciones;una botella fuera de alcance y una foto rota;que el agua de una sala sube la botella de otra y que la foto esconde símbolos;los objetos y el agua;el agua viaja entre habitaciones;causalidad entre habitaciones;el agua llega;la botella sube con el agua;cuatro símbolos, un dial y un tren (AU, LW);3;memoria espacial;F: verter té por el pico de la tetera en un hueco de la caja hace flotar un objeto hasta el borde (un líquido como herramienta, sin red de salas)
OS-E9;The Room: Old Sins;Estudio (con cocina y curiosidades);El tren;CONSTRUCCIÓN, PERSPECTIVA;montar rueda, biela, montante, varilla y rejilla (que en el inventario se vuelve triángulo) y un conector en L, entrar con superzoom, leer «25» y «BF» por los ojos de buey inclinando la vista con el ocular, marcar 25BF y dar cuerda;vista interna y cambio de perspectiva;huecos para cada pieza y un código que solo se lee en ángulo;las piezas y el código;las piezas, el ángulo y el candado;montar, leer y marcar;muchas piezas;el tren anda;el escritorio se abre;una chimenea (AU, LW);3;montaje y visión espacial;B: un código que solo se lee mirando por los agujeros de un biombo calado con la cámara ladeada
OS-E10;The Room: Old Sins;Estudio (con cocina y curiosidades);La chimenea;PERSPECTIVA, DIALES;igualar tres viales con un dial y mirar desde un ángulo con el ocular hasta formar el símbolo;cambio de perspectiva;tres viales con distinto nivel;el nivel y el ángulo;el dial y el ángulo;igualar y luego mirar;dos fases;el símbolo;clics (AU, LW);la sala de curiosidades;2;visión espacial;B: tres tazas con distinto nivel de té que hay que igualar vertiendo de una a otra
OS-E11a;The Room: Old Sins;Sala de curiosidades (en el capítulo del estudio);El globo y la bola de luz;CONEXIONES, LUCES;poner un trozo de mapa en su hueco y, con el ocular, llevar una bola de luz por una torre, una pirámide y un barco con piezas que giran;vista con el ocular;un globo con huecos;el camino de la luz;las piezas;conectar;varias piezas;el destello;si el trozo no es el correcto, sale un aviso (LW), y al acertar un destello;avance;2;conexiones;B: la llama del andon recorre un camino de papel aceitado que hay que completar girando piezas
OS-E11b;The Room: Old Sins;Sala de curiosidades (en el capítulo del estudio);Las máscaras;PATRONES, SIMETRÍA;arreglar la máscara de madera copiando la de metal;vista cercana;dos máscaras;copiar una en la otra;las piezas;copia;poco;la copia sale;no consta;avance;2;copia de patrones;F: una máscara nō de la pared como modelo para recomponer la talla de la cara de la caja
OS-E11c;The Room: Old Sins;Sala de curiosidades (en el capítulo del estudio);El tablero láser y Anubis;REFLEJOS, LUCES;resolver un tablero láser con portales y reflectores;vista cercana;un láser, portales y reflectores;el recorrido del haz;los reflectores;llevar el láser a su meta;los portales;la máscara sube;sube la máscara de Anubis y hay una escena;una gema y una plancha que en el inventario se desmonta y da un asa (AU, LW);3;orientación espacial;B: sin portales: la luz de luna que entra por las rendijas del shoji se lleva hasta la cara con dos espejos
OS-E12;The Room: Old Sins;Sala de curiosidades (en el capítulo del estudio);El modelo anatómico;OBSERVACIÓN, DIALES;el esmalte abre el párpado, buscar con rayos X tres triángulos y pasar sus símbolos a los diales del pecho;vista de rayos X;tres triángulos que señalan símbolos;los símbolos;los diales;copiar los símbolos;buscar;ver por dentro;se abre un hueco;un hueco que se usa luego (AU, LW);2;observación;B: a contraluz del andon, el papel washi de una caja deja ver lo que hay dentro (transparencia del papel, no rayos X)
OS-E13;The Room: Old Sins;Estudio (con cocina y curiosidades);La segunda puerta del horno;ROTACIÓN, MULTIZONA;abrir con el asa, poner el eslabón y girarlo en sentido horario (al revés, las chispas salen al otro lado);escena que muestra cómo sube el agua al estudio;el eslabón;el sentido del giro;el sentido;horario;poco;causa en otra habitación;una escena muestra cómo el agua sube al estudio (AU, LW);una válvula;2;experimentación;A: el error enseña: girar al revés suelta las chispas al lado contrario (el error informa y no castiga)
OS-E14;The Room: Old Sins;Estudio (con cocina y curiosidades);El vapor;CONEXIONES, MULTIZONA;mover palancas y llaves para dirigir el vapor;vista del estudio;conductos de vapor;el camino del vapor;las palancas;dirigir el vapor;una red de conductos;la explosión final;una esfera gira y abre la caja fuerte, y el estudio explota y se cierra (AU, LW);el artefacto;3;conexiones;F: el vapor de la tetera, dirigido por tubos de bambú, llega a la boca de la caja (el aliento caliente la despierta)
OS-C1;The Room: Old Sins;Sala de curiosidades (con marítima y cocina);El ojo y la visión;OBSERVACIÓN, TRANSFORMACIÓN;el artefacto da una luna, la luna en el pedestal da un ojo y el ojo va en el modelo anatómico, con superzoom;escena: una visión del pasado;un jarrón «holográfico» en el pedestal, con el ocular (LW);la escena del pasado;el ojo;el ojo abre una visión;nada;la narrativa;una escena: Edward rompe el jarrón, y aparece una veleta en el pedestal (AU, LW, FW);la veleta;1;ninguna;G: al ponerle el ojo nuevo, la caja recuerda: la sala se ve un instante como hace cien años (el pasado cambia la sala)
OS-C2;The Room: Old Sins;Sala de curiosidades (con marítima y cocina);La veleta;MULTIZONA, PALANCAS;orientar la veleta: cada punto cardinal abre una escotilla con una palanca en otra cara de la casa, cuatro en total;rotación alrededor de la casa;una veleta;la relación entre cada dirección y cada cara;la dirección;cada dirección abre una escotilla;girar la casa para encontrarlas;la casa entera participa;se abren escotillas;la sala marítima;2;orientación;B: la mirada como veleta: hacia donde mira el ojo, se abre un cajón de esa cara
OS-C3;The Room: Old Sins;Sala de curiosidades (con marítima y cocina);El montaplatos y la caja fuerte;MULTIZONA, DIALES;subir la olla desde la cocina, desatornillarla con el ocular y bajarla, frotar el cristal sucio (LW) y ajustar dial y engranaje;transición entre habitaciones;un cristal sucio y un montaplatos;frotar el cristal y llevar la olla de una sala a otra;el dial;dos habitaciones;causalidad;un objeto que viaja;no consta;una hélice, y en la cocina la olla da un corazón (AU, LW);2;memoria espacial;F: frotar con el dedo el polvo o la ceniza de una superficie para descubrir un dibujo (el dedo ya aparta el polvo en la página)
OS-C4;The Room: Old Sins;Sala de curiosidades (con marítima y cocina);El submarino;ESCALA, PATRONES;poner la hélice, entrar con superzoom, ajustar la aleta según el diagrama de la pared y arrancar la puerta con el gancho;vista interna;un diagrama en la pared;la posición de la aleta;la aleta;copiar el diagrama;poco;la máquina responde;el gancho arranca la puerta;un tubo de vacío (AU, LW);2;copia de patrones;A: un diagrama en la sala que dice la posición de una pieza (el rollo colgado como plano)
OS-C5;The Room: Old Sins;Sala de curiosidades (con marítima y cocina);La radio;SONIDOS;sintonizar la radio;vista cercana;ruido;la frecuencia (79 según AU, hacia 80 según LW);la frecuencia;sintonizar;poco;oír una voz;voz distorsionada (AU, LW);la voz;1;oído;B: acercar la cámara a la boca de la caja (pellizco) para oír lo que susurra, que se aclara al girar la campanilla
OS-C6;The Room: Old Sins;Sala de curiosidades (con marítima y cocina);El corazón y la radio;SONIDOS, MULTIZONA;orientar las flechas del corazón según un diagrama de la pared y girar diales hasta que la luz se pone verde y la voz se oye clara;vista cercana;un diagrama y la radio de otra habitación;que el corazón afina la radio;los diales;voz clara;dos habitaciones;la voz se aclara;luz verde, la voz se oye clara y se imprimen N5 y W85 (AU, LW);unas coordenadas;3;oído y causalidad;G: la voz de la caja se aclara a medida que se ajusta su corazón (feedback sonoro continuo hacia la solución)
OS-C7;The Room: Old Sins;Sala de curiosidades (con marítima y cocina);La navegación;ESCALA, ORDEN;con las coordenadas aparece un símbolo rojo, y con el ocular se maneja el submarino con timón y palanca hasta él;vista interna;las coordenadas;el destino;el timón y la palanca;navegar hasta el símbolo;el control;llegar;el gancho saca una figura de madera y luego expulsa al jugador del submarino para siempre (AU, LW);una figura de madera con un colgante;2;control;B: guiar una barquita de papel por un canal de té de la mesa soplando (deslizar)
OS-C8;The Room: Old Sins;Sala de curiosidades (con marítima y cocina);El colgante;TRANSFORMACIÓN, MULTIZONA;el colgante da en el inventario una perla y un marco, y el marco va en la casa;vista exterior;una habitación ya cerrada;que un objeto de una sala cerrada se traslada a otra;el marco;intercambio de lugar;una idea nueva;lo cerrado vuelve;la lámpara del vestíbulo, ya cerrado, cambia de sitio con el globo (AU, LW);la lámpara;2;pensamiento lateral;G: la lámpara del nivel 1 vuelve al nivel 3 cambiada de sitio por la caja (algo del pasado regresa)
OS-C9;The Room: Old Sins;Sala de curiosidades (con marítima y cocina);La lámpara del ojo;ORDEN, ROTACIÓN;orientar cada flecha hacia donde mira el ojo y girar el ojo a la siguiente;vista cercana;un ojo que mira y cinco flechas;la regla: mirada y flecha;las flechas y el ojo;cada flecha hacia donde mira el ojo;encadenar;lógica clara;no consta;el artefacto (AU, LW);2;lógica;B: riesgo medio con nuestra regla de la mirada: aquí el ojo es un dial, en La caja viva el ojo vigila, así que si se usa, que el jugador mueva lo que el ojo mira y nunca gire el ojo como un dial
OS-K1;The Room: Old Sins;Cocina (con jardín);El tejado (inventario);TRANSFORMACIÓN, ROTACIÓN;girar la rueda para abrir el dispositivo grabado y girar tres paneles hasta que los brazos de los personajes casen con sus oficios (AU);examen a pantalla completa;personajes y oficios;qué brazo va con cada oficio;los paneles;emparejar brazo y oficio;poco;el objeto se transforma;no consta;un tejado de maqueta que abre la glorieta y el jardín (AU, LW);2;lógica;F: emparejar los doce animales con sus horas tradicionales (la hora del buey, la del tigre…) en una rueda de la tapa
OS-K2;The Room: Old Sins;Cocina (con jardín);El agua al jardín;MULTIZONA, CONEXIONES;coger un tubo en el jardín, ponerlo en el hueco de las tuberías de la cocina y girar la válvula a la izquierda;transición entre habitaciones;tuberías con un tramo que falta;la red entre habitaciones;la válvula;el agua viaja de la cocina al jardín;dos habitaciones;la noria gira;el agua corre por el mecanismo del jardín (AU);un disco de metal (AU, LW);2;memoria espacial;F: llenar la tetera en un sitio para usarla en otro (un recurso que se lleva en la mano, sin red entre salas)
OS-K3;The Room: Old Sins;Cocina (con jardín);Las cabezas partidas;ROTACIÓN, ENGRANAJES;llevar las mitades de tres cabezas a los discos de metal y girarlos hasta que las tres queden derechas (AU);vista de la fuente;tres cabezas partidas y discos enlazados: girar uno gira los otros (AU, LW), uno con cortes verticales (LW);el orden de giros con los discos acoplados;tres discos acoplados;girar uno arrastra a los otros;el acoplamiento;las tres quedan derechas a la vez;no consta;avance (AU, LW);3;lógica;B: tres anillos acoplados del corazón (cuerno, ojo y voz): girar uno arrastra a los otros
OS-K4;The Room: Old Sins;Cocina (con jardín);Las fases lunares;DESLIZAMIENTO, ORDEN;mover las fases de la luna por vías y usar el Saturno del centro para mover tramos;vista cercana;piezas de fases lunares y vías;el orden de las fases y el recorrido;las piezas y los tramos;cada fase a su sitio;mover tramos;una regla del mundo;no consta;un herraje que, puesto en la casa, hace caer la ventana de la cocina, y el artefacto (AU, LW);2;lógica;F: las fases de la luna en una rueda de la tapa, y la luna que se ve por la ventana dice cuál toca esa noche
OS-M1;The Room: Old Sins;Sala marítima (con galería);La escalera (inventario);TRANSFORMACIÓN;convertir la caja de madera en una escalera en el inventario;examen a pantalla completa;una caja de madera mecánica;que se transforma;las piezas;plegar;poco;la transformación;no consta;una escalera que abre la galería japonesa (AU, LW);1;manipulación;H: la caja hija se despliega en el inventario como un biombo de bolsillo, anuncio de lo que hará la grande en el nivel 3
OS-M2;The Room: Old Sins;Sala marítima (con galería);El armario;DESLIZAMIENTO, ORDEN;mover puertas correderas y un deslizador redondo y girar dos engranajes de madera;vista cercana de la estantería;puertas correderas que se bloquean entre sí;el orden de apertura;las correderas;una puerta desbloquea otra;poco;abrir el mueble;no consta;una esfera de piedra tallada (el ojo del pulpo) y dos de los tres cierres del arpón sueltos (AU, LW);2;exploración;A: un mueble tansu con puertas correderas que se desbloquean entre sí (encaja con los costados de cómoda de la caja)
OS-M3;The Room: Old Sins;Sala marítima (con galería);El pulpo y la pagoda de dos manos;ROTACIÓN, DESLIZAMIENTO;poner el ojo en la cuenca del pulpo y, con una mano, girar espirales mientras la otra mueve cierres (AU);vista cercana;un pulpo sin ojo abrazado a una pagoda;que el ojo va en su cuenca y que hacen falta dos manos;las espirales y los cierres;a la vez;coordinación;el tentáculo se aparta;el tentáculo se mueve y deja ver la pagoda (AU, LW);una cápsula;3;coordinación;B: riesgo medio: Old Sins ya pone un ojo de piedra en la cuenca de un animal, así que el ojo de La caja viva debe distinguirse (es de la propia caja, mira y alumbra)
OS-M4;The Room: Old Sins;Sala marítima (con galería);La cápsula y la cadena alimentaria;ORDEN, TRANSFORMACIÓN;girar la pieza de arriba, separar las piezas y cambiar cada cilindro por el depredador del anterior;examen a pantalla completa;una mosca abajo;la regla: cada animal se come al anterior;los cilindros;mosca, araña, pájaro y zorro (AU) o gato (LW);poco;una regla conocida;el fondo se abre y salen dos patas (AU);una escultura de madera a medio hacer y el arpón (AU, LW);2;lógica;F: el orden de la carrera de los doce animales del zodiaco como regla conocida (la rata llega primera montada en el buey)
OS-M5;The Room: Old Sins;Sala marítima (con galería);El arpón;FÍSICA, MULTIZONA;poner el arpón en el cañón, tirar del asa, apuntar al círculo dorado y disparar;vista de mira;un círculo dorado;a qué apuntar;la puntería;disparar;poco;un cambio fuera de la habitación;la campana cae fuera, en el exterior de la casa (AU, LW);la campana;2;puntería;C: algo hecho en la caja cambia la sala (al abrirse el cajón largo, cae el rollo de la pared y deja ver lo que tapaba)
OS-M6;The Room: Old Sins;Sala marítima (con galería);La caja fuerte de la campana;SÍMBOLOS, ENGRANAJES;convertir la campana en engranaje en el inventario y girar con ella los símbolos de un lado hasta igualar los del otro, y luego una clavija y un engranaje abren tres cerrojos y se enciende la mecha;vista cercana;símbolos a cada lado de la caja fuerte;igualar los dos lados;los símbolos;igualar;poco;la explosión;una mecha y una explosión (AU, LW);el artefacto;2;copia de patrones;B: igualar los símbolos del costado izquierdo de la caja con los del derecho girando una rueda central
OS-J1;The Room: Old Sins;Jardín (con galería y taller);El abanico, las cuentas y la ostra;SÍMBOLOS, COMBINACIÓN DE OBJETOS;ajustar las varillas del abanico a unos símbolos en la pagoda, ponerlo en la estantería y meter cuentas en sus agujeros, girar un engranaje (da un cuchillo), abrir una ostra y ponerle la perla;vistas de varias zonas de la galería;símbolos de la pagoda y la perla del colgante (C8);las configuraciones;las varillas y las cuentas;copiar los símbolos;muchos pasos;encadenar objetos;se abre un panel nuevo (AU);una pieza fundida redonda (AU, LW);2;manejo del inventario;B: no usar abanico (ya está en esta galería de Old Sins): un inro cuyas cajitas se giran hasta casar los símbolos de su cordón
OS-J2;The Room: Old Sins;Jardín (con galería y taller);La escultura y los gongs;CONSTRUCCIÓN, SONIDOS;cambiar la base de la escultura con la pieza fundida, ponerla en la estantería, mover cajas hasta que sus triángulos dorados formen un camino, entrar con superzoom y dar cuerda al martillo para tocar cada gong (tres);vista interna (superzoom);columnas, cajas y triángulos dorados;el camino hasta cada gong;las cajas;conectar triángulos y tocar;tres veces;el gong;suena el gong;el ojo 2, de piedra tallada (AU, LW);3;conexiones;B: una escultura que se construye por fases, como la cara de la caja (cuerno, ojo y voz), y cada fase se ve
OS-J3;The Room: Old Sins;Jardín (con galería y taller);La aguja;COMBINACIÓN, DESLIZAMIENTO;poner el otro ojo en el pulpo y separar dos deslizadores (AU) o accionar dos interruptores a la vez (LW);vista cercana;unos barrotes con un artefacto detrás para más tarde (LW);que van a la vez;los deslizadores;a la vez;poco;ver la meta tras los barrotes;la pagoda sube;la aguja, que abre el taller de pintura (AU, LW);2;coordinación;A: dejar ver la meta tras una celosía antes de poder cogerla (la campanilla del nivel 3)
OS-J4;The Room: Old Sins;Jardín (con galería y taller);Los huevos;INFORMACIÓN CRUZADA, MULTIZONA;colocar cada huevo donde lo indica un boceto, un rollo o un grabado;transiciones entre tres habitaciones;un boceto de la estantería de la galería, un rollo que muestra un banco del jardín y un grabado en el banco;que los dibujos son mapas de otra habitación;el sitio de cada huevo;cada huevo colocado da el siguiente;tres habitaciones;una búsqueda del tesoro;cada soporte se abre y da el siguiente huevo (AU);una talla pequeña de piedra (AU, LW);2;observación y orientación;B: dibujos de la caja en sus notas que muestran un rincón de la sala (el pie del andon, bajo la tetera), y cada uno lleva al siguiente
OS-J5;The Room: Old Sins;Jardín (con galería y taller);La cara del jardín;COMBINACIÓN DE OBJETOS;poner la talla en la frente de una cara esculpida junto al agua y girar la válvula a la derecha (AU);vista cercana;una cara de piedra con un hueco en la frente;que la talla va en la frente;la pieza;encaje;nada;la fuente funciona;el agua entra en la fuente;un maniquí de artista y el agua (AU, LW);1;ninguna;B: riesgo bajo-medio: aquí se pone una pieza en la frente de una cara, como nuestro cuerno, así que el cuerno debe seguir siendo algo que la caja reclama y que se ve crecer al ponerlo
OS-J6;The Room: Old Sins;Jardín (con galería y taller);Los tres pilares;PATRONES, CONEXIONES;llevar un asa y un engranaje por su vía y, con el ocular, mover la gema y girar el asa hasta que el brazo que dibuja reproduzca el símbolo (el tercero con dos gemas y dos símbolos);vista con el ocular;un símbolo que copiar;cómo dibuja el brazo;el brazo y la gema;copiar el símbolo;tres veces y la última doble;dibujar con una máquina;el agua avanza;avance (AU, LW);3;copia de patrones;F: un pincel mecánico que escribe en el papel del shoji al girar dos ruedas, hasta copiar el kanji de la nota
OS-J7;The Room: Old Sins;Jardín (con galería y taller);El pozo;SIMETRÍA, PATRONES;con el ocular, unir mitades azul y morada hasta formar el símbolo de la pared;vista con el ocular;el símbolo de la pared;unir las mitades;las mitades;formar el símbolo;poco;el cierre del capítulo;no consta;el artefacto (AU, LW);2;copia de patrones;B: unir las dos mitades de una tablilla partida (warifu, la que probaba un pacto) que guardan la caja grande y la hija
OS-G1;The Room: Old Sins;Galería japonesa;Los dragones;PERSPECTIVA, MULTIZONA;abrir las alas de la cigarra en el inventario y ponerla en la mesa, y con el ocular tirar de la cabeza del dragón hasta la barra blanca, sin el ocular cerrarle la mandíbula, con el ocular levantarla y romper la cadena, y repetir con el otro dragón girando la rueda (AU);alternar con y sin ocular a través de dos cuadros-ventana;dos capas: lo que se ve con el ocular y lo que se ve sin él;que cada acción se hace en una capa distinta;la cabeza y la mandíbula de cada dragón;mover con el ocular y morder sin él;alternar capas;dominar dos capas;la cadena se rompe y se abre un cajón (AU);un tejado de pagoda (AU, LW);3;coordinación entre capas;D: dos estados de la caja (ojo abierto y ojo cerrado): unas piezas solo se mueven con el ojo cerrado y otras solo con el ojo abierto, riesgo bajo porque la regla es nuestra
OS-G2;The Room: Old Sins;Galería japonesa;El puente;ESCALA, ROTACIÓN;completar la escultura con el tejado, ponerla en la mesa, llevar con el ocular las dos cabezas a las barras, morder y levantarlas a la vez con dos dedos sin subirlas del todo hasta alinear dos puertas azules, girar la rueda sin ocular para tender un puente y entrar con el ocular a girar dos ruedas (AU);vista interna;dos puertas azules que deben alinearse;la altura justa de las dos cabezas;la altura de las dos cabezas;dos dedos a la vez y a media altura;precisión con dos dedos;el puente aparece;sale un puente (AU, LW);el tejado con aguja;3;coordinación;B: levantar a la vez con dos dedos los dos lados de una tapa hasta media altura (ni del todo ni nada) para que asome un carácter
OS-G3;The Room: Old Sins;Galería japonesa;La columna de circuitos;CONEXIONES, LUCES;poner la escultura completa en la pagoda, mover la corredera y girar las piezas blancas hasta que se toquen de dos en dos, y luego las rojas (AU);vista de las cuatro caras de la columna;piezas blancas y rojas;cómo unirlas de dos en dos;el giro de las piezas;cerrar circuitos por parejas;cuatro caras;luces y movimiento;sus luces se encienden y el ventilador gira (AU);el artefacto;3;conexiones;B: girar las piezas de un farolillo de cuatro caras hasta que sus vetas pintadas se unan de dos en dos y se encienda
OS-A1;The Room: Old Sins;Taller de pintura;La vidriera;MULTIZONA, ROTACIÓN;sacar la vidriera del artefacto y ponerla en su hueco de la casa;vista exterior;el hueco de la vidriera;dónde va;la pieza;el hueco con su forma;nada;el taller se puede girar;el taller se puede girar (AU);el taller giratorio;1;ninguna;A: una pieza devuelta habilita un giro nuevo (al recuperar la voz, la caja deja que se la gire entera)
OS-A2;The Room: Old Sins;Taller de pintura;Copiar el cuadro;PATRONES, ROTACIÓN;girar el taller hasta que el caballete y la ventana miren a la vidriera, poner el maniquí en la ventana y cambiar la vidriera real para que coincida con la del cuadro (AU);entrar y salir del taller;un cuadro que muestra cómo es la vidriera;que hay que copiar el cuadro en el mundo;la orientación del taller y la vidriera;copiar;ir y venir entre fuera y dentro;el cuadro brilla;el cuadro brilla (AU);acceso al trazo;2;copia de patrones;B: el rollo colgado pinta la sala como debe quedar (la lámpara a un lado y la tetera al otro) y hay que recolocar la sala hasta que coincidan
OS-A3;The Room: Old Sins;Taller de pintura;El primer trazo;SÍMBOLOS, TRANSFORMACIÓN;con el ocular, poner el dedo en el punto brillante y trazar el símbolo (un infinito);vista del cuadro;el cuadro brilla y el ocular enseña el símbolo;cómo trazarlo;el trazo;seguir el símbolo con el dedo;poco;una capa se quema;una capa se quema y aparece Abigail con una llave y un libro (AU, LW);una llave con un cisne;1;precisión;F: trazar con el dedo en la ceniza un círculo de un solo trazo para calmar a la caja
OS-A4;The Room: Old Sins;Taller de pintura;El armario y la espiral;SÍMBOLOS, TRANSFORMACIÓN;abrir el armario con la llave del cisne y trazar una espiral con el ocular sobre el cuadro de dentro;vista del cuadro interior;un cuadro dentro del armario;el trazo;el trazo;seguir el dibujo;poco;la escena cambia la habitación;escena: Edward destroza el taller, que queda igual que la pintura, y el artefacto está en el suelo (AU, LW);el artefacto;1;precisión;G: lo que pasa en la pintura del rollo pasa en la sala (el rollo enseña la lámpara caída y la lámpara cae), riesgo medio
OS-D1;The Room: Old Sins;Desván (final);El sello roto;ESCALA, TRANSFORMACIÓN;romper el sello y entrar por el agujero;transición a otro desván;un sello;que dentro hay otro desván con otra casa de muñecas;ninguna;recursión;nada;el asombro;otro desván con otra casa de muñecas (AU, LW, FW);medio blasón;1;ninguna;G: una revelación final sin recursión: dentro del corazón está el hueco con la forma de la caja hija, que era parte de la grande
OS-D2;The Room: Old Sins;Desván (final);Edward y Abigail;ORDEN, MULTIZONA;con el ocular, girar la plataforma de la figura de Edward para enviarla por el portal, y tocar los símbolos laterales para elegir el destino;transiciones entre habitaciones;tres niveles cada vez más deteriorados: estudio y vestíbulo, luego estudio, cocina y curiosidades, luego estudio, marítima, curiosidades, vestíbulo y desván;el recorrido por la casa;el destino de cada salto;cada habitación conecta con otras;un mapa mental de la casa;reunir a la pareja;Abigail desaparece y el sello se rompe otra vez (AU, LW, FW);el final;3;orientación y mapa mental;B: sin portales: llevar una figurita de cajón en cajón de la caja grande, en tres recorridos cada vez más largos, riesgo medio
OS-D3;The Room: Old Sins;Desván (final);El Null;COMBINACIÓN DE OBJETOS;juntar las dos mitades del blasón, coger el Null y guardarlo en la maleta;vista del desván real;el cadáver de Edward, su carta y medio blasón;nada;las piezas;juntar;nada;el cierre de la historia;aparece el Null y llega el final;el final;1;ninguna;G: un final que se cierra devolviendo algo a su sitio (la caja guarda su corazón y el jugador cierra la tapa), sin muerte ni cadáver
