id,nombre,alias,ids_origen,origen,cultura,tipo_entrada,familia,tamano,rol,elemento,bioma,modelado,base_de,sensibilidad,ola,nota,prompt_en
353,Kappa,,353,catálogo,Japón,criatura,bipedo,S,veloz,agua,rio_lago,variante,,0,1,"Si Akira espera sin atacar, el kappa devuelve la reverencia y derrama su agua","small hunched river imp with blue-green skin, turtle shell on its back, beak-like mouth, webbed clawed hands, a water-filled dish on its head ringed by black hair"
2301,Onibi,,,añadida,Japón,criatura,flotante,S,enjambre,fuego,ciudad_hogar,variante,,0,1,Capítulo 1. Enjambre de 5-8; cada uno llena la barra de espíritu,seven floating ghostly fireballs of pale blue and violet flame with hollow anguished faces and trailing flame tails
2315,Aka-oni,Oni,350,añadida,Japón,criatura,bipedo,M,poderoso,fuego,montana,variante,,0,1,Capítulo 1. Barrido que se para y garrotazo que se esquiva,"hulking red oni with two short ivory horns, wild black hair, tiger-skin loincloth and a spiked iron club"
2326,Oni gigante del portón,,,añadida,Japón,criatura,bipedo,XL,gigante,fuego,ciudad_hogar,propio,Aka-oni,0,1,Jefe del capítulo 1: se cortan los brazos,"colossal oni as tall as a castle gate with three curved horns, ember-red cracked skin, thick straw rope belt and broken shackles"
351,Kitsune,,351,catálogo,Japón,criatura,cuadrupedo,M,distancia,fuego,bosque,variante,,0,2,Zorro tramposo; no confundir con los zorros sagrados de Inari,"large fox with white and russet fur, several fluffy tails tipped with pale blue foxfire, slanted golden eyes, red markings on its face and a small flame floating above one paw"
352,Tengu,,352,catálogo,Japón,criatura,bipedo,M,veloz,viento,montana,variante,,0,2,Maestro de espada alado: ataca entre ráfagas y se retira,"winged mountain goblin in monk's robes, red face with a very long nose, white wild hair, black feathered wings, tiny black cap, carrying a feather fan and a long sword"
354,Yuki-onna,,354,catálogo,Japón,criatura,bipedo,M,distancia,hielo,nieve,variante,,0,2,Aliento helado a distancia; aparece y desaparece entre ventiscas,"tall pale woman with long black hair in a white kimono, skin like snow, ice-blue lips, feet fading into blowing snow, swirling frost and snowflakes drifting from her sleeves"
355,Jorōgumo,,355,catálogo,Japón,criatura,artropodo,L,engano,veneno,bosque,variante,,0,2,Atrae con música de biwa; su sonrisa es el aviso falso,"giant spider with black and yellow banded legs and a woman's upper body rising from its back, purple silk kimono, long dark hair, hidden fangs behind a veiled smile, holding a biwa lute"
356,Nure-onna,,356,catálogo,Japón,criatura,serpentino,L,emboscador,agua,rio_lago,variante,,0,2,Finge un bebé para atraer; agarra a quien se acerca,"huge pale serpent with a woman's head and long dripping black hair, glistening blue-grey scales, forked tongue, sharp fangs, coiled in shallow water beside a swaddled bundle shaped like a baby"
357,Rokurokubi,,357,catálogo,Japón,criatura,bipedo,M,veloz,ninguno,ciudad_hogar,variante,,0,2,Cuello que se estira y recoge: ataca rápido desde lejos,"pale woman in a faded night kimono whose neck stretches into a long snaking coil, loose black hair, hollow dark eyes, thin smile, neck looping above her like a rope"
358,Nukekubi,,358,catálogo,Japón,criatura,flotante,S,emboscador,sombra,ciudad_hogar,variante,,0,2,"Su cuerpo duerme aparte: si Akira lo mueve, la cabeza no regresa","detached floating human head with wild long black hair, glowing pale eyes and a fanged grin, trailing thin red cloth ribbons from its neck, drifting through night mist"
359,Bakeneko,,359,catálogo,Japón,criatura,bipedo,M,engano,ninguno,ciudad_hogar,variante,,0,2,Suplanta a un habitante de la casa; busca la lámpara de aceite,"tall black-and-white cat standing upright in a faded kimono with a folded towel on its head, glowing green eyes, long tail curling, one paw holding a small oil lamp"
360,Nekomata,,360,catálogo,Japón,criatura,bipedo,M,apoyo,sombra,montana,reskin,Bakeneko,0,2,Alza cadáveres a su servicio: prioridad de objetivo,"elderly dark-gray cat standing upright with two long forked tails tipped in pale violet flame, tattered priest's robe, pale yellow eyes, thin paws raised like a puppeteer pulling strings"
361,Tanuki,,361,catálogo,Japón,criatura,bipedo,S,engano,ninguno,bosque,variante,,0,2,"Yōkai tanuki, no el animal corriente; se disfraza de objetos","round-bellied raccoon dog standing upright, brown fur with a dark eye mask, a green leaf on its head, sake bottle and ledger in its paws, big bushy tail, sly grin"
362,Inugami,,362,catálogo,Japón,criatura,cuadrupedo,S,apoyo,sombra,bosque,variante,,1,2,Posesión: se esconde en un aliado y hay que encontrarlo,"lean spectral hound with matted reddish-brown fur, hollow glowing eyes, bared fangs, a frayed sacred rope tied around its neck and pale mist rising from its body"
363,Yūrei,,363,catálogo,Japón,criatura,flotante,M,emboscador,sombra,ruinas,variante,,0,2,Arquetipo del fantasma japonés; aparece de golpe en la oscuridad,"pale ghost woman in a white burial kimono with a triangular headband, long tangled black hair hanging over her face, feet fading into mist, limp hands, cold blue spirit flames beside her"
364,Gashadokuro,,364,catálogo,Japón,criatura,bipedo,XL,gigante,sombra,llanura,propio,,0,2,Zumbido en los oídos avisa su llegada; los huesos sueltos son puntos débiles,"colossal skeleton fifteen times human height, built from countless yellowed human bones, hollow glowing eye sockets, gaping jaw, towering over a moonlit battlefield with bones rattling"
365,Umibōzu,Umi-bōzu,365 696,catálogo,Japón,criatura,acuatico,XL,gigante,agua,mar,propio,,0,2,Pide un cucharón: darle uno con el fondo roto lo calma,"gigantic black humanoid silhouette rising from a stormy sea, smooth bald round head, two pale glowing eyes, enormous arms smashing the waves, body made of dark water and shadow"
366,Ittan-momen,,366,catálogo,Japón,criatura,flotante,L,veloz,viento,llanura,variante,,0,2,Se lanza sobre el rostro y se retira; cortarlo a media caída,"long white cotton cloth ribbon floating upright like a ghost, two small dark eyes near the top end, rippling edges, faded indigo border, coiling through the night air"
367,Tsukumogami,,367,catálogo,Japón,generica,flotante,S,enjambre,ninguno,ciudad_hogar,variante,,0,2,Plantilla de objetos animados: cada herramienta vieja cobra vida tras cien años,"old household tools come alive: a one-eyed paper lantern, a straw sandal with a lolling tongue and a cracked teapot, all hopping on tiny stick legs with frayed cord arms"
368,Kamaitachi,,368,catálogo,Japón,criatura,cuadrupedo,S,enjambre,viento,montana,variante,,0,2,"Tres comadrejas en torbellino: la primera derriba, la segunda corta, la tercera cura","slender weasel with sleek brown fur and sickle-shaped scythe claws on its forepaws, riding a small whirlwind of leaves and dust, narrow fierce eyes, long thin tail"
369,Karakasa-obake,Karakasa-kozo,369 688,catálogo,Japón,criatura,flotante,S,veloz,ninguno,ciudad_hogar,variante,,0,2,"Salta a una pierna; al cerrarse, la tela le sirve de escudo","old oiled-paper umbrella with one large eye, a long red tongue hanging out and a single leg ending in a wooden sandal, hopping, torn paper ribs showing"
370,Nurarihyon,,370,catálogo,Japón,criatura,bipedo,M,engano,sombra,ciudad_hogar,variante,,0,2,Jefe disfrazado de visitante: ningún aviso hace daño hasta que se revela,"elderly man with a tall elongated bald head, wrinkled calm face, richly embroidered dark kimono, sitting calmly sipping tea and holding a folding fan, long faint shadow behind him"
371,Mokumokuren,,371,catálogo,Japón,criatura,flotante,M,emboscador,sombra,ruinas,variante,,0,2,Ojos en puertas de papel: parpadean todos a la vez antes de atacar,"old paper sliding-door panels covered in dozens of staring human eyes of different sizes, wooden lattice frame, eyes blinking across the paper in dim lantern light"
372,Futakuchi-onna,,372 683,catálogo,Japón,criatura,bipedo,M,emboscador,ninguno,ciudad_hogar,variante,,0,2,Ataca por la espalda con su segunda boca; los mechones agarran,"pale woman in a plain kimono whose long black hair parts at the back of her head to reveal a second fanged mouth, hair strands writhing like snakes, hungry eyes"
373,Akkorokamui,,373,catálogo,Japón,criatura,acuatico,XL,gigante,agua,mar,propio,,1,2,Regenera tentáculos; cortarlos por turnos deja al descubierto el ojo,"colossal crimson cephalopod rising from a dark bay, dozens of thick suckered tentacles, glowing white eyes, hard beak, skin patterned with pale spots, coiling around a ship"
374,Shuten-dōji,,374,catálogo,Japón,criatura,bipedo,L,poderoso,ninguno,montana,propio,,0,2,Jefe borracho: el sake adulterado lo debilita en la segunda fase,"enormous crimson-skinned oni king with several curved horns, long wild dark hair, golden armor over a loose robe, giant sake gourd on his belt, huge lacquered cup in one hand"
673,Amefuri kozō,,673,catálogo,Japón,criatura,bipedo,S,apoyo,agua,bosque,variante,,0,2,Trae lluvia: apaga antorchas y resbala el suelo; casi inofensivo.,"child-sized spirit boy wearing a huge lotus-leaf rain hat and straw cape, pale blue-white face, round dark eyes, holding a glowing paper lantern, raindrops dripping from his sleeves"
674,Amabie,,674,catálogo,Japón,criatura,acuatico,M,apoyo,agua,mar,variante,,0,2,Profetiza cosechas y plagas; protege a quien guarde su imagen.,"sea prophet with a scaly silvery body, a bird-like beak, three fin-like legs, shimmering blue-green scales, long flowing black hair and softly glowing eyes"
675,Akaname,,675,catálogo,Japón,criatura,bipedo,S,emboscador,ninguno,ciudad_hogar,variante,,0,2,Acecha en baños y rincones sucios; molesto más que mortal.,"small hunched goblin with sickly reddish-brown skin, tangled black hair, bulging pale eyes, an extremely long red tongue, long dirty claws and tattered rag shorts"
676,Aobōzu,,676,catálogo,Japón,criatura,bipedo,M,poderoso,sombra,ruinas,variante,,0,2,"Monje azul nocturno; poco documentado, detalles variables según la fuente.","tall blue-skinned monk-like spirit in worn grey robes, bald head, long bony hands, glowing pale eyes, hunched posture, carrying a battered wooden staff and a wicker hat"
677,Bake-kujira,,677,catálogo,Japón,criatura,acuatico,XL,gigante,sombra,mar,propio,,0,2,Ballena-esqueleto con bandada fantasma: aves y peces como enjambre aparte.,"colossal ghostly whale skeleton, bleached bone ribs and jaw exposed, hollow glowing blue eye sockets, tattered pale skin remnants, trailing a swarm of spectral sea birds and fish"
678,Basan,,678,catálogo,Japón,criatura,alado,M,distancia,fuego,montana,variante,,0,2,Su fuego frío no quema; ciega más que daña.,"giant rooster-like bird with a long tail of red and orange feathers, a crest of flame, sharp beak, strong clawed legs and pale ghostly fire streaming from its mouth"
679,Betobeto-san,,679,catálogo,Japón,criatura,flotante,S,engano,sombra,llanura,variante,,0,2,"Pasos tras Akira; si se aparta y espera, el espíritu pasa.","small shadow spirit shaped like a faint dark smudge in the air, a pair of wooden sandals hovering beneath it, two pale round eyes and wet footprints trailing behind"
680,Chōchin-obake,,680,catálogo,Japón,criatura,flotante,S,enjambre,fuego,ciudad_hogar,reskin,Karakasa-obake,0,2,Misma base que Karakasa-obake; desfilan en grupo con luz falsa.,"old torn paper lantern spirit with one huge bulging eye, a long red tongue hanging from a ripped mouth, a single thin leg with a wooden sandal and a flickering flame glowing inside"
681,Dodomeki,,681,catálogo,Japón,criatura,bipedo,M,distancia,ninguno,ciudad_hogar,variante,,0,2,Cien ojos en los brazos disparan miradas; avisan desde lejos.,"thin pale woman in a worn dark kimono with long black hair, her arms covered in dozens of small bird-like golden eyes, gaunt face, clutching copper coins"
682,Enenra,,682,catálogo,Japón,criatura,flotante,M,engano,fuego,ciudad_hogar,variante,,0,2,Humo que cambia de forma; sus avisos falsos no hacen daño.,"billowing grey smoke spirit forming a vague tall human silhouette, hollow glowing orange eyes, curling arms of vapor, ember sparks drifting inside its chest, tapering into a trail of smoke"
684,Hone-onna,,684,catálogo,Japón,criatura,bipedo,M,engano,sombra,ciudad_hogar,variante,,0,2,Se muestra como mujer hermosa; el esqueleto aparece al golpear.,"skeletal woman in a faded white kimono, long black hair over a bare skull face with hollow glowing blue eyes, thin bony hands holding a small paper lantern"
685,Isonade,,685,catálogo,Japón,criatura,acuatico,XL,gigante,agua,mar,variante,,0,2,Su cola con garfios arrastra al mar; hay que cortarla primero.,"colossal shark-like sea monster with rough sandpaper-like grey skin, a wide fanged mouth, tall dorsal fin, and a long barbed tail lined with fish-hook spines, barnacles on its back"
686,Jikininki,,686,catálogo,Japón,criatura,bipedo,M,poderoso,sombra,ruinas,variante,,0,2,Condenado por avaricia a devorar cadáveres; solo acecha de noche.,"emaciated ghoul with ashen skin stretched over ribs, swollen belly, sharp claws, long matted hair, glowing yellow eyes and a ragged white burial shroud"
687,Kameosa,,687,catálogo,Japón,criatura,flotante,S,apoyo,ninguno,ciudad_hogar,variante,,0,2,Vasija de sake animada; su licor cura aliados o emborracha a Akira.,"huge old ceramic sake jar with the grinning bald head of an old man rising out of its mouth, thin arms gripping the rim, cracked brown glaze"
689,Kawaakago,,689,catálogo,Japón,criatura,bipedo,S,emboscador,agua,rio_lago,variante,,0,2,Llora junto al río para atraer viajeros; no recogerlo (según catálogo).,"baby-sized river spirit with slick olive-green skin, round wet eyes, tiny webbed hands, tattered baby cloth wrap and reeds in its hair, sharp little teeth"
690,Kudan,,690,catálogo,Japón,criatura,cuadrupedo,M,apoyo,ninguno,llanura,variante,,0,2,Profetiza desastres y muere a los pocos días; su imagen protege.,"cow-sized beast with a brown cow's body and the solemn human face of a bearded old man, short horns, long tail, glowing white eyes and a paper charm tied at its neck"
691,Nobusuma,,691,catálogo,Japón,criatura,alado,M,emboscador,viento,bosque,reskin,Ahool,0,2,Planea desde ramas y tapa la cara; el catálogo erra al decir «acuática».,"large dark brown bat-like gliding beast with furry body, wide leathery membranes stretched between its limbs, small pointed ears, glowing yellow eyes and clawed feet"
692,Nuppeppō,,692,catálogo,Japón,criatura,bipedo,M,poderoso,veneno,ruinas,variante,,0,2,Bulto de carne inofensivo y apestoso; su olor aturde.,"shapeless humanoid lump of pale sagging flesh, wrinkled folds drooping over stubby limbs, faint blank face outlined in the skin, glistening grey-pink hide and a sour green haze"
693,Ōmukade,,693,catálogo,Japón,criatura,artropodo,XL,gigante,veneno,montana,propio,,0,2,Una flecha untada de saliva lo mató: debilidad en la cabeza.,"colossal armored centipede with a long segmented dark red-brown body, hundreds of glinting bronze legs, huge curved venom fangs, glowing yellow eyes and long whip-like antennae"
694,Satori,,694,catálogo,Japón,criatura,bipedo,M,engano,ninguno,montana,variante,,0,2,Lee la intención de Akira: solo lo sorprende un golpe sin pensar.,"hairy ape-like mountain creature with shaggy dark brown fur, a wrinkled humanlike face, large knowing eyes, long arms and a hunched posture"
695,Sunakake-baba,,695,catálogo,Japón,criatura,bipedo,M,distancia,tierra,bosque,variante,,0,2,Lanza arena a los ojos desde los árboles del camino; casi inofensiva.,"hunched old woman spirit with wild white hair, wrinkled face, patched grey kimono, straw sandals, flinging handfuls of sand from a cloth sack, tiny glinting eyes"
697,Yamabiko,,697,catálogo,Japón,criatura,cuadrupedo,S,distancia,viento,montana,variante,,0,2,Su eco llega antes que el golpe: avisa por sonido.,"small shaggy mountain beast like a dog with long reddish-brown fur, large pointed ears, a wide mouth open mid-call, bushy curled tail and bright round eyes"
2302,Hitodama,,,añadida,Japón,criatura,flotante,S,enjambre,fuego,ruinas,reskin,Onibi,0,2,Más lentos que los onibi pero hacen estallar un gas frío,"pale green soul-flames the size of a fist with tiny ghostly eyes, drifting in slow loops"
2303,Kodama,,,añadida,Japón,criatura,flotante,S,apoyo,ninguno,bosque,variante,,0,2,No atacan; guían por el Kakuriyo,"tiny white tree spirits with round blank faces and faintly glowing bodies, sitting on mossy branches"
2304,Karasu-tengu,,,añadida,Japón,criatura,alado,M,veloz,viento,montana,variante,,0,2,Duelista rápido; baja en picado,"crow-faced mountain warrior in a yamabushi robe with black wings and a short katana, geta sandals"
2305,Sōjōbō,,,añadida,Japón,criatura,bipedo,L,poderoso,viento,montana,propio,,0,2,Jefe del capítulo 2: duelo de iaidō puro; al vencerle enseña una técnica,"king of the tengu, tall red-faced long-nosed master in white and gold robes with a feather fan and great black wings"
2306,Tsuchigumo,,,añadida,Japón,criatura,artropodo,XL,gigante,veneno,subsuelo,propio,,0,2,Jefe intermedio de las ruinas,"colossal earth spider with a pale human-like face on its abdomen, banded legs and a nest of webs in a cave"
2307,Nue,,,añadida,Japón,criatura,cuadrupedo,L,engano,rayo,montana,propio,,0,2,Cada parte ataca distinto; llega con nubes negras,"chimera with the face of a monkey, the body of a tanuki, tiger legs and a snake for a tail, trailing black storm clouds"
2308,Kasha,,,añadida,Japón,criatura,cuadrupedo,L,poderoso,fuego,ciudad_hogar,variante,,0,2,Rueda de fuego; deja el suelo ardiendo,"huge two-tailed cat demon wreathed in flames, burning wheel-like rings around its legs, snatching at corpses"
2309,Raijū,,,añadida,Japón,criatura,cuadrupedo,M,veloz,rayo,montana,variante,,0,2,Carga en zigzag; el destello es el aviso,"beast of thunder, a lean weasel-wolf wrapped in crackling lightning with trailing mane of sparks"
2310,Yamata no Orochi,,,añadida,Japón,criatura,serpentino,XL,gigante,agua,rio_lago,propio,,0,2,"Jefe: ocho cabezas, ocho puntos débiles","eight-headed eight-tailed giant serpent with red glowing eyes and moss growing on its back, coiled over eight valleys"
2311,Gaki,,,añadida,Japón,criatura,bipedo,S,enjambre,sombra,ruinas,variante,,0,2,Hordas lentas que se agarran,"hungry ghost with a swollen belly, thin limbs and a gaping mouth, grey wasted skin"
2312,Ōkuri-inu,,,añadida,Japón,criatura,cuadrupedo,M,veloz,sombra,bosque,variante,,0,2,"Rodea sin atacar; si Akira cae, atacan todos","pack wolf with grey fur and pale eyes that follows travellers in the dark, ghostly breath"
2313,Daidarabotchi,,,añadida,Japón,criatura,bipedo,XL,gigante,tierra,montana,propio,,0,2,Jefe-escenario: se sube por la espalda,"mountain-sized giant covered in moss and trees, forest on his shoulders, small kind eyes"
2314,Hannya,,,añadida,Japón,criatura,bipedo,M,engano,fuego,ciudad_hogar,variante,,0,2,Cambia de rostro entre dolor y furia,"demon woman with long curved horns, a pale fanged face like a noh theatre mask, flowing white and red robes"
2316,Ao-oni,,,añadida,Japón,criatura,bipedo,M,veloz,hielo,montana,reskin,Aka-oni,0,2,Tres barridos seguidos,"lean blue-skinned oni with a three-pronged iron club, one long horn and cold white eyes"
2317,Ki-oni,,,añadida,Japón,criatura,bipedo,M,poderoso,rayo,montana,reskin,Aka-oni,0,2,Su tambor es el aviso,"yellow-skinned oni with crackling static in its hair, two horns and a drum slung on its back"
2318,Kuro-oni,,,añadida,Japón,criatura,bipedo,L,emboscador,sombra,bosque,reskin,Aka-oni,0,2,Ataca desde las sombras del patio,"black-skinned oni half hidden in shadow, red eyes, a broad kanabo club and a ragged cloak"
2319,Midori-oni,,,añadida,Japón,criatura,bipedo,M,distancia,veneno,pantano,reskin,Aka-oni,0,2,Nube tóxica que hay que rodear,"green-skinned oni with mossy horns spitting toxic mist from a gourd, ragged straw coat"
2320,Gozu,,,añadida,Japón,criatura,bipedo,L,poderoso,fuego,inframundo,variante,,1,2,Guardián del infierno budista; con cuidado,ox-headed hell warden in iron armor with a long spiked staff and heavy chains
2321,Mezu,,,añadida,Japón,criatura,bipedo,L,veloz,fuego,inframundo,reskin,Gozu,1,2,,horse-headed hell warden in lighter iron armor with a trident and flowing mane
2322,Ushi-oni,,,añadida,Japón,criatura,artropodo,XL,gigante,agua,mar,propio,,0,2,Jefe marino,"giant bull-headed sea demon with a spider-like body, rising from the shore, shell-crusted horns"
2323,Rasetsu,,,añadida,Japón,criatura,bipedo,M,emboscador,sombra,ruinas,variante,,1,2,Variante budista del ráksasa,"predatory demon in tattered monk robes with bright claws and fangs, hidden among ruined temple beams"
2324,Ibaraki-dōji,,,añadida,Japón,criatura,bipedo,L,poderoso,fuego,montana,propio,,0,2,Jefe: busca su brazo perdido,"one-armed oni general with a scarred iron mask, torn armor and a broken sword, loyal lieutenant of a demon king"
2325,Hashihime,,,añadida,Japón,criatura,flotante,M,engano,agua,ciudad_hogar,variante,,0,2,Aparece en puentes,"pale bridge-keeper woman in a white robe with an iron crown holding five candles, red lips and black hair floating"
2327,Tamamo-no-Mae,,,añadida,Japón,criatura,bipedo,L,engano,fuego,ruinas,propio,,0,2,"El gran yōkai (DECISIÓN 9A): ilusiones, fuego fatuo y posesión","nine-tailed fox sorceress in black and red court robes with a white fox mask, nine violet foxfire tails and a halo like a pale moon"
2401,Niō (guardián abierto),,,añadida,Japón,deidad,bipedo,L,apoyo,luz,ruinas,variante,,2,2,NO enemigo. Prueba al jugador en el templo,"muscular temple guardian statue come alive, mouth open, fist raised, flowing scarf and stone skin"
2402,Niō (guardián cerrado),,,añadida,Japón,deidad,bipedo,L,apoyo,luz,ruinas,variante,,2,2,NO enemigo. Pareja del anterior,"muscular temple guardian statue come alive, mouth closed, holding a vajra, flowing scarf and stone skin"
2403,Jikokuten (Rey del Este),,,añadida,Japón,deidad,bipedo,L,apoyo,luz,ruinas,variante,,2,2,NO enemigo. Guardián del este del kekkai,"armored heavenly king of the east in Buddhist temple art, holding a sword, stern face, layered armor and swirling scarves"
2404,Zōchōten (Rey del Sur),,,añadida,Japón,deidad,bipedo,L,apoyo,luz,ruinas,variante,,2,2,NO enemigo. Guardián del sur del kekkai,"armored heavenly king of the south holding a spear, fierce face, layered armor"
2405,Kōmokuten (Rey del Oeste),,,añadida,Japón,deidad,bipedo,L,apoyo,luz,ruinas,variante,,2,2,NO enemigo. Guardián del oeste del kekkai,"armored heavenly king of the west holding a brush and scroll, wide watchful eyes"
2406,Bishamonten (Rey del Norte),,,añadida,Japón,deidad,bipedo,L,apoyo,luz,ruinas,variante,,2,2,NO enemigo. Guardián del norte del kekkai,"armored heavenly king of the north holding a pagoda and a spear, golden armor, flames behind his back"
2407,Fudō Myōō,,,añadida,Japón,deidad,bipedo,L,apoyo,luz,ruinas,variante,,2,2,NO enemigo. Maestro del dojo: enseña la técnica de la llama,"wrathful wisdom king with a blue-black skin, a sword and a rope, seated before a halo of flames"
2408,Tennin (doncella celeste),,,añadida,Japón,deidad,flotante,M,apoyo,luz,ruinas,variante,,2,2,NO enemigo. Aliada en el Kakuriyo,"celestial maiden in flowing feather-light robes and scarves, hovering, serene closed eyes"
33,Mantícora,Manticora; Mantícora europea; Manticore persa,33 253 513 781,catálogo,Persia y Cáucaso,criatura,cuadrupedo,L,distancia,veneno,selva,variante,,0,3,Arquea la cola antes de lanzar púas; esquivar de costado,"lion-bodied beast with a bearded human face, three rows of sharp teeth, ruddy orange fur, a crimson mane and a long scorpion tail bristling with dark quills"
104,Hobgoblin,,104,catálogo,Británica,criatura,bipedo,S,veloz,fuego,ciudad_hogar,variante,,0,3,"Travieso del hogar; bromas rápidas junto al fuego, sin mala fe.","squat sooty goblin with dark grey skin smudged with ash, glowing orange eyes, small curved horns, a toothy grin, a scorched leather apron and a tiny iron poker, bare feet"
200,Tiamat,,200,catálogo,Mesopotamia,deidad,serpentino,XL,gigante,agua,mar,propio,,0,3,Madre de monstruos: invoca crías; el viento la abre en dos.,"colossal primordial sea dragon with a long horned head, glittering dark-teal scales, a thick serpentine body and tail, short clawed forelegs, glowing white eyes, rising from stormy salt waves"
201,Pazuzu,,201 835,catálogo,Mesopotamia,criatura,alado,M,veloz,viento,desierto,propio,,0,3,Demonio del viento; también protege contra Lamashtu. Aliado posible.,"winged demon with a gaunt scaly humanoid body, snarling dog-lion face with bulging eyes, two pairs of feathered wings, eagle talons and a scorpion tail, standing in a sandstorm"
202,Lamashtu,,202 831,catálogo,Mesopotamia,criatura,bipedo,M,apoyo,veneno,pantano,variante,,0,3,Maldice con fiebre a quien combate; romper su amuleto cancela la maldición.,"lion-headed demoness with donkey-like teeth, matted dark hair, hawk talons for feet, a long ragged robe, clutching two writhing snakes, accompanied by a small black dog and piglet"
203,Anzû,Anzud,203 843,catálogo,Mesopotamia,criatura,alado,L,distancia,rayo,montana,variante,,0,3,Robó las Tablillas del Destino; ataca con rayos desde el aire.,"gigantic storm bird with a snarling lion head and tawny mane, massive dark-feathered wings, huge hooked talons, eagle body, lightning crackling between its feathers"
204,Mušḫuššu,Sirrush; Mushussu,204 223 834,catálogo,Mesopotamia,criatura,cuadrupedo,L,poderoso,veneno,ruinas,propio,,0,3,"Dragón de Marduk; quimera de serpiente, león y águila.","scaly dragon with a horned serpent head and forked tongue, long curving neck, lion forelegs, eagle talon hind legs, a scorpion-stinger tail, glossy blue-and-gold glazed-brick scales"
205,Ugallu,,205,catálogo,Mesopotamia,criatura,bipedo,M,veloz,viento,llanura,variante,,0,3,Demonio-león de las tormentas; también protegía templos.,"lion-headed demon warrior with a muscular humanoid body, bird talons for feet, a scaled kilt, holding a bronze dagger and a mace, short wild mane, snarling fangs"
206,Lahmu,Lahmu guardian,206 846,catálogo,Mesopotamia,deidad,bipedo,M,poderoso,tierra,pantano,variante,,0,3,"Guardián de seis rizos, de barro primordial; custodia puertas y templos.","bearded hero figure with six long curls of hair, broad chest, red-banded kilt, holding a tall striped gatepost, calm stern eyes, standing in marsh mud and reeds"
207,Lahamu,Lahamu guardian,207 847,catálogo,Mesopotamia,deidad,bipedo,M,apoyo,agua,pantano,reskin,Lahmu,0,3,"Dudosa: aspecto supuesto; hermana de Lahmu, sin imagen propia conocida.","long-haired guardian woman with braided locks bound with ribbons, long fringed dress with red bands, holding a vessel streaming water, calm stern eyes, standing among reeds"
208,Apkallu,,208,catálogo,Mesopotamia,criatura,bipedo,M,apoyo,agua,ruinas,variante,,0,3,Sabio purificador: su cubo limpia maldiciones de los aliados.,"winged sage genie with an eagle head and tall feathered wings, fringed robe and horned crown, holding a small bucket in one hand and a pine cone in the other"
209,Utukku,,209 839,catálogo,Mesopotamia,generica,flotante,M,enjambre,sombra,ruinas,variante,,0,3,"Clase de espíritus, buenos o malos según el rito; relleno de ruinas.","gaunt grey spirit with an elongated skull-like face, hollow glowing eyes, ragged shroud trailing into smoke, long bony fingers, faint ghostly aura"
210,Gallu,Gallû,210 221 827,catálogo,Mesopotamia,criatura,bipedo,M,enjambre,sombra,inframundo,variante,,0,3,Arrastran almas al inframundo en grupos de cinco o seis.,"gaunt underworld bailiff demon with grey ashen skin, long curved horns, glowing red eyes, bony clawed hands, ragged dark robe, holding a rope and a short mace"
211,Rabisu,,211 836,catálogo,Mesopotamia,criatura,bipedo,M,emboscador,sombra,ciudad_hogar,variante,,0,3,El «acechador»: espera en puertas y esquinas y salta sobre quien pasa.,"crouching spindly demon wedged in a dark doorway, shadow-black skin, long clawed fingers gripping the frame, glowing yellow eyes, pointed ears, a ragged cloth tied at the waist"
212,Lilitu,,212,catálogo,Mesopotamia,criatura,alado,M,engano,viento,cielo,variante,,0,3,Aparece como dama en sueños; su aviso falso no hace daño.,"winged night demoness in a long dark robe, large feathered wings of dusk-red and grey, bird talons for feet, horned headdress, pale face with glowing eyes, accompanied by two owls"
213,Asag,,213,catálogo,Mesopotamia,criatura,bipedo,L,gigante,tierra,montana,variante,,0,3,Su calor hierve el agua; sus crías son guerreros de piedra.,"monstrous mountain demon with rough stone-like grey hide, jagged horns, heavy clawed arms, glowing orange cracks in its skin, steam rising around it, small fierce eyes"
214,Bašmu,Basmu,214 844,catálogo,Mesopotamia,criatura,serpentino,L,emboscador,veneno,pantano,variante,,0,3,Serpiente de Tiamat; sale del cieno y muerde por sorpresa.,"huge horned viper with a thick scaly body, two short clawed forelegs, small folded wings, long fangs dripping venom, mud-brown and olive scales"
215,Ušumgallu,,215,catálogo,Mesopotamia,criatura,serpentino,L,poderoso,fuego,montana,reskin,Bašmu,0,3,Dudosa: «gran dragón» mesopotámico; aspecto supuesto como Bašmu alado.,"great dragon-serpent with a dark bronze body, a crown of long horns, a mane of spines, wide leathery wings, two clawed forelegs, smoldering golden eyes"
216,Kulullu,,216,catálogo,Mesopotamia,criatura,acuatico,M,veloz,agua,rio_lago,variante,,0,3,Hombre-pez de Ea; ataca y se sumerge: leer el aviso antes del chapuzón.,"fish-man guardian with a human torso and arms, silver-blue scaled fish tail instead of legs, finned ears, gills on the neck, holding a long staff topped with a crescent"
217,Kusarikku,,217 830,catálogo,Mesopotamia,criatura,bipedo,M,poderoso,luz,montana,variante,,0,3,Guardián de la puerta del sol; protege el amanecer en la montaña.,"muscular bull-man guardian with a bearded human face under curved bull horns, bull ears, human torso and arms, hooved legs, holding a tall gatepost standard, gold sun disc on his chest"
218,Girtablullû,,218 842,catálogo,Mesopotamia,criatura,artropodo,L,veloz,veneno,montana,variante,,0,3,Guarda la puerta del monte Mashu; el aguijón avisa antes de picar.,"scorpion-man guardian with a bearded human torso in a horned helmet, the armored chitin lower body of a giant scorpion, curved stinger raised, a spear in hand"
219,Sebettu,,219 838,catálogo,Mesopotamia,criatura,bipedo,M,enjambre,rayo,llanura,variante,,0,3,Siete a la vez; cada uno con un arma y un aviso distinto.,"seven armored warrior spirits in dark bronze scale armor and horned helmets, glowing amber eyes, each carrying a different weapon, crackling with storm energy"
220,Lilu,Lilû,220 832,catálogo,Mesopotamia,criatura,alado,M,emboscador,sombra,ruinas,reskin,Lilitu,0,3,Versión masculina de Lilitu; cae desde la oscuridad sobre los durmientes.,"winged male night demon in a dark short kilt, broad ash-grey feathered wings, bird talons for feet, horned brow, sunken glowing eyes, long ragged beard"
222,Ugallu-león,,222,catálogo,Mesopotamia,criatura,bipedo,M,poderoso,rayo,ruinas,reskin,Ugallu,0,3,Variante del Ugallu con melena dorada; guardián de templo.,"lion-headed demon guard with a thick golden mane, humanoid body in a red-banded kilt, bird talon feet, holding a long spear and a round shield, stern snarling face"
224,Humbaba,,224 829,catálogo,Mesopotamia,criatura,bipedo,L,gigante,fuego,bosque,propio,,0,3,Siete resplandores: se cortan uno a uno antes de herirle.,"giant forest guardian with a grotesque face of coiled ropy ridges like a maze, huge fanged mouth, bulging eyes, lion claws, scaled legs, seven shimmering auras around him, cedar trees behind"
225,Ammit,Devorador de corazones; Ammut,225 248 850,catálogo,Egipto,criatura,cuadrupedo,L,emboscador,sombra,inframundo,propio,,0,3,Devora el corazón de los indignos; espera bajo la balanza.,"chimera with the head of a crocodile, the mane and forequarters of a lion, and the hindquarters of a hippopotamus, golden-ochre fur, heavy jaws, standing before a great scale"
226,Apep/Apophis,Serpientes del Duat; Apep's serpents,226 246 870,catálogo,Egipto,criatura,serpentino,XL,gigante,sombra,inframundo,propio,,0,3,"Serpiente del caos, enemiga de Ra; hay que vencerla cada noche.","colossal black serpent of chaos with a vast coiled body, glowing red eyes, gaping fanged mouth, jagged dark scales, writhing in a river of night"
228,Esfinge egipcia,Sphinx of Giza type; Sphinx of Egypt,228 865 884,catálogo,Egipto,criatura,cuadrupedo,L,poderoso,tierra,desierto,variante,,0,3,Guardián de piedra sin acertijos; esos son de la esfinge griega.,"monumental sandstone sphinx with a lion's body and a calm human face wearing a striped royal headcloth, weathered golden stone, huge paws, sand sliding off its back"
229,Serpopardo,Serpopard,229 863,catálogo,Egipto,criatura,cuadrupedo,M,veloz,ninguno,desierto,variante,,0,3,Cuello larguísimo: ataca desde lejos y se retira rápido.,"spotted leopard-bodied beast with an extremely long, sinuous snake-like neck and a serpent head, sleek tawny coat with dark rosettes, long tail, muscular legs"
230,Uraeus,,230 867,catálogo,Egipto,criatura,serpentino,M,distancia,fuego,ruinas,variante,,0,3,Cobra protectora que escupe fuego; guarda tumbas y coronas.,"rearing golden cobra with a flared hood, emerald-green eyes, scales engraved like fine jewelry, spitting a tongue of flame, coiled on a royal stone pedestal"
231,Mnevis,,231 859,catálogo,Egipto,deidad,cuadrupedo,L,distancia,luz,ruinas,reskin,Apis,0,3,"Toro negro de Heliópolis, mensajero del dios del sol; versión del Apis.","large coal-black bull with a golden sun disc between its horns, red cloth over its back, radiant gold hoof tips, a solemn steady gaze, standing on a stone altar"
232,Apis,,232,catálogo,Egipto,deidad,cuadrupedo,L,poderoso,tierra,llanura,variante,,0,3,"Toro sagrado de Menfis; su embestida no se puede parar, solo esquivar.","sacred black bull with a white diamond on its forehead, a vulture-shaped white mark on its back, golden sun disc between curved horns, jeweled blanket, powerful muscular build"
233,Babi,,233,catálogo,Egipto,deidad,bipedo,M,veloz,ninguno,inframundo,variante,,0,3,"Dios babuino agresivo; salta, muerde y vuelve a su sitio.","hulking baboon deity with a dog-like muzzle, thick silver-grey mane, bared fangs, muscular arms, wearing a gold collar, standing upright with clenched fists"
234,Bes,Beset,234 853,catálogo,Egipto,deidad,bipedo,S,veloz,ninguno,ciudad_hogar,variante,,0,3,Enano guardián del hogar: asusta con muecas y danza para atacar.,"bearded dwarf deity with a broad lion-like face, tongue sticking out, bowed legs, feathered crown, lion-skin cloak with a tail, brandishing a short curved knife and a drum"
235,Taweret,,235 866,catálogo,Egipto,deidad,bipedo,M,apoyo,agua,rio_lago,variante,,0,3,Protectora de madres: levanta un escudo de agua sobre los aliados.,"upright hippopotamus goddess with lion paws for hands, a crocodile tail along her back, a long dark wig crowned with a disc, rounded belly, holding a protective charm"
236,Mafdet,,236 856,catálogo,Egipto,deidad,cuadrupedo,M,emboscador,ninguno,desierto,variante,,0,3,Cazadora de serpientes y escorpiones; salta desde la sombra.,"sleek spotted big cat goddess with a long slender body, golden eyes with kohl-like dark lines, a braided collar of gold, tail curved, standing over a coiled cobra"
237,Sekhmet,,237,catálogo,Egipto,deidad,bipedo,M,poderoso,fuego,desierto,variante,,0,3,Furia solar; en la leyenda se calma con cerveza teñida de rojo.,"lioness-headed goddess in a long red dress, a golden sun disc with a cobra above her head, broad golden collar, fierce amber eyes, one hand clawed, desert wind in her mane"
238,Wadjet,,238 868,catálogo,Egipto,deidad,serpentino,M,apoyo,luz,pantano,reskin,Uraeus,0,3,Diosa cobra del Bajo Egipto; su ojo protege y cura a los aliados.,"emerald-green rearing cobra goddess with a flared hood, a small red crown of Lower Egypt on her head, gold eye-markings, glowing protective eye symbol hovering beside her"
239,Sobek,,239,catálogo,Egipto,deidad,acuatico,L,emboscador,agua,rio_lago,variante,,0,3,Dios cocodrilo del Nilo: agarra desde el agua y arrastra.,"colossal crocodile god, armored green-gold scutes, crown of a sun disc between two plumes, jeweled collar, glowing amber eyes, lunging from the river with open jaws"
240,Serket,,240,catálogo,Egipto,deidad,artropodo,L,apoyo,veneno,desierto,reskin,Girtablullû,0,3,Diosa escorpión: cura picaduras de aliados; prioridad de objetivo.,"golden scorpion goddess with a woman's upper body in a pleated gown and broad jeweled collar, serene crowned head, rising from a giant scorpion body with a gold-and-black carapace, raised stinger tail"
241,Shezmu,,241 864,catálogo,Egipto,deidad,bipedo,M,poderoso,fuego,inframundo,variante,,0,3,"Dios de dos caras: vino y perfume, o castigo en el más allá.","lion-headed god in a pleated kilt wearing a broad collar, carrying a heavy wine press beam and a large clay jar, purple grape juice staining his hands and kilt, grim expression"
242,Aker,,242 848,catálogo,Egipto,deidad,cuadrupedo,L,gigante,tierra,inframundo,variante,,0,3,"Guardián del horizonte: dos cabezas, dos avisos a la vez.","twin lions joined back to back, two heads facing opposite directions, golden sandy manes, glowing sun disc rising between them, massive paws planted on dark earth"
243,Ba-Pe,,243,catálogo,Egipto,generica,flotante,M,emboscador,sombra,inframundo,variante,,0,3,"Dudosa: ¿Ba-Pef, demonio de los Textos de las Pirámides? Sin imagen conocida.","dark spectral soul-spirit with a bird-like body and a pale human face, black feathered wings, long talons, faint glow around its eyes, drifting above a tomb entrance"
244,Akhekh,,244,catálogo,Egipto,criatura,cuadrupedo,M,veloz,ninguno,ruinas,variante,,0,3,Dudosa: grifo guardián egipcio (león con cabeza de ave); datos escasos.,"griffin-like guardian with a lion's body, a hawk's head and hooked beak, folded feathered wings, tawny fur and sandy-gold plumage, long tail ending in a tuft, sharp talons"
247,Guardianes de las puertas del Duat,Demonios guardianes del Duat; Demonios de las puertas,247 249 854,catálogo,Egipto,generica,bipedo,M,engano,sombra,inframundo,variante,,0,3,"Hay que decir el nombre del guardián: acertar abre la puerta, fallar lo enfurece.","tall gatekeeper demon with a jackal-like head and muscular body, a long knife in each hand, a snake draped on one shoulder, standing before a massive stone gate"
250,Simurgh,,250 785,catálogo,Persia y Cáucaso,criatura,alado,XL,apoyo,luz,montana,propio,,1,3,"Aliada sabia: sus plumas curan; símbolo cultural persa, usar con respeto.","colossal wise bird with shimmering peacock-like tail feathers of copper, turquoise and gold, a gentle dog-like head, lion claws, broad wings sheltering a nest in a mountain tree"
251,Div,,251,catálogo,Persia y Cáucaso,criatura,bipedo,L,poderoso,sombra,montana,variante,,0,3,Gigante de las leyendas persas; golpes lentos que hay que esquivar.,"towering horned ogre with ash-white skin and coarse black hair, curved goat-like horns, huge clawed hands, tusks, wearing a spiked iron belt, standing at a dark cave mouth"
252,Peri,,252 783,catálogo,Persia y Cáucaso,criatura,alado,M,distancia,luz,cielo,variante,,0,3,"Hada persa, a menudo benévola: puede ser aliada o rival.","graceful winged fairy woman with iridescent butterfly-like wings, long flowing sleeves in pale blue and gold, a glowing jeweled circlet, floating among clouds, scattering sparkling dust"
254,Azhdaha,Azhdar; Azhdaha of Caucasus,254 773 787,catálogo,Persia y Cáucaso,criatura,serpentino,L,distancia,fuego,montana,variante,,0,3,Dragón de las epopeyas persas y caucásicas; aliento de fuego a distancia.,"huge horned dragon-serpent with thick olive-green scales, a mane of red spines along its neck, wide fanged jaws breathing flame, two short clawed forelegs, coiled around a rocky peak"
255,Huma,Homa,255 779,catálogo,Persia y Cáucaso,criatura,alado,M,veloz,viento,cielo,variante,,0,3,Nunca toca el suelo: pasa en picado y vuelve a subir.,"elegant long-tailed phoenix-like bird with iridescent gold, teal and crimson plumage, a small crest, trailing tail feathers like ribbons, wings outstretched in soaring flight above clouds"
256,Shadhahvar,,256,catálogo,Persia y Cáucaso,criatura,cuadrupedo,M,distancia,viento,montana,variante,,0,3,Su cuerno suena con el viento: su música atrae a otras bestias.,"slender antelope-like beast with a tall hollow horn full of flute-like holes and branches that sings in the wind, sleek fawn coat, white belly, dark liquid eyes, delicate legs"
257,Roc,,257,catálogo,Árabe e islámica,criatura,alado,XL,gigante,viento,cielo,variante,,0,3,Deja caer rocas desde el cielo; hay que cortar las garras primero.,"colossal eagle-like bird with enormous brown-gold wings, a hooked beak the size of a boat, massive talons clutching a boulder, feathers like long sails, a tiny ship far below"
258,Ghoul,Ghul-e biyaban,258 796,catálogo,Árabe e islámica,criatura,bipedo,M,engano,sombra,desierto,variante,,1,3,Toma forma de viajero perdido; el aviso falso no hace daño.,"gaunt desert ghoul with ashen skin stretched over a thin frame, donkey-like hooves for feet, pointed ears, sharp teeth, sunken glowing eyes, wearing a torn traveler's robe"
259,Marid,,259,catálogo,Árabe e islámica,criatura,flotante,L,distancia,agua,mar,variante,,1,3,"Jinn rebelde del mar; invoca olas. Tratar con respeto, sin burlas.","towering sea genie made of dark blue water and white foam, a muscular torso with a swirling whirlpool in place of legs, coral crown, glowing white eyes, arms raising a huge wave"
261,Jinn,Djinn del Sahara; Jinn del oasis,261 875 877,catálogo,Árabe e islámica,generica,flotante,M,engano,fuego,desierto,variante,,1,3,Categoría amplia de jinn; base para variantes. Tratar con respeto.,"smoke-bodied genie with a human torso and a tail of swirling sand-colored smoke, glowing amber eyes, a silver turban, hovering over an oasis spring, hands weaving shimmering illusions"
262,Nasnas,,262,catálogo,Árabe e islámica,criatura,bipedo,M,veloz,ninguno,selva,variante,,1,3,Medio cuerpo que salta a la pata coja; ataque rápido y errático.,"half-person creature split vertically down the middle with one arm, one leg and half a face, hopping on its single leg, ragged brown skin, a single glaring eye, a wild tuft of hair"
263,Bahamut,,263,catálogo,Árabe e islámica,criatura,alado,XL,gigante,luz,cielo,propio,,1,3,Origen: pez cósmico islámico; el usuario decidió representarlo como dragón.,"colossal silver-white dragon with four wide wings, pearl-blue scales, a long horned head with glowing sapphire eyes, fin-like frills along its neck and tail, towering above the clouds"
264,Zaratan,,264,catálogo,Árabe e islámica,criatura,acuatico,XL,gigante,agua,mar,propio,,0,3,"Parece una isla; al encender fuego sobre su lomo, se sumerge.","island-sized sea turtle with a rocky shell covered in trees, grass and small pools, barnacles and seaweed on its flanks, a huge wrinkled head rising from the waves"
265,Buraq,,265,catálogo,Árabe e islámica,criatura,cuadrupedo,M,apoyo,luz,cielo,variante,,2,3,"Montura sagrada del islam: solo lore o PNJ, nunca enemigo.","slender white winged steed, larger than a donkey and smaller than a mule, long feathered wings, gentle dark eyes, peacock-like fanned tail, golden bridle, soft glowing aura"
266,Anqa,,266,catálogo,Árabe e islámica,criatura,alado,L,emboscador,viento,montana,variante,,0,3,Cae en picado desde las cumbres; se esquiva al verla bajar.,"giant mythical bird with a very long swan-like neck, tawny golden body, crimson wing tips, peacock-like crest and trailing tail feathers, hooked talons, perched on a high rocky crag"
267,Al-Mi'raj,Al-mi'raj,267 502,catálogo,Árabe e islámica,criatura,cuadrupedo,S,veloz,ninguno,llanura,variante,,0,3,Parece inofensivo; el cuerno atraviesa a quien se acerca confiado.,"small hare with russet fur and long ears, a single spiral black horn on its forehead, sharp teeth, alert amber eyes, lean hind legs, crouched on sandy ground"
268,Qutrub,,268,catálogo,Árabe e islámica,criatura,bipedo,M,engano,sombra,ruinas,variante,,1,3,Alterna forma de perro y de hombre peludo entre las tumbas.,"hunched ghoul with a wolf-like head on a lean man-like body, matted ash-grey fur, glowing yellow eyes, long clawed fingers, torn grave shroud, standing among old tombstones"
269,Si'lat,,269,catálogo,Árabe e islámica,criatura,bipedo,M,engano,sombra,desierto,variante,,1,3,Finge ser una viajera perdida; el aviso falso no hiere.,"gaunt desert she-demon with pale ash-grey skin, long tangled black hair, glowing amber eyes, clawed hands, cloven hooves for feet, tattered sand-colored robes, thin sharp smile"
270,Yamma,,270,catálogo,Hebrea y Levante,deidad,acuatico,L,distancia,agua,mar,variante,,0,3,Dios del mar: olas que se esquivan en lugar de pararlas.,"towering sea lord with blue-green skin, fin-like ears, kelp-braided beard, coral and shell crown, scaled forearms, driftwood trident, robe of woven seaweed, waves curling around his waist"
271,Lotan,,271,catálogo,Hebrea y Levante,criatura,serpentino,XL,gigante,agua,mar,propio,,0,3,Siete cabezas con ataques sucesivos; cada cabeza cortada cambia el patrón.,"colossal seven-headed sea serpent, dark blue scaled coils, silver belly plates, seven fanged heads on long necks with spiny fin crests, glowing pale eyes, rising from stormy waves"
272,Mot,,272,catálogo,Hebrea y Levante,deidad,bipedo,L,poderoso,sombra,inframundo,variante,,0,3,"Sus fauces devoran: el agarre se esquiva, no se detiene.","tall gaunt lord of death in a dusty grey burial shroud, cracked dry-earth skin, skull-like face with a hugely wide hollow mouth, long bony fingers, staff of withered reeds"
273,Resheph,,273 813,catálogo,Hebrea y Levante,deidad,bipedo,M,distancia,fuego,ruinas,variante,,0,3,Dispara flechas de peste desde lejos; avisa con un brillo rojo.,"bearded warrior god in bronze scale armor and a tall white conical crown with a gazelle-head ornament, round shield, spear and bow, red cloak, embers drifting from his shoulders"
274,Se'irim,,274 814,catálogo,Hebrea y Levante,criatura,bipedo,M,enjambre,ninguno,desierto,variante,,1,3,Cabras saltarinas en grupos; ideales para el corte de luna.,"shaggy goat-legged desert spirit with a bearded goat face, curved horns, coarse brown fur over a human-like torso, cloven hooves, ragged cloth wrap, leaping among ruined stones"
275,Naga,,275,catálogo,India,criatura,serpentino,M,veloz,veneno,rio_lago,variante,,1,3,Despliega la capucha antes de morder: aviso claro y breve.,"hooded cobra being with a human-like torso and a long green-and-gold serpent tail, flared hood marked with eye patterns, jeweled armbands, glowing gem on its brow, venom-dripping fangs"
276,Garuda,,276,catálogo,India,deidad,alado,L,poderoso,viento,cielo,propio,,2,3,"Montura de Vishnu, sagrado: mejor lore o PNJ que enemigo.","majestic golden bird-lord with a white eagle head and hooked red beak, huge red-and-gold wings, muscular human-like torso in jeweled armor, taloned legs, crown of flame-like feathers"
277,Rakshasa,,277,catálogo,India,criatura,bipedo,M,poderoso,sombra,bosque,variante,,1,3,Golpes pesados; algunos no se paran y hay que esquivarlos.,"fanged demon warrior with dark crimson skin, curved tusks, pointed ears, two short horns, glowing golden eyes, heavy bronze armor, spiked iron mace, tattered saffron sash"
278,Yaksha,Yaksha guardian,278 772,catálogo,India,criatura,bipedo,M,apoyo,tierra,bosque,variante,,1,3,Guardián que protege a otros enemigos: objetivo prioritario.,"tall muscular guardian spirit with mossy green-brown skin, broad shoulders, large round eyes, curly topknot, heavy gold jewelry, carrying a stone club, roots and coins at his feet"
279,Yakshini,,279,catálogo,India,criatura,bipedo,M,emboscador,ninguno,bosque,reskin,Yaksha,1,3,Espera en un árbol y agarra al que pasa debajo.,"graceful tree spirit woman with pale green skin, long black hair adorned with white jasmine flowers, bark-like patterns on her arms, jeweled anklets, flowing red-and-gold wrap, clawed fingers, glowing eyes"
280,Asura,,280,catálogo,India,criatura,bipedo,L,poderoso,fuego,inframundo,variante,,1,3,Cuatro brazos con golpes encadenados; cada brazo avisa distinto.,"towering four-armed titan with deep red skin, tusked fierce face, golden crown and armor, holding sword, spear, axe and shield, flames curling at his shoulders"
281,Daitya,Daitya serpent,281 751,catálogo,India,criatura,bipedo,L,gigante,tierra,montana,variante,,1,3,Gigante por partes; puntos débiles en rodillas y nuca.,"huge stone-grey giant with a heavy brow, two thick horns, broad scarred chest, ornate bronze belt and armlets, boulder-like fists, cracked skin glowing faintly orange, standing among shattered rocks"
282,Danava,,282,catálogo,India,criatura,bipedo,M,distancia,sombra,subsuelo,variante,,1,3,Hechicero de ilusiones y proyectiles; mantiene la distancia.,"lean sorcerer demon with indigo skin, long white hair, glowing violet eyes, three-pointed crown, flowing black-and-silver robes, one hand raised conjuring a ball of dark energy, curved fangs"
283,Vetala,,283 767,catálogo,India,criatura,bipedo,M,engano,sombra,ruinas,variante,,1,3,Posee un cadáver colgado y plantea acertijos antes de atacar.,"emaciated corpse-spirit hanging upside down by its feet, grey-blue skin, long black matted hair, glowing red eyes, torn white funeral cloth, thin clawed fingers, tree branch overhead"
284,Preta,,284,catálogo,India,criatura,bipedo,M,enjambre,fuego,inframundo,variante,,1,3,Hordas hambrientas y torpes; el corte de luna las barre.,"emaciated ghost with grey skeletal limbs, a hugely bloated hollow belly, long thin neck, tiny mouth leaking embers, sunken glowing eyes, tattered rags, wisps of pale smoke around its feet"
285,Pishacha,,285 762,catálogo,India,criatura,bipedo,M,emboscador,sangre,ruinas,variante,,1,3,Acecha entre cenizas de pira y salta sobre el descuidado.,"wild ash-covered demon with sunken red eyes, long fangs, matted hair, gaunt ribcage, claw-like nails, necklace of small bones, crouching beside the cold ashes of a funeral pyre"
286,Brahmarakshasa,,286,catálogo,India,criatura,bipedo,M,apoyo,fuego,bosque,variante,,1,3,Maldice desde su árbol y fortalece a los demás enemigos.,"tall ghostly scholar-demon with a crown of flames on his head, grey ashen skin, sacred thread across his chest, fangs, skull bowl in one hand, tattered white robes, banyan roots around him"
287,Churel,,287 750,catálogo,India,criatura,bipedo,M,engano,sombra,llanura,variante,,1,3,Pies al revés: ese detalle delata su ilusión.,"pale ghostly woman in a faded red wedding sari, long black hair covering her face, hollow dark eyes, feet turned backward, thin clawed fingers, faint mist around her ankles"
288,Bhoot,,288,catálogo,India,generica,flotante,M,veloz,sombra,ciudad_hogar,variante,,1,3,Fantasma genérico del sur de Asia; aparece y se desvanece rápido.,"pale translucent ghost of a villager in a tattered white shroud, no visible feet, trailing grey mist, hollow glowing eyes, long arms ending in curled fingers, faint blue glow"
289,Makara,Makara de templo,289 757,catálogo,India,criatura,acuatico,L,emboscador,agua,rio_lago,propio,,1,3,Acecha bajo el agua; mandíbulas y trompa agarran desde la orilla.,"water monster with a crocodile jaw and elephant trunk, fish tail curled over its back, scaly green-gold body, spiral horn crest, small clawed forelegs, ornate carved-stone details, river spray"
290,Kinnara,Kinnara sudeste asiático; Kinnaras of Himalaya,290 397 756,catálogo,India,criatura,alado,M,apoyo,viento,cielo,variante,,2,3,Ser celestial sagrado cuya música bendice: solo lore o PNJ.,"celestial musician with a human torso and the wings and tail feathers of a bird, jeweled crown, holding a lute, pale gold plumage with teal tips, feathered legs ending in talons"
291,Kinnari,,291,catálogo,India,criatura,alado,M,apoyo,viento,cielo,reskin,Kinnara,2,3,"Versión femenina de Kinnara; sagrada, solo lore o PNJ.","celestial female musician with a human torso and rose-and-silver bird wings and tail, flower garland, tall jeweled headdress, holding a small drum, feathered legs ending in talons"
292,Gandharva,,292,catálogo,India,criatura,bipedo,M,distancia,luz,cielo,variante,,2,3,"Música celestial: ser sagrado, solo lore o PNJ.","celestial musician with golden skin, long braided hair, jeweled crown and silk scarves, playing a vina lute, standing on a cloud, soft light around him"
293,Apsara,,293,catálogo,India,criatura,flotante,M,engano,viento,cielo,variante,,2,3,"Danza distractora celestial; sagrada, solo lore o PNJ.","celestial dancer floating on clouds in a flowing silk skirt and long ribbon scarves, golden crown and jewelry, graceful dance pose with one hand raised, lotus flowers drifting around"
294,Vanara,,294,catálogo,India,criatura,bipedo,M,enjambre,ninguno,selva,variante,,1,3,Ejército simiesco ágil; llegan en grupo saltando de rama en rama.,"agile ape-warrior with golden-brown fur and a white muzzle, long curled tail, simple cloth armor with a red sash, wooden staff, leaping through jungle branches"
295,Airavata,,295,catálogo,India,criatura,cuadrupedo,L,gigante,rayo,cielo,variante,,2,3,Montura sagrada de Indra: solo lore o PNJ.,"colossal white elephant with four curved ivory tusks, pale blue shimmer, ornate golden headdress and jeweled saddle cloth, storm clouds swirling around its legs, small lightning sparks on its tusks"
296,Sharabha,,296 765,catálogo,India,deidad,cuadrupedo,L,poderoso,fuego,montana,propio,,2,3,"Forma de Shiva: sagrado, solo lore o PNJ, nunca enemigo.","winged lion-bodied beast with eight legs, bird-like beak and eagle talons, thick golden mane, feathered wings, sharp fangs, glowing amber eyes, rising flames behind it"
297,Jatayu,,297,catálogo,India,criatura,alado,L,apoyo,viento,cielo,variante,,2,3,"Buitre heroico del Ramayana: aliado que se sacrifica, solo PNJ.","enormous old vulture with a featherless wrinkled head, broad dark brown wings, golden-tan neck ruff, powerful hooked beak, scarred battered feathers, noble proud stare"
298,Navagunjara,,298,catálogo,India,deidad,cuadrupedo,L,engano,ninguno,bosque,propio,,2,3,Forma divina de Krishna que engaña a Arjuna: solo lore.,"composite sacred beast with a rooster head, peacock neck, bull body, lion waist, tiger hindquarters, serpent tail, one elephant forefoot, one deer leg and a raised human hand, colorful plumage"
299,Kamadhenu,,299,catálogo,India,deidad,cuadrupedo,M,apoyo,luz,llanura,variante,,2,3,Vaca sagrada que concede deseos: solo lore o PNJ.,"serene white cow with a gentle woman-like face, small golden wings, peacock-feather tail, flower garlands, jeweled golden horns and ankle bells, soft glow around her"
300,Yeti,,300,catálogo,Tíbet y Himalaya,criatura,bipedo,L,poderoso,hielo,nieve,variante,,0,3,Golpes lentos y pesados; obliga a esquivar sobre hielo.,"massive shaggy white-furred ape-like giant with long arms, a dark leathery face, heavy brow, huge hands and feet, icicles in its fur, standing in blowing snow"
301,Migoi,,301,catálogo,Tíbet y Himalaya,criatura,bipedo,L,emboscador,hielo,nieve,reskin,Yeti,0,3,Versión tibetana del Yeti; acecha dentro de las ventiscas.,"tall wild snow-man with matted dark brown fur, pale weathered face, long arms, bone necklace, wrapped in rags of yak hair, emerging from a blizzard"
302,Tsen,,302,catálogo,Tíbet y Himalaya,criatura,bipedo,M,veloz,fuego,montana,variante,,1,3,Espíritu rojo de los peñascos; cargas rápidas con lanza.,"red-skinned mountain spirit in dark lacquered armor, fierce bulging eyes, flame-like hair, red banner on his back, spear in hand, standing on a rocky cliff edge"
303,Gyalpo,,303,catálogo,Tíbet y Himalaya,criatura,bipedo,M,apoyo,sombra,ciudad_hogar,variante,,1,3,Espíritu soberbio que maldice y posee; tratar con cuidado.,"arrogant king spirit in layered dark red and gold monk-like robes, tall black ritual hat, pale stern face, sorcerer's staff, smoke swirling at his feet, cold glowing eyes"
304,Lu,,304,catálogo,Tíbet y Himalaya,criatura,serpentino,M,emboscador,agua,rio_lago,variante,Naga,1,3,Espíritu de agua tibetano; emerge y agarra desde el lago.,"serpent-bodied water spirit with a human torso, turquoise scales, hooded head with small horns, pearl necklace, glowing blue eyes, coiled in clear mountain lake water"
305,Dre,,305,catálogo,Tíbet y Himalaya,criatura,bipedo,M,emboscador,sombra,nieve,variante,,1,3,Demonio de las sombras entre rocas nevadas; salta desde atrás.,"hunched black-skinned demon with matted standing hair, bulging red eyes, long fangs, gaunt ribcage, clawed hands, tattered yak-hair cloak, hiding among snowy boulders"
306,Mamo,,306,catálogo,Tíbet y Himalaya,deidad,bipedo,M,distancia,sombra,ruinas,variante,,2,3,Diosa airada que trae plagas: solo lore o PNJ.,"wrathful dark-blue female spirit with three bulging eyes, flowing black hair, necklace of small carved skulls, tiger-skin skirt, ritual blade and skull bowl in her hands, flames behind her"
307,Khyung,Khyungchen,307 324,catálogo,Tíbet y Himalaya,deidad,alado,L,veloz,viento,cielo,variante,Garuda,2,3,"Garuda tibetano, sagrado: solo lore o PNJ, de vuelos rápidos.","great golden sky-bird with an eagle head, a pair of curved horns, spread wings of gold and turquoise feathers, human-like torso with a sash, taloned feet, clouds around it"
308,Druk,,308,catálogo,Tíbet y Himalaya,criatura,serpentino,L,distancia,rayo,cielo,reskin,Long,1,3,"Dragón del trueno, emblema de Bután: tratar con respeto.","long pearl-white serpentine dragon with turquoise mane and belly scales, four clawed legs, a pearl in its claw, pale blue eyes, rising from clouds with small lightning sparks"
309,Snow Lion,León de nieve,309 316,catálogo,Tíbet y Himalaya,criatura,cuadrupedo,M,veloz,hielo,nieve,variante,,1,3,"León blanco, emblema tibetano; saltos veloces y aviso corto.","white-furred lion with a flowing turquoise mane and tail tuft, golden eyes, powerful paws, standing on a snowy peak with snowflakes drifting around, fierce yet gentle expression"
310,Almas,,310 624,catálogo,Asia Central y Siberia,criatura,bipedo,M,veloz,ninguno,montana,variante,Yeti,0,3,Hombre salvaje esquivo de las montañas; huye si lo miras.,"stocky hairy wild man with reddish-brown fur, low sloping brow, long arms, broad flat feet, matted hair, rough animal-hide wrap, crouching in a rocky mountain meadow"
311,Mongolian death worm,Gusano de la muerte mongol; Olgoi-Khorkhoi,311 636 637,catálogo,Asia Central y Siberia,criatura,serpentino,M,emboscador,veneno,desierto,variante,,0,3,Surge de la arena y escupe veneno; avisa el suelo temblando.,"thick sausage-shaped sand worm with deep crimson mottled skin, blunt tapered ends, spiny ridged segments, gaping toothless mouth spraying yellow venom, half buried in desert sand"
312,Demonio del lago,,312,catálogo,Tíbet y Himalaya,generica,acuatico,M,emboscador,agua,rio_lago,variante,,1,3,Genérico: acecha bajo el hielo del lago y agarra.,"slimy dark green lake demon with a broad flat head, fin-like forearms, hooked claws, glowing yellow eyes, tangled waterweed hair, pale belly, rising from an icy mountain lake"
313,Espíritu de Kangchenjunga,,313,catálogo,Tíbet y Himalaya,generica,flotante,L,apoyo,hielo,nieve,variante,,2,3,Dudosa: guardián sagrado de la montaña (Sikkim); solo lore o PNJ.,"towering mountain spirit of snow and stone, tall figure in white and blue robes with a crown of ice crystals, long silver beard, calm stern face, cloak of glacier mist"
314,Naga himalayo,,314,catálogo,Tíbet y Himalaya,generica,serpentino,M,distancia,hielo,nieve,reskin,Lu,1,3,Genérico: versión helada de Lu; aliento de escarcha a distancia.,"pale blue-white hooded serpent being with a human-like torso, frosty scales, crystal ice crest, glowing pale eyes, coiled on a snowy ledge, breathing cold mist"
315,Thunderbird himalayo,,315,catálogo,Tíbet y Himalaya,generica,alado,L,distancia,rayo,cielo,reskin,Khyung,1,3,Dudosa: el Thunderbird es norteamericano; parece un Khyung renombrado.,"huge storm-grey bird with golden-tipped wings, crest of curved horns, glowing blue eyes, sparks of lightning along its feathers, clawed talons, soaring above snowy peaks"
317,Yaksha tibetano,,317,catálogo,Tíbet y Himalaya,generica,bipedo,M,poderoso,tierra,montana,reskin,Yaksha,1,3,Genérico: Yaksha con paleta y ropa tibetanas.,"tall muscular guardian spirit with dark blue-grey skin, fur-trimmed red robe, round bulging eyes, topknot, stone club in hand, turquoise and coral jewelry, standing on a rocky ledge"
318,Espíritu Lhamo,,318,catálogo,Tíbet y Himalaya,generica,flotante,M,poderoso,fuego,montana,variante,,2,3,Dudosa: «lhamo» significa diosa; quizá Palden Lhamo. Solo lore.,"wrathful guardian goddess spirit with dark blue skin, three eyes, flaming orange hair, crown of small skulls, ornate armor, ritual staff, floating amid fire and clouds"
319,Demonio de montaña tibetano,,319,catálogo,Tíbet y Himalaya,generica,bipedo,L,gigante,tierra,montana,variante,,1,3,"Genérico: gigante de roca por partes; montañas sagradas, con cuidado.","giant mountain demon with rough grey rock skin, jagged horns, mossy shoulders, glowing orange eyes, thick stone-like fists, boulders and snow clinging to his back"
320,Dragón de Kham,,320,catálogo,Tíbet y Himalaya,generica,serpentino,L,poderoso,viento,montana,reskin,Long,0,3,Genérico: Long con paleta verde y plata; embestidas de viento.,"long green-and-silver serpentine dragon with four clawed legs, antler-like horns, pale whiskers, wind-swept mane, glowing amber eyes, coiled around a forested cliff above a valley"
321,Espíritu Torma,,321,catálogo,Tíbet y Himalaya,no_criatura,flotante,S,apoyo,ninguno,ciudad_hogar,variante,,1,3,"Torma es una ofrenda ritual de harina y mantequilla, no una criatura.",
322,Bestia de Ladakh,,322,catálogo,Tíbet y Himalaya,generica,cuadrupedo,M,emboscador,hielo,montana,variante,,0,3,"Dudosa: nombre genérico, sin criatura concreta identificable.","lean mountain beast with thick grey-white shaggy fur, long banded tail, powerful short legs, broad paws, small curved horns, pale blue eyes, stalking a rocky ridge"
323,Serpiente de Manasarovar,,323,catálogo,Tíbet y Himalaya,generica,serpentino,L,gigante,agua,rio_lago,variante,,1,3,Genérico: naga del lago sagrado; tratar con respeto.,"great turquoise-scaled lake serpent with pearl-white belly, small antlers on its head, long whiskers, glowing pale eyes, coiled in clear mountain lake water with lotus petals floating"
325,Long,,325,catálogo,China,criatura,serpentino,L,gigante,agua,cielo,propio,,0,3,Dragón chino: modelo base de sus reskins; gigante por partes.,"majestic long serpentine dragon with emerald scales, golden belly, antler-like horns, flowing whiskers, four clawed legs, a pearl in its claws, riding swirling clouds, flame-like mane"
326,Qilin,,326,catálogo,China,criatura,cuadrupedo,M,veloz,fuego,bosque,variante,,0,3,Tan ligera que no pisa la hierba; embiste y se retira.,"graceful scaled deer-bodied beast with a dragon-like head, single curved horn, ox tail, golden-green scales, flames licking its hooves and mane, calm benevolent eyes"
327,Fenghuang,,327,catálogo,China,criatura,alado,L,apoyo,luz,cielo,variante,,0,3,Su aparición indica paz; protege y cura a los aliados.,"elegant long-tailed phoenix with a pheasant-like head, red feather crest, plumage of red, gold, blue, green and white, trailing ribbon-like tail feathers, graceful spread wings"
328,Bai Ze,,328,catálogo,China,criatura,cuadrupedo,M,apoyo,ninguno,montana,variante,,0,3,Conoce a todos los espíritus; revela puntos débiles al jugador.,"white lion-like beast with a bearded goat-like face, two curved horns, extra eyes along its flanks, long flowing mane, calm scholarly gaze, clouds around its paws"
329,Taotie,,329 666,catálogo,China,criatura,cuadrupedo,L,poderoso,ninguno,montana,propio,,0,3,Insaciable: su gran boca engulle; ojos extra bajo las patas.,"bulky goat-bodied monster with a huge bronze-colored mask-like human face, protruding eyes, wide tiger-fanged mouth, curling horns, spiral patterns on its flanks, extra eyes under its forelegs"
330,Jiangshi,,330,catálogo,China,criatura,bipedo,M,enjambre,sombra,ciudad_hogar,variante,,0,3,"Salta rígido en fila; no ve, sigue la respiración.","stiff hopping corpse with pale green-grey skin, arms stretched rigidly forward, long dark nails, yellow paper talisman on its forehead, dark official robes and a flat-topped hat"
331,Huli jing,,331,catálogo,China,criatura,bipedo,M,engano,ninguno,ruinas,variante,,0,3,Zorro que adopta forma humana; ilusiones y copias.,"elegant fox spirit in human form with russet fox ears and a fluffy tail, narrow amber eyes, silk robes in crimson and cream, folded paper fan, a faint glowing orb of foxfire"
332,Yaoguai,,332,catálogo,China,generica,bipedo,M,enjambre,ninguno,montana,variante,,0,3,Término genérico de monstruos; esbirros de los grandes demonios.,"generic mountain monster in tattered armor, grey-green warty skin, boar-like tusked snout, small horns, spiked club, glowing red eyes, fur cloak on broad shoulders"
333,Nian,,333,catálogo,China,criatura,cuadrupedo,L,poderoso,ninguno,montana,variante,,0,3,"Huye del rojo, el ruido y el fuego: úsalos contra él.","huge lion-headed beast with a single curved horn, ox-like muscular body, matted dark-gold mane, large fangs, heavy clawed paws, red-rimmed glowing eyes"
334,Pixiu,,334 662,catálogo,China,criatura,cuadrupedo,M,apoyo,tierra,ciudad_hogar,variante,,0,3,Guardián del hogar: protege a otros con brillo dorado.,"winged lion-like guardian with curved horns, scaled golden-brown body, thick mane, short feathered wings, fierce stance, coins and jade beads at its feet"
335,Qinglong,,335,catálogo,China,deidad,serpentino,L,poderoso,agua,cielo,reskin,Long,1,3,"Dragón azul del Este, guardián sagrado; reskin de Long.","azure dragon with a long sky-blue serpentine body, pale silver whiskers, antler-like horns, four clawed legs, a pearl in its claw, rain clouds swirling around"
336,Baihu,,336,catálogo,China,deidad,cuadrupedo,L,veloz,viento,montana,variante,,1,3,Guardián sagrado del Oeste; zarpazos rápidos y avisos cortos.,"large white tiger with black stripes, steel-grey claws, glinting silver markings on its shoulders, piercing pale-blue eyes, autumn leaves swirling around it"
337,Zhuque,,337,catálogo,China,deidad,alado,L,distancia,fuego,cielo,reskin,Fenghuang,1,3,"Ave bermellón del Sur, guardián sagrado; reskin del Fenghuang.","vermilion phoenix with fire-red and gold feathers, long flowing tail plumes, crest of flames, sharp golden beak, wings trailing sparks, glowing ember eyes"
338,Xuanwu,,338,catálogo,China,deidad,cuadrupedo,XL,gigante,agua,mar,propio,,1,3,Guardián sagrado del Norte: caparazón con puntos débiles por partes.,"giant black tortoise with a thick ridged shell etched with pale markings, a serpent coiled around its body with its fanged head raised, dark blue scales, mist and water around"
339,Jiuwei hu,,339,catálogo,China,criatura,cuadrupedo,L,distancia,fuego,bosque,variante,Huli jing,0,3,Cada cola dispara una llama; contar las colas da el patrón.,"large nine-tailed white fox with silver-white fur, nine long fluffy tails tipped with blue flame, narrow golden eyes, red markings on its face, standing on a mountain ledge"
340,Hundun,,340,catálogo,China,criatura,flotante,M,engano,sombra,montana,propio,,0,3,"Sin rostro, no se lee su aviso; confía en el sonido.","faceless sack-shaped being with smooth yellow-orange skin like cinnabar, six short legs and four small wings, no eyes or mouth, a soft glow, drifting among swirling dust"
341,Dijiang,,341 657,catálogo,China,criatura,flotante,M,distancia,fuego,montana,reskin,Hundun,0,3,Versión roja de Hundun: ataca con canto y danza.,"faceless sack-shaped being with smooth cinnabar-red skin, six short legs and four small wings in dull gold, no eyes or mouth, sound ripples radiating around it"
342,Taowu,,342,catálogo,China,criatura,cuadrupedo,L,poderoso,ninguno,llanura,variante,,0,3,Nunca retrocede; golpes pesados que obligan a esquivar.,"huge tiger-bodied beast with a shaggy mane, a stern human-like face, boar-like tusks, long thick tail, coarse brown-gold fur with dark stripes, heavy paws"
343,Qiongqi,,343,catálogo,China,criatura,cuadrupedo,L,veloz,viento,montana,variante,,0,3,Tigre alado de pelo erizado; cae en picado con aviso corto.,"winged tiger with spiky bristled fur like a hedgehog, large grey-black feathered wings, fanged snarling mouth, glowing yellow eyes, clawed paws, storm clouds around"
344,Yinglong,,344,catálogo,China,criatura,alado,L,gigante,agua,cielo,variante,Long,0,3,Dragón alado de lluvias y crecidas; las alas son su punto débil.,"winged dragon with a long golden-brown scaled body, broad membranous wings, horned head, four clawed legs, whiskered snout, rain falling from beneath its wings"
345,Zhulong,,345,catálogo,China,deidad,serpentino,XL,gigante,fuego,nieve,variante,,0,3,"Al abrir los ojos amanece; al cerrarlos, cae la noche.","giant crimson serpent-bodied deity with a calm human face, vertical glowing eyes, scales shining like embers, endless coils over a dark snowy mountain, lantern-like light in its mouth"
346,Jiaolong,,346,catálogo,China,criatura,serpentino,L,emboscador,agua,rio_lago,variante,Long,0,3,"Dragón de ríos, sin cuernos; emerge para agarrar desde el agua.","scaly river dragon with a long muscular grey-green body, four short clawed legs, hornless pointed head, red fin crest along its back, long barbels, pale eyes, thrashing in turbulent water"
347,Kui,Kui Niu,347 660,catálogo,China,criatura,cuadrupedo,L,distancia,rayo,mar,propio,,0,3,Una sola pata: salta; su rugido es un trueno que se esquiva.,"ox-like beast with a single thick leg, grey hornless body, glowing golden eyes, thunder-cloud halo, lightning around its hoof, standing in surging waves"
348,Peng,,348,catálogo,China,criatura,alado,XL,distancia,viento,cielo,propio,,0,3,Nace del pez Kun; sus alas levantan ciclones que hay que esquivar,"colossal bird with deep indigo and teal plumage, vast wings like storm clouds, golden hooked beak, long crested head, sweeping tail feathers and fish-scale patterns along its chest, soaring above a whirlwind"
349,Bifang,,349,catálogo,China,criatura,alado,M,distancia,fuego,montana,variante,,0,3,Anuncia incendios; el fuego aparece donde apoya su única pata,"crane-like bird balancing on a single leg, blue-green body with red markings, white beak, long neck and tail, small flames licking its feathers, glowing ember eyes"
375,Dokkaebi,Dokkaebi nocturno; Dokkaebi goblin,375 700 718,catálogo,Corea,criatura,bipedo,M,apoyo,fuego,bosque,variante,,0,3,Su garrote mágico conjura objetos; le encanta retar a luchar,"stocky horned goblin with a wide grin and shaggy hair, striped cloth trousers, a studded wooden club over one shoulder, a small pointed hat, blue spirit flames dancing on his shoulders"
376,Gumiho,Gumiho de nueve colas; Kumiho fox spirit,376 702 708,catálogo,Corea,criatura,cuadrupedo,M,engano,fuego,montana,reskin,Kitsune,0,3,Su perla de zorro es el punto débil; robársela la desarma,"sleek white fox with nine long flowing tails, crimson ear tips and eyes, a glowing blue orb floating before its mouth, faint violet mist around its paws"
377,Imugi,Imoogi,377 705,catálogo,Corea,criatura,serpentino,L,poderoso,agua,rio_lago,variante,,0,3,Dragón sin terminar: sin cuernos ni patas; busca una perla para ascender,"giant gray-green serpent with a thick scaled body, no horns or legs but small bumps where they would grow, large pearly eyes, small jaw frills, coiled in a deep pool"
378,Bulgasari,,378 698,catálogo,Corea,criatura,cuadrupedo,L,poderoso,tierra,montana,propio,,0,3,"Se alimenta de hierro: cuanto más metal traga, más crece","bear-bodied beast with an elephant's trunk, small rhinoceros-like eyes, ox tail and tiger paws, dark iron-gray hide studded with nails and rusty blades it has swallowed"
379,Haetae,,379 704,catálogo,Corea,criatura,cuadrupedo,M,apoyo,agua,ciudad_hogar,variante,,0,3,Embiste al culpable y apaga fuegos; mejor como guardián aliado,"stocky lion-like guardian beast covered in stone-gray scales, one curved horn on its forehead, thick mane, large round eyes, a small golden bell at its neck"
380,Gwisin,,380,catálogo,Corea,criatura,flotante,M,apoyo,sombra,ciudad_hogar,reskin,Yūrei,0,3,Maldice a otros desde la penumbra; prioridad de objetivo,"pale ghost in a white mourning hanbok jacket and long skirt tied with a hemp cord, long loose black hair covering most of her face, floating above the ground, faint blue glow"
381,Cheonyeo gwishin,,381 717,catálogo,Corea,criatura,flotante,M,distancia,sombra,ruinas,reskin,Yūrei,0,3,Doncella sin casar: su lamento hiere a distancia hasta que descansa,"young maiden ghost in a pale hanbok with a red ribbon and a bridal hairpin, long black hair, sorrowful white face, drifting weightlessly, cold lantern-like lights circling her"
382,Jangsan Tiger,Jangsan tiger,382 707,catálogo,Corea,criatura,cuadrupedo,L,engano,ninguno,montana,variante,,0,3,Imita la voz de seres queridos; el aviso real es el silencio,"large white tiger-like beast with long soft pale fur, faint grey stripes, narrow silver eyes and an unsettlingly human-shaped mouth, stalking among misty mountain pines"
383,Pontianak,,383 741,catálogo,Sudeste Asiático,criatura,flotante,M,engano,sombra,selva,reskin,Yūrei,0,3,Llanto de bebé como señuelo; sale de entre los bananos,"pale ghost woman in a long white dress with long black hair, sharp curved nails, a frangipani flower behind her ear, hollow dark eyes, floating beneath banana leaves in moonlight"
384,Penanggalan,,384 738,catálogo,Sudeste Asiático,criatura,flotante,S,veloz,sangre,ciudad_hogar,reskin,Nukekubi,1,3,Las plantas espinosas la enredan y le impiden volar,"floating woman's head with pale skin and long black hair, glowing red eyes and fangs, dangling glowing ghostly tendrils trailing beneath like a comet tail, drifting between village huts"
385,Toyol,,385 745,catálogo,Sudeste Asiático,criatura,bipedo,S,veloz,sombra,ciudad_hogar,variante,,1,3,Roba monedas y huye; perseguirlo lleva hasta su dueño,"small bald child-sized imp with pale green skin, huge red eyes, pointed ears and sharp little teeth, wearing a tiny cloth wrap, clutching a stolen coin pouch"
386,Orang minyak,,386,catálogo,Sudeste Asiático,criatura,bipedo,M,emboscador,sombra,ciudad_hogar,variante,,1,3,Cuerpo aceitoso: los golpes mal ajustados resbalan; solo el corte perfecto hiere,"shadowy man whose whole body is coated in thick glossy black oil, dark wrap sarong, dripping wet hair, glinting white eyes, slick fingers, crouching on a thatched rooftop at night"
387,Phi Krasue,Krasue,387 739,catálogo,Sudeste Asiático,criatura,flotante,S,distancia,luz,llanura,reskin,Nukekubi,1,3,"Lanza destellos verdosos desde lejos; esquivar la luz, no el cuerpo","floating woman's head with long black hair and a soft green-white glow, hollow eyes, gaping mouth, glowing ghostly tendrils dangling beneath it like a comet tail over rice fields"
388,Phi Pop,,388 740,catálogo,Sudeste Asiático,criatura,bipedo,M,engano,sombra,selva,variante,,1,3,"Posee a un aldeano; hay que expulsarlo, no cortar al poseído","gaunt hunched figure in ragged clothes with glowing red eyes, pale ashen skin and an unnaturally wide stretched grin, wisps of dark smoke trailing from its shoulders"
389,Aswang,,389,catálogo,Sudeste Asiático,criatura,bipedo,M,engano,sangre,ciudad_hogar,variante,,1,3,De día parece una vecina; de noche cambia: leer cómo camina,"gaunt night-form shapeshifter hunched under a ragged dark cloak, long black hair, glowing red eyes, a long thin snake-like tongue, clawed fingers, pale grey skin"
390,Manananggal,,390,catálogo,Sudeste Asiático,criatura,alado,M,emboscador,sangre,selva,propio,,1,3,Su torso vuela solo; atacar la mitad inferior impide que regrese,"upper half of a woman's body with huge dark leathery bat wings, long black hair, sharp fangs and a thin extended tongue, flying alone with only wisps of dark smoke below the waist"
391,Tikbalang,,391,catálogo,Sudeste Asiático,criatura,bipedo,L,veloz,ninguno,bosque,variante,,0,3,Coces veloces con zancadas largas; arrancarle un pelo de oro lo doma,"tall thin horse-headed humanoid with long limbs, dark brown coat, a wild black mane, large nostrils, hooved feet and long fingers, towering at the edge of a misty forest"
392,Kapre,,392,catálogo,Sudeste Asiático,criatura,bipedo,L,poderoso,tierra,selva,variante,,1,3,"Espíritu del árbol: dibujarlo como gigante de corteza, sin caricatura","giant tree-dwelling spirit with bark-textured skin, mossy shoulders, thick vine-like arms, glowing amber eyes, sitting in a huge old tree puffing smoke from a long wooden pipe"
393,Bakunawa,,393,catálogo,Sudeste Asiático,criatura,serpentino,XL,gigante,sombra,mar,propio,,0,3,Devora la luna: el combate se oscurece como un eclipse por fases,"colossal sea serpent-dragon with a crimson sinuous body, gaping mouth wide enough to swallow the moon, curved tusks, fin-like wings, glowing eyes and scales shining with deep ocean light"
394,Sarimanok,,394,catálogo,Sudeste Asiático,criatura,alado,S,apoyo,luz,cielo,variante,,1,3,Símbolo maranao de buena fortuna; mejor aliado que enemigo,"ornate rooster-like bird with brilliant green, gold and red plumage in scrolling patterns, a long fanned tail, golden crest, a small silver fish held in its beak"
395,Naga sudeste asiático,,395,catálogo,Sudeste Asiático,criatura,serpentino,L,apoyo,agua,rio_lago,variante,,2,3,Ser sagrado budista e hindú: solo lore o guardián de templo,"giant multi-headed cobra with seven hooded heads fanned like a crown, emerald and gold scales, jeweled crests, calm glowing eyes, coiled around a temple staircase"
396,Garuda sudeste asiático,,396,catálogo,Sudeste Asiático,deidad,alado,L,veloz,fuego,cielo,variante,,2,3,Montura divina de Vishnu y emblema nacional: solo lore o PNJ,"majestic winged bird-man with a golden body, white face, sharp curved beak, red wings spread wide, feathered crown, jeweled armlets and strong talons"
398,Leyak,,398,catálogo,Sudeste Asiático,criatura,flotante,S,apoyo,fuego,selva,reskin,Nukekubi,1,3,Bruja cuya cabeza vuela y maldice a otros; prioridad de objetivo,"floating head of a witch with bulging eyes, long fangs and a lolling tongue, wild hair, green-red flame trailing behind with dangling glowing tendrils, drifting through a jungle night"
399,Barong,,399,catálogo,Sudeste Asiático,deidad,cuadrupedo,M,apoyo,luz,ciudad_hogar,variante,,2,3,Rey de los espíritus buenos: solo lore o PNJ protector,"shaggy lion-like guardian spirit with bulging eyes and large fangs, a mane of white fur, a golden carved crown, ornate gold and red decorations, walking on four legs"
515,Ouroboros,,515,catálogo,Egipto,criatura,serpentino,XL,gigante,ninguno,ruinas,propio,,0,3,Serpiente circular: el punto débil está donde la boca muerde la cola.,"enormous dark-scaled serpent coiled into a perfect circle biting its own tail, gold-edged belly scales, glowing amber eyes, faint alchemical glyphs along its body, mist inside the ring"
525,Ziz,,525 800,catálogo,Hebrea y Levante,criatura,alado,XL,gigante,viento,cielo,propio,,1,3,"Jefe aéreo: su sombra avisa de la zambullida; tradición hebrea, tratar con respeto.","colossal bird with vast dark-blue feathered wings that blot out the sun, golden talons, a crested head with a hooked beak, and storm clouds gathering around its shoulders"
543,Ochokochi,,543,catálogo,Persia y Cáucaso,criatura,bipedo,L,poderoso,ninguno,montana,variante,,0,3,"Hombre salvaje georgiano; golpes lentos y largos, ideal para esquivar.","tall shaggy wild man of the mountain forest, covered in long coarse brown fur, heavy brow and yellow tusk-like teeth, enormously long arms and a gnarled club made from a pine trunk"
577,Abaasy,,577,catálogo,Asia Central y Siberia,criatura,bipedo,L,poderoso,sombra,inframundo,variante,,1,3,Demonios yakutos del mundo inferior (el catálogo los ubica mal en África).,"hulking underworld demon with iron-grey skin, a single large eye, jagged tusks, asymmetric body with one huge clawed arm, shaggy dark fur cloak and cold breath rising like frost"
625,Arzhan,,625,catálogo,Asia Central y Siberia,generica,flotante,M,apoyo,agua,montana,variante,,1,3,Dudosa: «arzhaan» designa manantiales sagrados curativos en Tuvá; sin criatura clara.,"gentle spring spirit rising from a mountain pool, a translucent figure of clear water with a halo of mist, long flowing hair of rippling currents and soft white glowing eyes"
626,Bakeneko siberiano,,626,catálogo,Asia Central y Siberia,generica,bipedo,M,veloz,hielo,nieve,reskin,Bakeneko,0,3,Categoría comparativa de espíritus felinos; no es el bakeneko japonés. Reskin nevado.,"large spirit cat standing on its hind legs with thick silver-white lynx fur, tufted ears, ice-blue eyes, frost crystals along its whiskers and a long ringed tail swirling with snow"
627,Buniyip siberiano,,627,catálogo,Asia Central y Siberia,generica,acuatico,L,emboscador,agua,rio_lago,reskin,Bunyip,0,3,"Nombre comparativo moderno, no una criatura tradicional; reskin lacustre del bunyip.","bulky lake beast with a seal-like dark brown body, shaggy mane around a horse-like head, long tusks, flipper limbs and a thick tail, lurking in cold grey water with ice floes"
628,Chuchun,,628,catálogo,Asia Central y Siberia,criatura,bipedo,L,poderoso,hielo,nieve,variante,,0,3,Probable Chuchunaa yakuto: gigante peludo de la tundra; golpes lentos.,"tall hairy snow-dwelling giant covered in thick grey-brown fur, heavy brow, very long arms, frost crusted in its fur and enormous bare feet leaving deep prints"
629,Dersu spirit,,629,catálogo,Asia Central y Siberia,no_criatura,bipedo,M,veloz,ninguno,bosque,variante,,0,3,"Posible error del catálogo: Dersu Uzala fue un cazador nanai real, no un espíritu.",
630,Erlik's servants,,630,catálogo,Asia Central y Siberia,generica,bipedo,M,enjambre,sombra,inframundo,variante,,1,3,"Séquito de Erlik, señor del inframundo túrquico; aparecen en grupos de 4 a 8.","gaunt underworld servant with ash-grey skin, a horned iron helmet, glowing red eyes, a ragged black cloak, a curved blade and rusted chains, trailing cold dark smoke"
631,Hulagu beast,,631,catálogo,Asia Central y Siberia,generica,cuadrupedo,L,veloz,ninguno,llanura,variante,,0,3,Dudosa: Hulagu fue un kan mongol; no conozco ninguna bestia con ese nombre.,"large steppe beast with a heavy shaggy mane of coarse brown fur, a broad wolf-like head, thick limbs ending in broad claws, small deep-set eyes and a long ragged tail"
632,Kara-Kura,,632,catálogo,Asia Central y Siberia,generica,flotante,M,engano,sombra,desierto,variante,,1,3,"Dudosa: no la reconozco; figura nocturna del miedo, a confirmar con fuentes.","dark shapeless night wraith with a hunched silhouette of black smoke, two pale slit eyes, long thin dangling arms and drifting wisps of cold sand and shadow around it"
633,Karakurt spirit,,633,catálogo,Asia Central y Siberia,generica,artropodo,M,emboscador,veneno,desierto,variante,,0,3,Dudosa: karakurt es una araña real (viuda negra); espíritu no documentado.,"giant glossy black spider with thirteen red spots on its swollen abdomen, long thin legs, dripping fangs and a pale spirit-like mist halo, clinging to a rocky overhang"
634,Kermes,,634,catálogo,Asia Central y Siberia,generica,bipedo,M,veloz,ninguno,llanura,variante,,0,3,Dudosa: no identifico a Kermes; «kermes» es también un insecto tintóreo.,"gaunt steppe spirit in a ragged felt coat and pointed fur hat, ash-grey skin, long braided black hair, faintly glowing amber eyes, clawed hands, small dust whirl at its feet"
635,Mergen spirit,,635,catálogo,Asia Central y Siberia,generica,bipedo,M,distancia,ninguno,bosque,variante,,0,3,Dudosa: «mergen» significa arquero certero; no es una criatura concreta.,"tall spectral archer in a fur-trimmed felt coat and pointed cap, pale blue translucent skin, drawing a long recurved horn bow, quiver of bone arrows on its back"
638,Otshirvani beast,,638,catálogo,Asia Central y Siberia,deidad,bipedo,M,apoyo,rayo,montana,variante,,2,3,"Ochirvani es Vajrapani, protector budista (no bestia). Solo lore o PNJ.","wrathful blue-skinned guardian in layered silk scarves and gilded armor, raising a golden thunderbolt scepter, crown of five jewels, ring of flames behind, standing on a lotus"
639,Shurale,,639,catálogo,Asia Central y Siberia,criatura,bipedo,M,emboscador,ninguno,bosque,variante,,0,3,Su dedo largo mata a cosquillas; atrápalo en un tronco hendido.,"tall shaggy forest ogre with coarse brown fur, a single curved horn on its forehead, one very long crooked finger, goat-like ears and glowing yellow eyes"
640,Su-Mergen,,640,catálogo,Asia Central y Siberia,generica,bipedo,M,distancia,agua,rio_lago,reskin,Mergen spirit,0,3,"Dudosa: «su» es agua en túrquico; probable cazador acuático, versión de Mergen.","lean spectral hunter with teal-grey skin, coat of overlapping fish-scale plates, river-reed cap, bow of bleached driftwood, long wet hair dripping, quiver of fish-bone arrows"
641,Tepegöz,,641,catálogo,Asia Central y Siberia,criatura,bipedo,L,gigante,tierra,montana,propio,,0,3,Piel como roca: solo el ojo único es punto débil.,"colossal one-eyed ogre with stone-hard grey-brown skin, a single huge eye in the middle of its forehead, thick matted hair, massive bare fists and a rough hide kilt"
642,Tulpar,,642,catálogo,Asia Central y Siberia,criatura,alado,L,veloz,viento,llanura,variante,,0,3,"Corcel de héroes; posible montura o aliado, a decidir.","powerful winged steppe horse with a glossy dark chestnut coat, broad feathered wings of white and gold, flowing silver mane and tail braided with ornamental ribbons, gleaming hooves"
643,Ubır,,643,catálogo,Asia Central y Siberia,criatura,bipedo,M,emboscador,sangre,ciudad_hogar,variante,,0,3,Vampiro túrquico; ataca a los durmientes de noche.,"gaunt pale vampire in tattered dark felt robes, sunken glowing red eyes, long sharp nails, elongated fangs, tangled black hair and a bat-like cloak"
644,Udege forest spirit,,644,catálogo,Asia Central y Siberia,generica,bipedo,L,emboscador,tierra,bosque,variante,,1,3,Categoría genérica de espíritus del bosque udege; usar con respeto.,"tall moss-covered taiga spirit with a bark-like face, antler branches growing from its head, lichen beard, glowing green eyes, body of tangled roots and pine needles"
646,Yalmauz,,646,catálogo,Asia Central y Siberia,criatura,bipedo,L,poderoso,ninguno,bosque,variante,,0,3,"Ogresa devoradora; golpes lentos, hay que esquivar, no parar.","towering ogress with grey-green leathery skin, tangled waist-length white hair, a long hooked nose, heavy clawed hands and ragged sheepskin clothes, bundle of bones tied at her belt"
647,Zhalmauyz Kempir,,647,catálogo,Asia Central y Siberia,criatura,bipedo,M,engano,ninguno,llanura,reskin,Yalmauz,0,3,Se disfraza de abuela amable; el aviso falso no daña.,"hunched old ogress in a faded patchwork felt coat and headscarf, sallow green-grey skin, a very long nose, iron-tipped walking stick, sack slung over her shoulder, wicked grin with crooked teeth"
648,Zmey Siberiano,,648,catálogo,Asia Central y Siberia,generica,serpentino,L,distancia,fuego,montana,variante,,0,3,"Categoría; «zmey» es palabra eslava, no tradición siberiana concreta.","long scaly dragon-serpent with dark green and bronze scales, two short horns, small forelegs with hooked claws, smoking nostrils and a spiked ridge along its back"
649,Ao Guang dragon,,649,catálogo,China,deidad,serpentino,XL,gigante,agua,mar,propio,,1,3,"Rey dragón del mar Este, aún venerado; jefe digno, sin caricatura.","colossal azure sea dragon with a long scaled body, antlered head, flowing white whiskers, golden pearl in its claws, four taloned limbs, mane of pale foam and a crown of coral"
650,Ao Qin dragon,,650,catálogo,China,deidad,serpentino,XL,distancia,fuego,mar,reskin,Ao Guang dragon,1,3,Rey dragón del mar Sur (rojo); mismo cuerpo que Ao Guang.,"colossal crimson sea dragon with long scaled body, antlered head, white whiskers, ember-orange mane, four taloned limbs, a glowing red pearl in its claws and coral-red crest"
651,Ao Run dragon,,651,catálogo,China,deidad,serpentino,XL,poderoso,hielo,mar,reskin,Ao Guang dragon,1,3,Rey dragón del mar Oeste (blanco); reskin de Ao Guang.,"colossal pearl-white sea dragon with long scaled body, antlered head, pale silver whiskers, frost-blue mane, four taloned limbs, a moonstone pearl in its claws and a crest of ice-like spines"
652,Ao Shun dragon,,652,catálogo,China,deidad,serpentino,XL,apoyo,sombra,mar,reskin,Ao Guang dragon,1,3,Rey dragón del mar Norte (negro); invoca mareas y sirvientes.,"colossal midnight-black sea dragon with long scaled body, antlered head, grey whiskers, dark teal mane, four taloned limbs, a deep-blue pearl in its claws and a crest of black kelp-like fins"
653,Baihu spirit,,653,catálogo,China,criatura,cuadrupedo,L,veloz,viento,montana,reskin,Baihu,1,3,"Duplica a «Baihu»: mismo tigre blanco, símbolo del Oeste.","large white tiger with bold black stripes, pale silver-blue eyes, long curved fangs, a faint mist of wind swirling around its shoulders and thick pale paws"
654,Baxian beast,,654,catálogo,China,generica,cuadrupedo,M,veloz,ninguno,montana,variante,,1,3,Dudosa: los Ocho Inmortales no tienen bestia canónica; quizá la mula de Zhang Guolao.,"calm white mule-like beast with a jade-green saddle blanket, small curved horns, cloud-like swirls around its hooves, long ears and golden eyes, red silk ribbons tied to its mane"
655,Chiwen,,655,catálogo,China,criatura,serpentino,S,distancia,agua,ciudad_hogar,variante,,0,3,Dragón de tejado que apaga fuegos; escupe agua contra llamas.,"small roof-guardian dragon with a stout scaled body, fish-like upswept tail, wide open mouth showing rounded teeth, short horns, coiled stone-grey and teal scales, spouting a thin jet of water"
656,Chimera of Shanhaijing,,656,catálogo,China,generica,cuadrupedo,M,poderoso,ninguno,montana,variante,,0,3,Categoría; combinar al azar piezas de otras bestias del Shanhaijing.,"composite mountain beast with an ox-like horned head, striped tiger body, bird feathers along the spine, a snake-like tail and mismatched eyes of amber and green"
658,Fei Lian,,658,catálogo,China,deidad,alado,L,distancia,viento,cielo,propio,,1,3,Ráfagas que desvían proyectiles; atácalo cuando el viento cae.,"wind-spirit beast with a deer's body covered in leopard spots, a sparrow-like head with short horns, broad grey feathered wings and a long snake tail, swirling cloud wisps at its hooves"
659,Jingwei,,659,catálogo,China,criatura,alado,S,veloz,tierra,mar,variante,,0,3,Insiste sin descanso; deja caer piedras desde lo alto.,"small crow-like bird with a patterned dark-and-white head, white beak, bright red feet and blue-black feathers, carrying a small pebble and a twig in its claws"
661,Longma,,661,catálogo,China,criatura,cuadrupedo,L,veloz,agua,rio_lago,propio,,0,3,Corre sobre el agua; presagio de que algo extraordinario llega.,"dragon-horse with a powerful horse body covered in jade-green scales, a dragon's head with antlers, flaming mane, feathered fetlocks, spread wings and a long tufted tail"
663,Qingniao,,663,catálogo,China,criatura,alado,S,enjambre,viento,cielo,variante,,0,3,Mensajeras celestiales en bandada; piden el corte de luna.,"slender blue-green bird with a crimson head, dark eyes, long trailing tail feathers, a silk message ribbon tied around one foot, shimmering turquoise wings"
664,Shan Xiao,,664,catálogo,China,criatura,bipedo,S,apoyo,veneno,montana,variante,,0,3,Causa fiebre; el estruendo de bambú ardiendo lo ahuyenta.,"tiny one-legged mountain imp about knee-high with a wrinkled brown face, a single leg with a backward-facing heel, patchy fur, big round eyes and a tattered straw cape"
665,Shan Gui,,665,catálogo,China,criatura,bipedo,M,engano,viento,montana,variante,,0,3,Espíritu melancólico de la montaña; la niebla oculta a sus felinos.,"slender mountain spirit maiden in a cloak of fig leaves and wisteria vines, pale green skin, a red leopard at her side, mist curling around her feet"
667,Tian Gou,,667,catálogo,China,criatura,cuadrupedo,L,poderoso,sombra,cielo,variante,,0,3,Devora el sol y la luna en eclipses; golpea desde la sombra.,"celestial hound with sleek black fur, a white head, glowing golden eyes, long fiery streaking tail like a comet and sharp curved fangs, star-like specks in its coat"
668,Wuzhiqi,,668,catálogo,China,criatura,bipedo,L,poderoso,agua,rio_lago,variante,,0,3,Provoca crecidas; una cadena de hierro lo ató: punto débil.,"giant water ape with shaggy white head fur, golden glowing eyes, snow-white fangs, long powerful arms, mossy green-grey body and a rusted iron chain wrapped around its neck"
669,Xiezhi,,669,catálogo,China,criatura,cuadrupedo,L,poderoso,luz,bosque,propio,,0,3,Embiste solo al culpable: ideal para un duelo de justicia.,"single-horned sacred beast with an ox-like muscular body, lion-like mane, dark green scales along its flanks, one long straight black horn, golden eyes and cloven hooves"
670,Xing Tian,,670,catálogo,China,criatura,bipedo,L,poderoso,ninguno,montana,propio,,0,3,Sigue luchando aunque lo derroten: pide varias fases.,"headless giant warrior with two large eyes on his chest and a fanged mouth on his belly, bronze arm guards, tattered kilt, huge bronze axe and round shield"
671,Yuqiang,,671,catálogo,China,deidad,alado,L,apoyo,viento,mar,propio,,1,3,"Dios del viento y del mar Norte; híbrido humano-ave-serpiente, jefe único.","sea-wind deity with a bird's body of dark blue feathers and a calm human face, two green snakes hanging from his ears, two red snakes coiled around his clawed feet"
672,Zhenniao,,672,catálogo,China,criatura,alado,M,veloz,veneno,selva,variante,,0,3,Ave que come serpientes; sus plumas envenenan al contacto.,"large eagle-sized bird with a long neck, glossy purple-green plumage, red beak and eyes, scaly legs and feather tips dripping pale green venom"
699,Cheuksin,,699,catálogo,Corea,deidad,bipedo,M,emboscador,sombra,ciudad_hogar,variante,,1,3,"Diosa doméstica del retrete; tratar con respeto, sin burla fácil.","tall ghostly woman in a long white robe with extremely long black hair trailing to the floor, pale gaunt face, thin hands, faint cold glow around her"
701,Eoduksini,,701,catálogo,Corea,criatura,flotante,M,engano,sombra,bosque,variante,,0,3,Crece con el miedo y se encoge si Akira no se inmuta.,"pitch-black shadow figure shaped like a hunched human silhouette, featureless smooth body, two faint pale eyes, long drooping arms, edges smoking like dark mist"
703,Gwisin de agua,,703,catálogo,Corea,generica,flotante,M,enjambre,agua,rio_lago,reskin,Mulgwishin,0,3,"Categoría genérica; equivale a Mulgwishin (gwisin de agua), otra paleta.","drowned ghost with algae-green skin, pondweed and shells tangled in long black hair, rotted indigo robe dripping water, glowing teal eyes and long thin hands reaching upward"
706,Jacheongbi's serpent,,706,catálogo,Corea,generica,serpentino,L,veloz,agua,rio_lago,reskin,Jeju water serpent,1,3,Dudosa: Jacheongbi es diosa agrícola de Jeju; su serpiente no consta.,"slender golden-brown serpent with dark diamond markings, cream belly, small red-gold eyes and a ribbon of woven barley straw tied around its neck"
709,Mogwai coreano,,709,catálogo,China,generica,bipedo,S,enjambre,sombra,subsuelo,variante,,0,3,"Categoría moderna; «mogwai» es «monstruo» en chino, no coreano.","squat horned imp with warty dark-green skin, pointed ears, wide fanged grin, long clawed fingers, short stubby tail and glowing yellow eyes"
710,Mulgwishin,,710,catálogo,Corea,criatura,flotante,M,emboscador,agua,rio_lago,variante,,0,3,Arrastra a los vivos bajo el agua para tomar su lugar.,"soaked white-robed water ghost with pale grey-blue skin, long dripping black hair hiding its face, thin arms reaching up from the water, wet cloth clinging to a hovering body"
711,Samjok-o,,711,catálogo,Corea,criatura,alado,M,veloz,luz,cielo,variante,,0,3,Cuervo solar de tres patas; ¿aliado de luz o jefe aéreo?,"large crow with three clawed legs, glossy black plumage tinged with gold, a halo of warm sunlight behind its head, sharp beak and fiery orange eyes"
712,Sangja spirit,,712,catálogo,Corea,generica,flotante,S,apoyo,ninguno,ciudad_hogar,variante,,1,3,"Dudosa: no identifico «Sangja»; sin fuente clara, usar solo como relleno.","small pale spirit in a patched hemp robe with a round expressionless face, thin glowing eyes, long sleeves covering its hands and a faint cold glow around its feet"
713,Samsin's guardians,,713,catálogo,Corea,generica,bipedo,M,apoyo,luz,ciudad_hogar,variante,,1,3,Dudosa: servidores de Samsin (diosa del parto); solo lore o PNJ protectores.,"serene guardian spirits in layered pale pink and white robes with long flowing sleeves, soft golden glow, holding woven straw baskets and rice stalks"
714,Wanggwishin,,714,catálogo,Corea,generica,flotante,M,apoyo,sombra,ruinas,reskin,Yūrei,0,3,Dudosa: alma sin descendientes que le ofrezcan; versión de Gwisin.,"gaunt ghost in a plain white funeral robe with disheveled grey hair, hollow sorrowful eyes, an empty offering bowl in its hands and trailing wisps of cold pale fire"
715,Yeongno,,715,catálogo,Corea,criatura,bipedo,M,engano,ninguno,ciudad_hogar,variante,,0,3,Dudosa: monstruo de máscaras coreano; en una versión devora aristócratas.,"tall masked monster with a large dragon-like head and wide gaping mouth of big square teeth, shaggy straw and cloth body in yellow and red, long swaying sleeves and a serpent-like tail"
716,Yongwang's servants,,716,catálogo,Corea,generica,bipedo,M,enjambre,agua,mar,variante,,1,3,Cortejo del Rey Dragón (Yongwang); aparecen en grupo.,"sea court attendants with turtle shells on their backs and fish-like heads, blue-green scaly skin, pearl-studded armor plates, coral spears and webbed hands"
719,Gwangdae spirit,,719,catálogo,Corea,generica,bipedo,M,engano,ninguno,ciudad_hogar,variante,,0,3,Dudosa: «gwangdae» son artistas ambulantes; no identifico el espíritu.,"masked traveling performer spirit in a bright patchwork costume with long colorful sleeves, a grinning carved wooden mask, wide hat with ribbons and a small drum"
720,Jwibulnori spirit,,720,catálogo,Corea,no_criatura,flotante,S,apoyo,fuego,llanura,variante,,0,3,"Es un juego ritual de fuego («quema de ratones»), no una criatura.",
721,Mungyeong spirit,,721,catálogo,Corea,generica,flotante,M,veloz,viento,montana,variante,,0,3,Dudosa: Mungyeong es una ciudad coreana; no identifico espíritu concreto.,"mountain-pass spirit in a weathered grey travelling cloak and wide-brimmed bamboo hat, faintly glowing pale face, a walking staff and swirling mist at its feet"
722,Jeju water serpent,,722,catálogo,Corea,generica,serpentino,L,emboscador,agua,rio_lago,variante,,1,3,Dudosa: serpiente local sin fuente; en Jeju se veneran serpientes sagradas.,"large dark-green water serpent with a pale blue belly, glossy overlapping scales, a broad flat head with amber eyes and a faint crest of spines along its neck"
724,Bajang,,724,catálogo,Sudeste Asiático,criatura,cuadrupedo,S,veloz,sombra,ciudad_hogar,variante,,1,3,Familiar de brujo malayo; guardado en un tubo de bambú.,"small sleek polecat-like familiar with glossy dark brown fur, long slender body, short legs, sharp teeth, glowing red eyes and a small bamboo tube charm at its neck"
725,Bal-Bal,,725,catálogo,Sudeste Asiático,criatura,bipedo,M,poderoso,sombra,ciudad_hogar,reskin,Jikininki,1,3,Roba cadáveres de los velatorios y deja un tronco de plátano.,"gaunt ghoul with ashen blue-grey skin, tall hunched frame, long curved yellow claws, sunken red eyes, a banana-leaf shroud over its shoulders and a trailing rope of dried vines"
726,Berbalang,,726,catálogo,Sudeste Asiático,criatura,bipedo,M,engano,sombra,selva,variante,Jikininki,1,3,Cuerpo dormido y espíritu viajero; el doble fantasma no hace daño.,"lean pale ghoul with cat-like glowing green eyes, translucent grey skin, long curved claws, tattered dark cloth wrap, a faint second ghostly outline trailing behind it"
727,Buaya Darat,,727,catálogo,Sudeste Asiático,no_criatura,acuatico,M,emboscador,agua,rio_lago,variante,,0,3,"Es un modismo malayo (conquistador), no una criatura; ver buaya jadian.",
728,Camarupa,,728,catálogo,India,generica,bipedo,M,engano,ninguno,selva,variante,,0,3,Dudosa: término sánscrito de cambiaformas; no es criatura concreta.,"shape-shifting humanoid caught mid-change, one half a human figure in simple robes and the other half a dark furred beast with claws, shimmering outline, glowing amber eyes"
729,Duwende,,729,catálogo,Sudeste Asiático,criatura,bipedo,S,enjambre,tierra,llanura,variante,,1,3,Se pide permiso al pasar («tabi-tabi po»); ofenderlo trae mala suerte.,"tiny goblin-like dwarf with a wrinkled brown face, long white beard, oversized pointed red cap, earth-brown tunic, knobby hands and bare feet beside a termite mound"
730,Ekek,,730,catálogo,Sudeste Asiático,criatura,alado,M,emboscador,sombra,bosque,reskin,Wakwak,1,3,Nombre onomatopéyico: su chillido «ek-ek» anuncia el ataque nocturno.,"night-flying bird-man with large black feathered wings, a long hooked beak, sharp talons, thin hunched torso covered in dark feathers and glowing red eyes"
731,Hantu Air,,731,catálogo,Sudeste Asiático,generica,flotante,M,emboscador,agua,pantano,reskin,Mulgwishin,1,3,"Categoría literal («espíritu del agua»); misma figura que Mulgwishin, paleta de pantano.","swamp-green water ghost with translucent skin, matted hair full of lily pads, webbed fingers, hollow white eyes and a tattered mud-brown cloth dripping murky water"
732,Hantu Raya,,732,catálogo,Sudeste Asiático,criatura,bipedo,M,engano,sombra,ciudad_hogar,variante,,1,3,Sirviente de brujo que copia a su amo; el aviso falso no daña.,"tall shadowy humanoid with jet-black smoky body, glowing crimson eyes, long clawed fingers, a faint pale grey outline of a man's face and clothes, smoke trailing from its shoulders"
733,Kuyang,,733,catálogo,Sudeste Asiático,criatura,flotante,S,veloz,sangre,selva,reskin,Nukekubi,1,3,Cabeza voladora que ataca y se retira; cortar sus cintas la desorienta,"pale floating woman's head with long black hair, glowing amber eyes and small fangs, trailing long dark-red ribbon-like tendrils from its neck, drifting above jungle ferns at night"
734,Mangkukulam,,734,catálogo,Sudeste Asiático,criatura,bipedo,M,apoyo,sombra,ciudad_hogar,variante,,1,3,Maldice con un muñeco; romperlo libera al aliado maldito,"gaunt witch in layered dark red and black cloth wraps with long ash-grey hair tied by cords, holding a wax doll pierced with pins, a small black crow perched on her shoulder"
736,Orang Bunian,,736,catálogo,Sudeste Asiático,criatura,bipedo,M,engano,luz,selva,variante,,1,3,Entran y salen de la invisibilidad; el aviso falso no daña,"graceful forest folk in flowing silk wraps of green and gold, faintly translucent with shimmering outlines, pale glowing eyes, holding woven leaf fans, half fading into jungle mist"
737,Orang Pendek,,737,catálogo,Sudeste Asiático,criatura,bipedo,S,emboscador,ninguno,selva,variante,,0,3,Se oculta entre raíces y huye rápido; sus huellas apuntan al revés,"short stocky ape-like humanoid with long shaggy reddish-brown hair, broad flat face, long muscular arms and backward-turned feet, crouching among tangled jungle roots"
742,Rangda,,742,catálogo,Sudeste Asiático,criatura,bipedo,L,apoyo,fuego,bosque,propio,,2,3,"Reina de los leyak; figura sagrada en Bali, solo lore o PNJ","towering demon queen with bulging red eyes, long fangs, a very long flame-like tongue, wild white hair, long curved claws and a garland of dried flowers and carved wooden beads"
743,Sangkay,,743,catálogo,Sudeste Asiático,generica,bipedo,M,distancia,ninguno,selva,variante,,1,3,Dudosa: no consta criatura con este nombre; relleno de espíritu del bosque.,"ambiguous forest spirit shaped like a slender robed figure with a pale mask-like face, softly glowing eyes, a leaf-woven cloak and wisps of mist curling around its feet"
744,Sundel Bolong,,744,catálogo,Sudeste Asiático,criatura,flotante,M,emboscador,sombra,ciudad_hogar,reskin,Yūrei,1,3,Se ve bella de frente; el hueco de su espalda delata el engaño,"ghostly pale woman in a tattered white dress with floor-length black hair, a hollow glowing cavity in her back half hidden by the hair, empty eyes, hovering above the ground"
746,Tiyanak,,746,catálogo,Sudeste Asiático,criatura,bipedo,S,engano,sombra,bosque,variante,,1,3,Llora como un bebé perdido; el aviso falso no hace daño,"small baby-sized creature in a dirty white cloth with an oversized head, glowing red eyes, needle-sharp teeth, gray leathery skin and long clawed fingers, crouching on forest leaves"
747,Wakwak,,747,catálogo,Sudeste Asiático,criatura,alado,M,veloz,viento,cielo,variante,Aswang,1,3,Se oye antes de verse; su graznido avisa el picado,"gaunt winged ghoul with wide leathery bat-like wings, long hooked talons, a pale hollow-cheeked face with glowing yellow eyes and ragged dark feathers along its arms"
748,Acheri,,748,catálogo,India,criatura,flotante,S,distancia,sombra,montana,variante,,0,3,"Su sombra enferma al tocar; esquivar la sombra, no a ella","small ghost of a young girl in a faded saffron dress, pale grey skin, long tangled black hair, glowing white eyes, her long shadow stretching ahead across a misty mountain slope"
749,Baital,,749,catálogo,India,criatura,bipedo,M,engano,sombra,bosque,reskin,Vetala,1,3,Posee cadáveres y hace acertijos; el cuerpo falso no hiere,"gaunt corpse-like spirit hanging upside down from a tree branch by its feet, grey-green skin, sunken glowing eyes, tattered white burial cloth, long thin fingers, smoke curling around it"
752,Dhumavati's spirits,,752,catálogo,India,generica,flotante,S,enjambre,sombra,ruinas,variante,,1,3,"Séquito de la diosa Dhumavati; llegan en grupo, humo que ciega","smoky grey wraiths with hollow dark eyes, tattered ash-colored shrouds and faintly crow-like beaked faces, trailing smoke, drifting through crumbling stone ruins"
753,Gandaberunda,,753,catálogo,India,criatura,alado,XL,gigante,viento,cielo,propio,,1,3,Dos cabezas con avisos distintos; hay que derribarlas por turnos,"colossal two-headed eagle-like bird with hooked golden beaks, broad dark-brown wings, a fanned crimson-and-gold tail and huge talons clutching a boulder"
754,Karkadann,Karkadann del norte de África,754 780 878,catálogo,Persia y Cáucaso,criatura,cuadrupedo,L,poderoso,tierra,selva,variante,,0,3,Embestida que no se puede parar: hay que esquivarla de lado,"huge rhinoceros-like beast with thick armored grey-brown hide, one long straight spiral horn on its brow, heavy legs and small fierce eyes, mud and torn vines on its flanks"
755,Khechari,,755,catálogo,India,generica,flotante,M,veloz,viento,cielo,variante,,1,3,"Categoría de seres que vuelan; relleno aéreo, trato respetuoso (tradición yóguica)","robed sky-walking spirit floating cross-legged above the clouds, long trailing scarves of saffron and white, serene glowing face, one hand raised stirring a spiral of wind"
758,Mara,,758,catálogo,India,criatura,bipedo,L,apoyo,sombra,inframundo,variante,,1,3,Tentador budista: invoca ejércitos; en Japón es el Rey Demonio del Sexto Cielo,"demon king with deep crimson skin, six arms holding spears, bows and a mirror, tusked grinning face under a tall black-and-gold crown, ornate dark armor and flowing robes"
759,Masaan,,759,catálogo,India,criatura,flotante,S,emboscador,fuego,ruinas,variante,,1,3,Acecha entre las cenizas de los crematorios; salta al rezagado,"small child-like spirit made of ash and glowing embers, sooty grey skin, ember-orange eyes, tiny clawed hands, trailing sparks, crouching on a cracked stone platform"
760,Mohini spirit,,760,catálogo,India,deidad,bipedo,M,engano,luz,bosque,variante,,2,3,"Forma femenina de Vishnu; sagrada, solo lore o PNJ, nunca enemigo","graceful celestial enchantress in a flowing crimson and gold silk sari, jeweled crown and bangles, a glowing lotus in one hand, a serene smile, shimmering illusion petals swirling around her"
761,Narasimha,,761,catálogo,India,deidad,bipedo,L,poderoso,fuego,ruinas,variante,,2,3,"Avatar de Vishnu, sagrado en el hinduismo; solo lore o PNJ","powerful man-lion deity with a golden lion's head and mane, blazing amber eyes, muscular human body in a gold waistcloth, long claws, bursting from a carved stone pillar"
763,Rakshasi,,763,catálogo,India,criatura,bipedo,M,engano,sombra,bosque,reskin,Rakshasa,1,3,Cambia de forma para atraer; el aviso falso no hiere,"shapeshifting demoness with ash-blue skin, tall curved fangs, glowing yellow eyes, wild black hair, clawed hands, a torn crimson and gold sari, and a shimmering illusion of a beautiful woman around her"
764,Ruru,,764,catálogo,India,criatura,cuadrupedo,M,apoyo,luz,bosque,variante,,2,3,Dudosa: ciervo dorado del Jātaka (Buda anterior); también animal común.,"majestic golden deer with a shining coat, tall branching antlers wrapped in glowing lotus vines, gentle dark eyes, standing at a calm forest river"
766,Siddha guardian,,766,catálogo,India,generica,bipedo,M,distancia,luz,montana,variante,,2,3,Categoría sagrada de sabios; solo PNJ o guardián de lugares sagrados,"serene ascetic guardian in a saffron robe with long matted hair in a topknot, a glowing halo, prayer beads, one hand lifting a ball of white light"
768,Vetalini,,768,catálogo,India,criatura,bipedo,M,emboscador,sombra,ruinas,reskin,Vetala,1,3,Versión femenina del vetala; cae desde las ramas sobre el viajero,"female corpse-spirit with grey-green skin, long tangled black hair hanging over a sunken face, glowing eyes, tattered dark red shroud, long thin fingers, perched in a dead tree"
769,Vidala,,769,catálogo,India,criatura,cuadrupedo,M,veloz,ninguno,ruinas,reskin,Vyala,1,3,Versión felina del vyala; salta y se retira entre los pilares,"cat-like mythical beast with a slim muscular lion body, spotted golden fur, long tail ending in a leaf-shaped tuft, small curled horns, and carved temple jewelry around its neck"
770,Vyala,,770,catálogo,India,criatura,cuadrupedo,L,poderoso,ninguno,ruinas,propio,,1,3,"Híbrido de templo con tres animales; modelo propio, base de Yali y Vidala","composite temple beast with a lion's muscular body, an elephant's trunk and tusks, curled ram-like horns, a horse's mane, a serpent-tipped tail, and ornate stone-carved jewelry"
771,Yali,,771,catálogo,India,criatura,cuadrupedo,L,gigante,ninguno,ruinas,reskin,Vyala,1,3,Guardián de pilares de templo; se levanta y golpea de arriba abajo,"rearing lion-bodied guardian with an elephant's trunk and tusks, pointed horns, bulging round eyes, a mane of stone-like curls and weathered sandstone-and-gold coloring"
774,Babr-e Bayan,,774,catálogo,Persia y Cáucaso,no_criatura,cuadrupedo,M,apoyo,ninguno,montana,variante,,0,3,"Es la armadura de piel de Rostam, no una criatura; botín.",
775,Chamrosh,,775,catálogo,Persia y Cáucaso,criatura,alado,L,poderoso,viento,montana,variante,Simurgh,1,3,"Ave guardiana del Alborz; sus aletazos lentos se esquivan, no se paran","gigantic bird with a peacock-like long tail of blue and green feathers, golden eyes, a strong curved beak, broad bronze-colored wings and lion-like talons, perched on a snowy mountain peak"
776,Div-e Sepid,,776,catálogo,Persia y Cáucaso,criatura,bipedo,XL,gigante,tierra,montana,propio,,0,3,"Jefe por partes: pierna y brazo primero, luego el punto débil del hígado","mountain-sized white giant with shaggy snow-white hair and pale grey skin, curved dark horns, tusks, thick arms like tree trunks, and a rough stone-grey loincloth, standing in a dark cave mouth"
777,Eshm,,777,catálogo,Persia y Cáucaso,criatura,bipedo,L,poderoso,fuego,inframundo,variante,Daeva,1,3,"Demonio de la ira; golpes lentos con maza, hay que esquivarlos","furious horned demon with scorched red-black skin, bulging bloodshot eyes, jagged tusks, heavy arms swinging a huge spiked iron mace, a ragged dark cloth belt and smoldering embers around its feet"
778,Hadhayosh,,778,catálogo,Persia y Cáucaso,criatura,cuadrupedo,L,apoyo,luz,llanura,variante,,2,3,"Buey sagrado zoroastriano del fin de los tiempos; solo lore, no enemigo","great primordial ox with snow-white hide faintly glowing, wide curved horns tipped in gold, heavy muscular shoulders, calm dark eyes, and a garland of white flowers on its neck"
782,Narasimha persianized,,782,catálogo,Persia y Cáucaso,generica,bipedo,L,poderoso,fuego,ruinas,reskin,Narasimha,2,3,"Etiqueta comparativa, no criatura persa real; solo lore del Narasimha","man-lion figure with a lion's head and mane, muscular human body wearing layered blue and silver lamellar armor, a curved sword in one hand"
784,Rakhsh,,784,catálogo,Persia y Cáucaso,criatura,cuadrupedo,M,veloz,rayo,llanura,variante,,0,3,"Caballo de Rostam: veloz y feroz, mató a un león a pisotones","legendary war horse with a rose-petal red coat dappled with saffron-gold spots, flowing dark mane, muscular legs, fierce bright eyes, wearing a studded leather and bronze saddle"
786,Siyah Mard,,786,catálogo,Persia y Cáucaso,generica,bipedo,M,emboscador,sombra,montana,variante,,1,3,"Dudosa: significa «hombre negro» en persa; sin tradición clara, evitar caricatura.","shadowy humanoid figure made of drifting dark smoke, tall and narrow, with a cowled hood, two pale glowing eyes, long thin arms ending in wispy claws, standing on a rocky mountain path"
788,Buruq of Persia,,788,catálogo,Persia y Cáucaso,generica,cuadrupedo,M,veloz,luz,cielo,reskin,Buraq,2,3,"Comparativa del Buraq islámico, ser sagrado; solo lore, nunca enemigo","winged white steed with a graceful horse body, long peacock-like tail of blue and gold feathers, a calm gentle face under a jeweled headdress, and large shining wings"
789,Daeva,,789,catálogo,Persia y Cáucaso,generica,bipedo,M,engano,sombra,inframundo,variante,,1,3,Clase de demonios zoroastrianos; sirve de base a Eshm y otros,"horned demon with charcoal-grey skin, slitted yellow eyes, a crooked-toothed grin, bat-like ears, clawed hands and a long thin tail, wrapped in tattered black robes and swirling smoke"
790,Pairika,,790,catálogo,Persia y Cáucaso,criatura,flotante,M,distancia,fuego,cielo,variante,,1,3,Hechiceras ligadas a los cometas; lanzan chispas desde lejos,"slender sorceress spirit with long flowing dark hair streaked with fire, glowing violet eyes, robes of dark blue stars and sparks, trailing a comet-like tail of fire as she floats"
791,Jahi,,791,catálogo,Persia y Cáucaso,criatura,bipedo,M,apoyo,veneno,inframundo,variante,,1,3,"Demonio de la corrupción; maldice a los aliados, prioridad de objetivo","gaunt demoness with ash-grey skin, long matted black hair, small curved horns, sunken glowing green eyes, ragged dark-green robes and clawed hands dripping dark ooze"
792,Mahr,,792,catálogo,Persia y Cáucaso,generica,flotante,S,emboscador,sombra,ciudad_hogar,variante,,0,3,Dudosa: «mahr» recuerda a la pesadilla germánica; tradición irania no confirmada.,"small shadowy nightmare spirit shaped like a hunched hag made of dark mist, glowing pale eyes, long thin fingers, perched on the edge of a sleeper's bed in a moonlit room"
793,Nasu,,793,catálogo,Persia y Cáucaso,criatura,artropodo,S,enjambre,veneno,inframundo,variante,,1,3,Demonio-mosca de los cadáveres; enjambre que contamina y pide el corte de luna,"swarm of metallic-green flies merging into a single demonic insect form with a pale woman-like face, translucent wings and a swollen pale-green body"
794,Verethragna's beasts,,794,catálogo,Persia y Cáucaso,generica,cuadrupedo,M,veloz,viento,llanura,variante,,2,3,"Diez encarnaciones del dios de la victoria (jabalí, toro...); lore sagrado","fierce war boar with a bronze-bristled back, long curved golden tusks, a mane of swirling wind, scarred muscular shoulders and glowing amber eyes, charging across open grassland"
795,Zahhak serpents,,795,catálogo,Persia y Cáucaso,criatura,serpentino,M,distancia,veneno,ruinas,propio,,0,3,Serpientes de los hombros del tirano Zahhak; escupen veneno a distancia,"pair of coal-black serpents joined at one thick root, glowing ember-red eyes, glossy scales, long forked tongues and open fanged mouths, swaying together in a ruined palace hall"
797,Gorg Persian,,797,catálogo,Persia y Cáucaso,generica,cuadrupedo,M,enjambre,ninguno,nieve,variante,,0,3,"«Gorg» significa lobo en persa; relleno de manada, atacan en grupo","oversized grey wolf with thick silver fur, a bristling dark mane along its spine, pale yellow eyes, long fangs and a scarred snout, snarling on a snowy rocky ridge"
798,Behemoth,,798,catálogo,Hebrea y Levante,criatura,cuadrupedo,XL,gigante,tierra,pantano,propio,,1,3,Bestia del Libro de Job; jefe por partes con avisos enormes,"colossal beast with a hippo-like barrel body, thick grey-brown hide, ox-like horns, a tail as thick as a cedar trunk, bronze-hard bones showing as ridges, wading among reeds and lotus leaves"
801,Rahab,,801,catálogo,Hebrea y Levante,criatura,acuatico,L,distancia,agua,mar,variante,Leviathan,1,3,Monstruo del caos que levanta oleadas; ataca desde lejos con el mar,"great sea monster with a thick eel-like body of teal and silver scales, a crown of fin-like spines, wide glowing eyes and towering waves curling around its coils"
802,Tannin,,802,catálogo,Hebrea y Levante,generica,serpentino,L,emboscador,agua,rio_lago,variante,,1,3,Término hebreo para dragones o serpientes; relleno de gran bestia de río,"huge river serpent-dragon with a long crocodile-like head, emerald green scales, a pale belly, short webbed legs and a spiked tail, half submerged among reeds"
803,Seraphim beast,,803,catálogo,Hebrea y Levante,criatura,alado,M,veloz,fuego,cielo,variante,,2,3,"Ser celestial de las visiones bíblicas, no un demonio; solo lore o PNJ","six-winged fiery being with a slender glowing body of white-gold flame, two wings veiling its face, two covering its feet and two spread wide in flight, trailing sparks and heat shimmer"
804,Cherubim,,804,catálogo,Hebrea y Levante,criatura,alado,L,poderoso,fuego,cielo,propio,,2,3,"Guardianes bíblicos de cuatro rostros; sagrados, solo lore o PNJ","four-faced winged guardian with faces of a man, lion, ox and eagle, four wings covered in eyes, calf-like hooves of polished bronze, and a flaming sword turning in its hand"
805,Ophanim,,805,catálogo,Hebrea y Levante,criatura,flotante,L,distancia,luz,cielo,propio,,2,3,"Ruedas con ojos de la visión de Ezequiel; sagradas, solo lore","huge interlocking golden wheels spinning within each other, rims covered in countless open eyes, glittering like polished beryl, radiating beams of light"
806,Lilith,,806,catálogo,Hebrea y Levante,criatura,alado,M,emboscador,sombra,ruinas,variante,Lilitu,1,3,Figura nocturna del folclore judío; tratar sin caricatura ni sexualizar,"night demoness with pale grey skin, long flowing dark red hair, large owl-like wings, taloned bird feet, glowing amber eyes, and a ragged black dress, perched on crumbling stone ruins"
807,Shedim,,807,catálogo,Hebrea y Levante,generica,alado,S,enjambre,sombra,ruinas,variante,,1,3,"Clase de espíritus; aparecen en grupo, débiles por separado","small winged spirits with grey-black skin, bat-like wings, rooster-like feet with sharp spurs, pointed ears and gleaming yellow eyes, flitting together among broken stone arches"
808,Dybbuk,,808,catálogo,Hebrea y Levante,criatura,flotante,M,engano,sombra,ciudad_hogar,variante,,1,3,"Espíritu que posee a un vivo; copias y posesión, el aviso falso no daña","translucent grey ghost of a hunched figure in a plain tattered shroud, face twisted in sorrow, glowing white eyes, wispy tendrils reaching toward a living person's shadow"
809,Mazikin,,809,catálogo,Hebrea y Levante,generica,bipedo,S,emboscador,sombra,ciudad_hogar,variante,,1,3,Espíritus dañinos de la tradición rabínica; molestan desde los rincones,"small spiteful imps with thin grey bodies, oversized pointed ears, sharp yellow eyes, long clawed fingers and tattered brown rags, hiding in the dark corners of a stone house"
810,Mazzikim,,810,catálogo,Hebrea y Levante,generica,bipedo,S,emboscador,sombra,ciudad_hogar,reskin,Mazikin,1,3,Variante ortográfica de Mazikin; mismo cuerpo con otra paleta,"small spiteful imps with thin blue-grey bodies, oversized pointed ears, sharp green eyes, long clawed fingers and tattered dark-red rags, hiding in the dark corners of a stone house"
811,Keteb,,811,catálogo,Hebrea y Levante,criatura,cuadrupedo,M,poderoso,fuego,desierto,propio,,1,3,"Demonio del mediodía; embiste rodando, no se puede parar: esquivar","demon with a calf's head bearing one horn, a single large eye in the middle of its chest, a round body covered in scales and coarse hair, rolling like a hoop across sun-baked sand"
812,Dever,,812,catálogo,Hebrea y Levante,generica,flotante,M,distancia,veneno,ciudad_hogar,variante,,1,3,"Peste personificada en la Biblia, sin forma fija; su aura envenena","plague spirit shaped like a tall hooded cloud of sickly green-yellow mist, thin pale arms reaching out, glowing pinprick eyes under the hood, drifting through narrow village streets"
815,Azazel,,815,catálogo,Hebrea y Levante,criatura,bipedo,L,poderoso,fuego,desierto,variante,,1,3,Ángel caído del desierto que enseña a forjar armas; tratar con respeto,"gaunt fallen angel with tattered dark wings, curved goat-like horns, ash-grey skin, a rough goat-hide cloak and a forged iron blade glowing orange, standing in a barren desert"
816,Samael,,816,catálogo,Hebrea y Levante,criatura,alado,L,apoyo,veneno,inframundo,variante,,1,3,"Ángel acusador y de la muerte; maldice a los aliados, tratar con respeto","tall dark archangel with many pairs of black-feathered wings dotted with eyes, a pale stern face with dark hollow eyes, a long black robe, and a curved staff dripping dark green poison"
817,Metatron's guardians,,817,catálogo,Hebrea y Levante,generica,alado,M,apoyo,luz,cielo,variante,,2,3,Categoría tardía de ángeles guardianes de la mística judía; solo lore o PNJ,"radiant winged sentinels in layered white and gold armor, helmeted faces hidden in light, tall feathered wings, each holding a long spear and a round shield engraved with glowing letters"
818,Golem,,818,catálogo,Hebrea y Levante,criatura,bipedo,L,poderoso,tierra,ciudad_hogar,variante,,0,3,Gólem de barro: golpes lentos; borrar el signo de la frente lo detiene,"hulking clay giant with rough cracked brown body, blank stone-like face with two shallow eye sockets, thick heavy limbs, and a glowing glyph carved into its forehead, dried mud flaking from its shoulders"
819,Dibbukim,,819,catálogo,Hebrea y Levante,criatura,flotante,M,engano,sombra,ciudad_hogar,reskin,Dybbuk,1,3,Plural de dybbuk: dos espíritus a la vez con otra paleta,"pair of translucent pale-blue ghosts of hunched figures in plain tattered shrouds, faces twisted in sorrow, glowing silver eyes, wispy tendrils reaching toward a living person's shadow"
820,Nehushtan serpent,,820,catálogo,Hebrea y Levante,no_criatura,serpentino,M,apoyo,ninguno,desierto,variante,,2,3,"Objeto sagrado bíblico, no criatura; solo reliquia o lore, no se dibuja",
821,Nachash,,821,catálogo,Hebrea y Levante,criatura,serpentino,M,engano,veneno,bosque,variante,,1,3,"Serpiente del Edén; engaña con voz amable, el aviso falso no daña","sleek serpent with shimmering emerald-and-gold scales, a small glowing crest on its head, bright sly eyes and a forked tongue, coiled around a fruit-laden branch in a lush garden"
822,Tehom beast,,822,catálogo,Hebrea y Levante,generica,acuatico,XL,gigante,agua,mar,variante,,1,3,"Concepto del abismo primordial, no monstruo concreto; jefe de ambiente marino","colossal abyssal sea creature with a vast dark blue body full of faint glowing spots, many long tentacle-like fins, a wide gaping mouth and pale blind eyes, rising from black deep water"
823,Alû,,823,catálogo,Mesopotamia,criatura,flotante,M,emboscador,sombra,ciudad_hogar,variante,,0,3,Demonio del sueño que cae como manto; acecha desde los techos,"billowing black cloak-like specter with no body, long pale clawed hands and two glowing white eyes under a ragged hood, settling over a sleeping mud-brick house at night"
824,Asakku,,824,catálogo,Mesopotamia,criatura,bipedo,M,distancia,fuego,montana,variante,,0,3,Demonio de la fiebre; su aliento ardiente se esquiva a distancia,"fever demon with flushed red-orange skin, cracked like dry clay, glowing coal eyes, thin long limbs, steaming breath, and a ragged brown wrap, standing on a rocky mountain ledge"
825,Dimme,,825,catálogo,Mesopotamia,generica,flotante,S,enjambre,veneno,ciudad_hogar,variante,,0,3,Clase de demonios de enfermedad; grupos débiles que piden el corte de luna,"swarm of tiny sickly green wisp-spirits with thin limbs, pointed faces and pinpoint yellow eyes, trailing pale vapor, drifting in groups through a mud-brick alley"
826,Etemmu,,826,catálogo,Mesopotamia,criatura,flotante,M,engano,sombra,inframundo,variante,,0,3,"Fantasma sin ofrendas funerarias; imita a un vivo, el aviso falso no daña","gaunt translucent ghost of a long-dead man in a ragged burial wrap, grey clay-colored skin, hollow glowing eyes, bound with frayed cords, holding a cracked clay cup"
828,Gidim,,828,catálogo,Mesopotamia,criatura,flotante,M,veloz,sombra,inframundo,reskin,Etemmu,0,3,"Nombre sumerio del etemmu: mismo cuerpo, otra paleta","gaunt translucent ghost in a ragged blue-grey burial wrap with pale silver skin, hollow glowing eyes, bound with frayed cords, wandering with a cracked clay lamp in one hand"
833,Maqlû demons,,833,catálogo,Mesopotamia,generica,bipedo,M,enjambre,fuego,ruinas,variante,,0,3,"Demonios del ritual Maqlû («quema») contra brujería; salen en grupo, relleno","hunched demon with a charred black body cracked with glowing orange lines, a straw-doll-like stitched head, long burnt fingers, and strips of scorched cloth hanging from its arms"
837,Samas demon,,837,catálogo,Mesopotamia,generica,bipedo,M,distancia,luz,desierto,variante,,0,3,Dudosa: Shamash es el dios solar; no consta un demonio suyo concreto.,"dusty demon with sun-bleached bronze skin, a rayed disc halo behind its head, glowing white eyes, a ragged tan cloak, and cracked clay-like hands, standing in a blazing desert"
840,Udug,,840,catálogo,Mesopotamia,criatura,flotante,M,apoyo,sombra,ruinas,reskin,Utukku,0,3,"Nombre sumerio del utukku: mismo cuerpo, otra paleta y lámpara","tall spirit in a dark grey hooded robe fading into smoke below the waist, long narrow face with glowing amber eyes, thin hands holding a small clay lamp, among broken brick walls"
841,Uridimmu,,841,catálogo,Mesopotamia,criatura,bipedo,M,veloz,ninguno,ruinas,variante,,0,3,Híbrido león-hombre del ejército de Tiamat; salta y se retira,"lion-headed warrior with a muscular human body, golden-brown mane, fierce amber eyes, bare clawed hands, a studded leather kilt and bronze arm bands, crouched to pounce"
845,Kingu,,845,catálogo,Mesopotamia,deidad,bipedo,L,apoyo,agua,mar,variante,,0,3,General de Tiamat con la Tablilla de los Destinos; invoca a su ejército,"towering demon-god in dark lapis-blue scaled armor with a tall horned crown of tiers, clawed bronze gauntlets holding a heavy clay tablet that glows, standing before roiling sea water"
849,Am-heh,,849,catálogo,Egipto,criatura,bipedo,L,poderoso,fuego,inframundo,variante,,0,3,"Devorador de millones del lago de fuego; golpes lentos, esquivar","hulking dog-headed guardian with coal-black fur, long fangs, glowing amber eyes, a heavy gold collar and kilt, wading in a lake of molten orange fire in a stone underworld cavern"
851,Andjety bull,,851,catálogo,Egipto,generica,cuadrupedo,L,veloz,tierra,llanura,variante,,0,3,Dudosa: Andjety es dios humano de Busiris; el toro no consta.,"powerful sacred bull with glossy black hide, a golden sun disc between curved horns, a gold-embroidered blue cloth over its back, and tall feather plumes rising behind the disc"
855,Fetket,,855,catálogo,Egipto,generica,bipedo,M,apoyo,luz,inframundo,variante,,0,3,Dudosa: quizá sirviente menor de Ra; sin iconografía clara.,"slender attendant spirit in a white linen kilt and gold broad collar, calm pale face with kohl-lined eyes, a faint golden glow, carrying a bronze water jug along a dim tomb corridor"
857,Mehen,,857,catálogo,Egipto,deidad,serpentino,XL,gigante,luz,inframundo,propio,,0,3,"Serpiente guardiana de Ra; jefe en espiral, se ataca por anillos","colossal protective serpent with golden-green scales and a pale belly, coiled in many rings around a small golden boat shrine, calm glowing eyes and a raised head"
858,Menhit lioness,,858,catálogo,Egipto,deidad,bipedo,M,veloz,fuego,desierto,variante,Sekhmet,0,3,"Diosa leona guerrera, esposa de Onuris; acomete veloz y se retira","lioness-headed woman in white linen with a gold broad collar and tall twin-feather crown, amber eyes, holding a long spear, a sun disc glowing behind her over desert sand"
860,Nekhbet vulture,,860,catálogo,Egipto,deidad,alado,L,apoyo,luz,cielo,variante,,0,3,Protege a sus aliados con un escudo de plumas,"great white vulture goddess with broad outstretched wings, golden collar, a tall white crown, hooked beak, feathers edged in lapis blue and gold, clutching a gold ring in its talons"
861,Nehebkau,,861,catálogo,Egipto,deidad,serpentino,L,emboscador,veneno,inframundo,propio,,0,3,Guarda la puerta del Duat; cuerpo de serpiente con brazos humanos,"giant coiled serpent with shining gold and deep green scales, a flared hood, a jeweled headband, two small human arms holding a glowing amulet, and eyes of white fire"
862,Qebehsenuef guardian,,862,catálogo,Egipto,deidad,bipedo,M,veloz,viento,ruinas,variante,,0,3,Uno de los cuatro hijos de Horus; ataca y se retira,"falcon-headed guardian in a white linen kilt and broad blue-and-gold collar, holding a sealed canopic jar in one hand and a bronze curved blade in the other, feathers streaked brown and cream"
869,Waset guardian,,869,catálogo,Egipto,generica,bipedo,L,engano,tierra,ruinas,variante,,0,3,Genérico: guardián de Tebas; finge ser una estatua inerte,"towering sandstone guardian statue with a jackal-eared head and painted gold collar, holding a long staff, hieroglyph carvings glowing faintly across its stone body, cracked dusty shoulders"
871,Duat jackal,,871,catálogo,Egipto,generica,cuadrupedo,M,enjambre,sombra,inframundo,variante,,0,3,Manada de 4 a 8; el corte de luna los barre,"lean black jackal with long pointed ears, gold bands on its legs, a narrow muzzle, glowing amber eyes, a thin gold collar, and sandy dust drifting off its fur"
874,Chedipe,,874,catálogo,India,generica,bipedo,M,engano,sangre,bosque,variante,,0,3,Dudosa: espíritu vampírico del sur de Asia; fuente poco clara,"gaunt pale spirit shaped like a tall woman in a tattered gray shroud, long tangled black hair, sunken glowing red eyes, overly long fingers, and bare feet barely touching the ground"
881,Qarin,,881,catálogo,Árabe e islámica,criatura,flotante,M,engano,sombra,ciudad_hogar,variante,,1,3,Genio compañero; copia la postura de Akira; el aviso falso no daña,"dark double of a person made of black vapor, a hazy human outline with faint ember-orange eyes, copying a swordsman's stance, wisps of smoke trailing where its feet should be"
885,Tinnin,,885,catálogo,Árabe e islámica,criatura,serpentino,XL,gigante,agua,mar,propio,,0,3,Dragón marino de tormentas; se derrota por partes con puntos débiles,"colossal sea dragon with a long serpentine body of dark teal scales, a crest of red spines along its neck, a wide whiskered jaw, glowing gold eyes, coils rising out of stormy waves"
892,Nile serpent,,892,catálogo,Egipto,generica,serpentino,L,emboscador,agua,rio_lago,variante,,0,3,Categoría amplia; se oculta bajo el agua y agarra,"long river serpent with glossy olive-green scales and a pale golden belly, a flat triangular head with reed-like frills, glowing amber eyes, coils draped with mud and papyrus"
1,Minotauro,Minotauro grecorromano,1 42,catálogo,Grecia,criatura,bipedo,L,poderoso,ninguno,subsuelo,variante,,0,4,Embiste en línea recta; esquivar de lado y cortar cuando choca con el muro,"towering bull-headed warrior with shaggy dark brown fur, long curved ivory horns, a thick muscular human body in a ragged linen kilt and bronze arm guards, wielding a huge double-bladed stone axe"
2,Medusa,,2,catálogo,Grecia,criatura,bipedo,M,distancia,tierra,ruinas,variante,,0,4,Su mirada petrifica: combatir de perfil o con los ojos cerrados,"winged gorgon woman with a crown of living green snakes for hair, pale grey-green scaly skin, glowing yellow slit-pupil eyes, tattered dark robes and bronze wings, surrounded by weathered stone statues"
3,Euríale,,3,catálogo,Grecia,criatura,bipedo,M,veloz,viento,mar,reskin,Medusa,0,4,Su lamento anuncia el ataque; cortar justo al terminar el grito,"gorgon sister with silver-blue scaly skin, white serpents for hair, a wide wailing mouth with long fangs, pale golden wings, sea-green tattered robes and bronze bracers"
4,Esteno,,4,catálogo,Grecia,criatura,bipedo,M,poderoso,veneno,desierto,reskin,Medusa,0,4,"La más fiera de las tres: golpes lentos con garras, esquivables","burly gorgon sister with dark red scaly skin, copper-coloured snakes for hair, long bronze claws, heavy bronze-feathered wings and a spiked leather belt"
5,Quimera,Quimera grecorromana,5 43,catálogo,Grecia,criatura,cuadrupedo,L,distancia,fuego,montana,propio,,0,4,"Tres cabezas, tres avisos: aliento de fuego, cornada y mordisco de cola","lion-bodied beast with a second goat head rising from its back and a green scaly serpent for a tail, tawny mane, black twisted horns and a glowing orange throat"
6,Hidra de Lerna,Hidra grecorromana,6 44,catálogo,Grecia,criatura,serpentino,XL,gigante,veneno,pantano,propio,,0,4,Cada cabeza cortada rebrota salvo que se cauterice con fuego,"colossal marsh serpent with a thick scaly body and nine writhing necks ending in fanged heads, dark green scales, pale yellow belly and venom dripping into black swamp water"
7,Cerbero,Cerbero grecorromano,7 41,catálogo,Grecia,criatura,cuadrupedo,L,gigante,sombra,inframundo,propio,,0,4,Tres cabezas atacan por turnos; cada una se derrota por separado,"huge black three-headed hound with a mane of writhing snakes along its necks, glowing red eyes in every head, a serpent tail, iron-grey claws and a spiked bronze collar"
8,Ortro,,8,catálogo,Grecia,criatura,cuadrupedo,M,veloz,fuego,llanura,variante,Cerbero,0,4,Hermano de Cerbero con dos cabezas: dos avisos rápidos seguidos,"lean two-headed hound with rust-red fur, snarling jaws on each head, a long serpent tail, glowing amber eyes and a ragged leather herding strap across its chest"
9,Esfinge,,9,catálogo,Grecia,criatura,cuadrupedo,L,engano,ninguno,montana,variante,,0,4,"Plantea acertijos: el aviso falso no hace daño, el verdadero sí","winged lion with a calm woman's head wearing a golden headdress, tawny fur, broad eagle wings of bronze and cream feathers, a serpent-tipped tail, crouched on a cliff ledge"
10,Escila,Scylla romana,10 37,catálogo,Grecia,criatura,acuatico,L,emboscador,agua,mar,propio,,0,4,Acecha en la cueva del estrecho y agarra con seis cuellos a la vez,"sea monster with a woman's torso rising from a rocky sea cave, six snarling grey dog heads on long necks around her waist, a coiling fish tail with tentacles and pale blue-grey skin"
11,Caribdis,,11,catálogo,Grecia,criatura,acuatico,XL,poderoso,agua,mar,variante,,0,4,"Su remolino arrastra al jugador; no se puede parar, hay que esquivarlo","colossal sea monster with a huge toothed mouth at the centre of a roaring whirlpool, slimy dark green arms, barnacle-crusted skin and mossy rock-like shoulders breaking the surface"
12,Cíclopes,,12,catálogo,Grecia,criatura,bipedo,L,poderoso,fuego,subsuelo,variante,,0,4,El único ojo es el punto débil; golpes de maza lentos,"huge one-eyed giant with a single large eye in the middle of a rough tanned face, thick shaggy hair, muscular body in a sheepskin tunic, soot-stained hands and a tree-trunk club"
13,Centauros,Centauros grecorromanos,13 47,catálogo,Grecia,criatura,cuadrupedo,L,distancia,ninguno,bosque,variante,,0,4,Dispara y galopa en círculos; cortar las flechas en el aire,"centaur with a chestnut horse body and a bearded human torso, braided dark hair, leather chest strap, drawing a recurved bow with a quiver of fletched arrows at his shoulder"
14,Sátiros,Sátiros grecorromanos,14 48,catálogo,Grecia,criatura,bipedo,M,enjambre,ninguno,bosque,variante,,0,4,Bandas de 4-6 que bailan y embisten; castigan al jugador distraído,"goat-legged forest spirit with a hairy torso, curled ram-like horns on a mischievous bearded face, pointed ears, reed pipes at his belt and a short knotted wooden staff"
16,Harpías,Harpías grecorromanas,16 45,catálogo,Grecia,criatura,alado,M,enjambre,viento,cielo,variante,,0,4,Bandada de 4-6: atacan en picado por turnos; castigar tras cada picado,"winged hag spirit with a gaunt woman's face, tangled grey hair, a vulture-like feathered body of brown and dirty white, ragged wings and sharp curved talons on both feet"
17,Lamia,,17,catálogo,Grecia,criatura,serpentino,L,engano,sombra,desierto,variante,,0,4,Se disfraza de mujer hermosa; el aviso falso no hace daño,"serpent woman with a pale elegant human upper body and a long coiling green-black scaled snake tail, sharp fangs, slit golden eyes, dark hair and a tattered violet veil"
18,Empusa,,18,catálogo,Grecia,criatura,bipedo,M,engano,fuego,inframundo,variante,,0,4,"Cambia de forma (perro, mula, mujer); solo la pierna de bronce la delata","pale demon woman with flaming red hair, one leg of polished bronze and the other a donkey's hoof, a fanged smile, tattered black robes and glowing ember eyes"
19,Equidna,Equidna grecorromana,19 40,catálogo,Grecia,criatura,serpentino,L,emboscador,veneno,subsuelo,reskin,Lamia,0,4,"Acecha en su cueva; madre de Cerbero, Quimera e Hidra","half-woman half-serpent with a fair calm face, bright watchful eyes and a huge speckled brown and cream snake body coiled among cave shadows, bone-white jewelry and a pale crest of scales"
20,Tifón,,20,catálogo,Grecia,criatura,serpentino,XL,gigante,viento,inframundo,propio,,0,4,Jefe de fin de capítulo: cada cabeza se rompe por separado,"colossal winged giant with a human torso, a hundred dragon and serpent heads rising from his shoulders, a lower body of coiled vipers, ash-grey skin and storm clouds swirling around him"
21,Talos,,21,catálogo,Grecia,criatura,bipedo,L,gigante,fuego,ruinas,variante,,0,4,Punto débil: el clavo del tobillo; al rojo vivo abraza y quema,"giant bronze automaton shaped like a muscular man, riveted plates of dull bronze, a glowing orange vein along one leg, a sealed nail at the ankle and hollow glowing eyes"
22,Pitón,,22,catálogo,Grecia,criatura,serpentino,L,poderoso,tierra,montana,variante,,0,4,Guardián del oráculo: enrosca y aplasta; cortar al abrir las fauces,"enormous olive-green and gold serpent coiled around a ruined mountain shrine, thick scaly body with diamond patterns, a wide fanged head with a forked tongue and cracked marble columns around it"
23,Jabalí de Calidón,,23,catálogo,Grecia,criatura,cuadrupedo,L,poderoso,ninguno,bosque,variante,,0,4,Su embestida no se puede parar: esquivar y cortar de costado,"huge wild boar with a bristling black and grey spiky mane, curved yellowed tusks as long as swords, small red eyes, thick muscled shoulders, mud-caked hide and broken spears stuck in its back"
24,León de Nemea,,24,catálogo,Grecia,criatura,cuadrupedo,L,emboscador,luz,llanura,variante,,0,4,Piel invulnerable al acero; solo se le hiere la boca al rugir,"massive lion with a shimmering golden pelt that gleams like metal, a dark heavy mane, long pale claws as sharp as knives and calm amber eyes, crouched at a cave mouth"
25,Aves de Estínfalo,,25,catálogo,Grecia,criatura,alado,S,enjambre,ninguno,pantano,variante,,0,4,Lanzan plumas de bronce como dardos; el corte de luna las barre,"marsh bird with a metallic bronze beak, claws and blade-like feathers that glint in the light, long crane-like legs, a dark brown body and small angry red eyes"
26,Fauno,Faunus silvestre,26 34,catálogo,Roma,criatura,bipedo,M,engano,ninguno,bosque,reskin,Sátiros,0,4,Versión romana del sátiro (Faunus como dios menor); voces que desorientan,"goat-legged woodland spirit with russet fur, short curled horns, long pointed ears, a brown beard, an ivy crown, a wooden panpipe and a leafy green cloak over his shoulders"
27,Silvano,,27,catálogo,Roma,deidad,bipedo,M,apoyo,tierra,bosque,variante,,0,4,Dios de bosques y lindes: PNJ protector o jefe que cura a los árboles,"elderly forest god with bark-textured skin, a long mossy beard, a crown of pine branches, holding a cypress sapling and a curved pruning hook, wrapped in a cloak of leaves"
28,Larva,,28,catálogo,Roma,criatura,flotante,M,engano,sombra,ciudad_hogar,variante,,0,4,Posee a los vivos y se duplica; las copias no hacen daño,"pale hooded ghost with a gaunt skull-like face, hollow black eyes, a tattered grey funeral shroud trailing into mist where legs should be and long thin grasping hands"
29,Lemur,,29,catálogo,Roma,criatura,flotante,S,enjambre,sombra,ruinas,reskin,Larva,0,4,Aparecen en grupo; las habas negras los hacen retroceder,"small translucent grey ghost with a vaguely human head, hollow dark eyes, a ragged shroud fading into thin smoke, pale bony hands and a faint cold blue glow"
30,Strix,,30,catálogo,Roma,criatura,alado,M,emboscador,sangre,ciudad_hogar,variante,,0,4,Cae desde el techo en la noche; su chillido avisa un instante antes,"monstrous owl with a gaunt witch-like face, tawny-grey feathers, wide dark wings, long hooked talons, huge round yellow eyes and a curved beak, perched under a roof beam"
31,Tarasca,Tarasca italiana; Tarasca provenzal,31 175 522,catálogo,"Francia, Iberia y Vasca",criatura,cuadrupedo,L,poderoso,agua,rio_lago,propio,,0,4,Se puede domar en lugar de matar: final alternativo pacífico,"six-legged dragon beast with a lion's head, a spiked turtle shell on its back, a thick scaly body, short bear-like legs and a long scorpion-tipped tail, dripping river water"
32,Basilisco,,32,catálogo,Roma,criatura,serpentino,S,emboscador,veneno,desierto,variante,,0,4,Su mirada mata; combatir de lado o usar un espejo,"small crowned serpent with a rooster-like head, a golden crest, a sharp beak, yellow staring eyes, an olive-green scaly body with feathered wattles and short bat-like wings"
35,Sagittarii monstruosos,,35,catálogo,Roma,generica,cuadrupedo,L,distancia,ninguno,llanura,reskin,Centauros,0,4,Dudosa: probable centauro arquero (sagitario); reutiliza el cuerpo de Centauros,"centaur archer with a dark horse body, a muscular human torso, glowing amber eyes, a horned helmet, a long bow and a full quiver of black-fletched arrows"
36,Gigantes de la mitología romana,,36,catálogo,Roma,generica,bipedo,L,gigante,tierra,montana,variante,,0,4,Clase amplia (Gigantes nacidos de Gea): relleno de jefes y ejércitos,"huge earth-born giant with rough stone-grey skin, wild matted hair and beard, thick scarred arms, wielding an uprooted tree trunk and a boulder, a rough leather wrap at the waist"
38,Cacus,,38,catálogo,Roma,criatura,bipedo,L,engano,fuego,subsuelo,variante,,0,4,Ladrón de ganado: se oculta tras el humo y ataca desde la ceniza,"hulking cave-dwelling giant with soot-grey skin, smoke and embers pouring from his mouth and nostrils, matted hair, heavy rough fists and a necklace of cattle horns"
39,Gerión,,39,catálogo,Grecia,criatura,bipedo,L,gigante,ninguno,llanura,propio,,0,4,"Tres cuerpos, tres avisos a la vez: derrotarlos uno a uno","three-bodied giant with three torsos and three helmeted heads joined at the waist, six arms carrying round shields and spears, bronze armor, red cloaks and six sturdy legs"
49,Tritones,,49,catálogo,Grecia,criatura,acuatico,M,apoyo,agua,mar,variante,,0,4,Su caracola calma o levanta olas; priorizar al que sopla,"merman with a muscular human torso and a green-blue fish tail, sea-green hair, a seaweed beard, holding a spiral conch shell horn and a three-pronged trident"
51,Jörmungandr,,51,catálogo,Nórdica,criatura,serpentino,XL,gigante,veneno,mar,propio,,0,4,Cuerpo en círculo: se golpea por tramos y la cola es otro punto débil,"world-circling sea serpent so vast it bites its own tail, dark green-black scales with a pale underside, a spiked ridge along its back, huge amber eyes and venom dripping from its fangs"
52,Níðhöggr,,52,catálogo,Nórdica,criatura,serpentino,L,poderoso,sombra,inframundo,variante,,0,4,Roe las raíces del mundo: mordiscos lentos que no se pueden parar,"dark scaly wyrm with a long coiling body, tattered bat-like wings, jagged teeth, hollow glowing eyes, wrapped around giant twisted roots, ash-grey spines and a bone-pale belly"
53,Garmr,,53,catálogo,Nórdica,criatura,cuadrupedo,L,apoyo,sangre,inframundo,reskin,Fenrir,0,4,Su aullido invoca a los perros de Hel: prioridad de objetivo,"huge black hound-wolf with a patch of crimson fur on its chest, matted coat, glowing red eyes, a rusted chain collar and long jagged teeth, standing at a dark cave mouth"
54,Hel,,54,catálogo,Nórdica,deidad,bipedo,M,apoyo,hielo,inframundo,variante,,0,4,Reina de los muertos: invoca draugr; PNJ o jefa de capítulo,"goddess of the dead whose body is half pale living skin and half blue-black like ash, long black hair, a crown of icicles, a grey cloak of mist and a pale staff"
55,Draugr,,55,catálogo,Nórdica,criatura,bipedo,M,poderoso,hielo,ruinas,variante,,0,4,"Guardián de túmulos: fuerza sobrehumana, golpes lentos que hay que esquivar","undead Norse warrior with grey-blue skin stretched over bones, a rusted iron helmet with a nose guard, tattered chainmail, glowing pale eyes, a notched axe and a cracked round shield"
56,Jötnar,,56,catálogo,Nórdica,criatura,bipedo,L,poderoso,hielo,nieve,variante,,0,4,Gigantes de hielo y roca: golpes lentos y suelo helado,"towering frost giant with blue-grey skin cracked like ice, a beard of icicles, a heavy fur cloak, a rough stone club, small pale eyes and breath forming white mist"
57,Trolls,,57,catálogo,Nórdica,criatura,bipedo,L,emboscador,tierra,montana,variante,,0,4,Se vuelve piedra con el sol: aguantar hasta el amanecer,"hunched mountain troll with moss-covered grey stone-like skin, a long crooked nose, small yellow eyes, huge knotted hands, tufts of grass and fir saplings sprouting from its back and a wooden club"
58,Nøkk,,58,catálogo,Nórdica,criatura,bipedo,M,emboscador,agua,rio_lago,variante,,0,4,Toca para atraer y arrastra bajo el agua; su música es el aviso,"pale water spirit shaped like a slender man with wet seaweed-green hair and beard, dripping tattered clothes, webbed fingers, fish-scale patches on his skin and a small fiddle in his hand"
59,Huldra,,59,catálogo,Nórdica,criatura,bipedo,M,engano,ninguno,bosque,variante,,0,4,Seduce con belleza; al dar la espalda se ve el tronco hueco,"beautiful forest woman with long golden hair and a pale face, a long cow tail below her simple dress and a back hollow like a rotted tree trunk covered in bark and moss"
60,Mare,,60,catálogo,Nórdica,criatura,flotante,S,emboscador,sombra,ciudad_hogar,variante,,0,4,Se sienta sobre el pecho de quien duerme: ataca al bajar la guardia,"small hunched night spirit with a pale shadowy body, long matted black hair, glowing white eyes, thin clawed fingers and wispy legs fading into smoke, crouching on a pillow"
61,Kraken,,61,catálogo,Nórdica,criatura,acuatico,XL,gigante,agua,mar,propio,,0,4,Un tentáculo por cada aviso; se corta tentáculo a tentáculo hasta la cabeza,"colossal sea monster with a bulbous reddish-brown head and large round eyes, dozens of thick suckered tentacles wrapped around a sinking wooden ship, a huge beak and barnacle-crusted skin"
62,Hafgufa,,62,catálogo,Nórdica,criatura,acuatico,XL,gigante,agua,mar,variante,,0,4,Parece una isla; sus fauces atraen peces y barcos con su aliento,"island-sized sea monster with a rocky barnacle-covered back like a small islet, vast gaping jaws lined with broken teeth, tiny dark eyes and seawater pouring from its mouth"
63,Lyngbakr,,63,catálogo,Nórdica,criatura,acuatico,XL,poderoso,agua,mar,variante,Hafgufa,0,4,"Se hace pasar por isla: cuando pisas su lomo, se hunde y arrastra","giant whale-like sea beast whose back looks like a heather-covered island with grass, small bushes and rocks, a huge dark head, small eyes and wide flippers"
64,Hræsvelgr,,64,catálogo,Nórdica,criatura,alado,L,distancia,viento,cielo,variante,,0,4,Sus alas levantan vendavales: avanzar a cubierto y cortar entre aleteos,"giant eagle with ash-grey and storm-white feathers, wings so vast they stir gales, a hooked iron-coloured beak and pale piercing eyes, perched on a cliff at the edge of the sky"
65,Ratatoskr,,65,catálogo,Nórdica,criatura,cuadrupedo,S,veloz,ninguno,bosque,variante,,0,4,Chismoso del Árbol del Mundo: ataca y huye por las ramas,"small red-brown squirrel with an oversized bushy tail, long sharp white incisors, glowing amber eyes and tiny bark armor, leaping along a branch of a giant tree"
66,Sköll,,66,catálogo,Nórdica,criatura,cuadrupedo,L,veloz,luz,cielo,reskin,Fenrir,0,4,"Persigue al sol: ataques en carrera, avisos muy cortos","huge golden-furred wolf with a burning orange mane, glowing yellow eyes, sun-scorched claws and a trail of sparks following its leaps across the clouds"
67,Hati,,67,catálogo,Nórdica,criatura,cuadrupedo,L,emboscador,sombra,cielo,reskin,Fenrir,0,4,Caza a la luna: sale de la sombra y muerde por la espalda,"huge silver-grey wolf with a pale moonlit mane, glowing blue eyes, dark shadowy paws and a cold mist trailing behind it as it stalks across the clouds"
68,Lindworm,Lindworm de Europa central,68 512,catálogo,Germánica y Alpes,criatura,serpentino,L,poderoso,veneno,montana,variante,,0,4,Dragón sin alas ni patas traseras: ataques de enroscado y mordisco,"long wingless dragon-serpent with two short clawed forelegs, thick olive-brown scales, a pale yellow belly, a horned wedge-shaped head, venom dripping from its fangs, coiled around a mountain rock"
69,Fossegrim,,69 560,catálogo,Nórdica,criatura,bipedo,S,apoyo,agua,rio_lago,variante,,0,4,Enseña música a cambio de una ofrenda; su melodía fortalece a otros,"small bearded waterfall spirit with silvery wet hair, translucent blue-white skin, a tattered cloak of foam and moss, playing a glowing fiddle with mist swirling around him"
70,Bäckahäst,,70,catálogo,Nórdica,criatura,cuadrupedo,M,emboscador,agua,rio_lago,reskin,Kelpie,0,4,Caballo blanco del arroyo: invita a montar y se zambulle,"ghostly white horse with a wet streaming mane, pale glowing eyes, water dripping from its coat, tangled water lilies in its tail and a calm gentle look hiding sharp teeth"
71,Álfr,,71,catálogo,Nórdica,generica,bipedo,M,distancia,luz,bosque,variante,,0,4,Clase amplia (elfo nórdico): base de los elfos claros y oscuros,"slender elf with fair pointed ears, long pale hair, a green-and-silver tunic, light leather armor and a graceful bow, with faint motes of light drifting around him"
72,Døkkálfar,,72,catálogo,Nórdica,criatura,bipedo,M,emboscador,sombra,subsuelo,reskin,Álfr,0,4,Elfos oscuros: acechan en cuevas y atacan desde las sombras,"slender dark elf with obsidian-grey skin, silver-white hair, long pointed ears, black leather armor with silver trim, pale violet eyes and a curved dagger in each hand"
73,Ljósálfar,,73,catálogo,Nórdica,criatura,bipedo,M,apoyo,luz,bosque,reskin,Álfr,0,4,Elfos de luz: curan y protegen a otros; prioridad de objetivo,"radiant light elf with pale golden skin, long white-gold hair, pointed ears, flowing cream and gold robes, a thin circlet and a slender glowing staff"
74,Valkirias,,74,catálogo,Nórdica,criatura,bipedo,M,veloz,rayo,llanura,variante,,0,4,Eligen a los caídos: estocadas rápidas con aviso breve,"armored warrior woman in polished silver mail with a winged helmet, long braided golden hair, a round shield painted with runes, a long spear and a short cloak of raven feathers"
75,Banshee,,75,catálogo,Celta e Irlanda,criatura,flotante,M,distancia,viento,ruinas,variante,,0,4,Presagio de muerte: su grito aturde si no la interrumpes pronto,"wailing female spirit with long white-grey hair streaming upward, a pale hollow-eyed face with an open mouth, a tattered grey-green gown fading into mist and a translucent blue glow"
76,Dullahan,,76,catálogo,Celta e Irlanda,criatura,cuadrupedo,L,veloz,sombra,llanura,variante,,0,4,Carga a galope y se retira; el oro lo detiene,"headless rider in a black cloak on a black horse with burning eyes, holding his own pale glowing head like a lantern in one hand and a braided leather whip in the other"
77,Púca,,77,catálogo,Celta e Irlanda,criatura,cuadrupedo,M,engano,ninguno,montana,variante,,0,4,"Cambia de forma (caballo, cabra, liebre); engaña a quien lo monta","shape-shifting trickster in the form of a sleek black horse with glowing golden eyes, a tangled flowing mane, a ragged smoke-like tail and a faint ghostly smirk"
78,Kelpie,,78,catálogo,Celta e Irlanda,criatura,cuadrupedo,M,engano,agua,rio_lago,variante,,0,4,Su lomo atrapa a quien lo monta; la piel pegajosa es el truco,"black water horse with a dripping seaweed mane, glassy dark eyes, glistening wet hide, river weeds tangled in its tail and a saddle-like back that looks inviting"
79,Selkie,,79,catálogo,Celta e Irlanda,criatura,acuatico,M,veloz,agua,mar,variante,,0,4,Se zambulle y reaparece desde otro lado; ataque y retirada,"sleek seal-person with a human-like face and large dark eyes, a dappled silver-grey seal pelt worn as a cloak, webbed hands and wet black hair, standing on a rocky shore"
80,Redcap,,80,catálogo,Británica,criatura,bipedo,S,veloz,sangre,ruinas,variante,,0,4,Pequeño y feroz: carreras cortas y golpes de pica,"small old goblin with long grey hair, pointed ears, sharp teeth, a crimson cap, heavy iron boots, long iron-clawed hands and a pikestaff, lurking in ruined castle stonework"
81,Leprechaun,,81,catálogo,Celta e Irlanda,criatura,bipedo,S,engano,ninguno,llanura,variante,,0,4,Se escabulle y deja copias; hay que atrapar al verdadero,"tiny bearded cobbler in a green coat and buckled hat, copper-red beard, leather apron, a small hammer in one hand, a pot of gold coins at his feet and a clever grin"
82,Fomoriano,,82,catálogo,Celta e Irlanda,criatura,bipedo,L,poderoso,agua,mar,variante,,0,4,"Asaltante del mar: golpes desiguales, el brazo grande es el peligroso","hulking sea raider giant with grey-green barnacle-crusted skin, one oversized arm and one stunted arm, a tusked lopsided face, driftwood armor and a rusted anchor-hook club"
83,Cù Sìth,,83,catálogo,Celta e Irlanda,criatura,cuadrupedo,M,veloz,ninguno,montana,variante,,0,4,Ladra tres veces antes de atacar: tres avisos que enseñan el ritmo,"large shaggy dark-green hound the size of a calf, with a thick curled tail, wide paws, glowing pale eyes and mist swirling around its legs on a moor"
84,Each-uisge,,84,catálogo,Celta e Irlanda,criatura,cuadrupedo,L,emboscador,agua,mar,reskin,Kelpie,0,4,Más feroz que el kelpie: arrastra al fondo y no suelta,"dark-maned water horse with seaweed tangled in its black mane, sea-grey skin that glistens, a fanged mouth, glowing green eyes and wet hooves, rising from a sea loch"
85,Merrow,,85,catálogo,Celta e Irlanda,criatura,acuatico,M,engano,agua,mar,variante,,0,4,Su gorro rojo le da poder bajo el agua; quitárselo la debilita,"mermaid with long sea-green hair, pale blue-green skin, a shimmering green fish tail with webbed fins, a small red feathered cap tucked in her hair and shell jewelry"
86,Bean nighe,,86,catálogo,Celta e Irlanda,criatura,bipedo,M,apoyo,agua,rio_lago,variante,,0,4,"Presagio de muerte: si la sorprendes sin ser visto, concede un deseo","hunched ghostly washerwoman with grey skin, long tangled green-grey hair, webbed feet, glowing hollow eyes and a tattered green gown, kneeling at a stream wringing a dripping crimson cloth"
87,Clurichaun,,87,catálogo,Celta e Irlanda,criatura,bipedo,S,veloz,ninguno,ciudad_hogar,reskin,Leprechaun,0,4,Primo borracho del leprechaun: tambalea y de pronto embiste,"tiny red-nosed old man in a faded red coat and floppy hat, a small barrel strapped to his back, a wooden tankard in hand, a tangled grey beard and muddy buckled shoes"
88,Dobhar-chú,,88,catálogo,Celta e Irlanda,criatura,cuadrupedo,M,emboscador,agua,rio_lago,variante,,0,4,"Perro-nutria de lago: si cae uno, su pareja viene a vengarlo","huge otter-hound with a sleek dark brown back, a white belly and chest, a long muscular body, webbed clawed paws, a thick tapering tail and needle teeth, hissing on a reedy lake shore"
89,Abhartach,,89,catálogo,Celta e Irlanda,criatura,bipedo,M,apoyo,sangre,subsuelo,variante,,0,4,Hechicero tirano que revive: maldice y fortalece a sus siervos,"stooped undead dwarf chieftain with grey-green skin, sunken eyes, a long black cloak and iron crown, a gnarled thorn-wood staff, bony fingers crackling with dark energy and circling crows"
90,Sluagh,,90,catálogo,Celta e Irlanda,criatura,flotante,S,enjambre,sombra,cielo,variante,,0,4,Hueste de muertos inquietos: llegan en bandada por el oeste,"small ragged spirit with a pale thin face, a tattered grey shroud trailing like smoke, clawed bony hands, hollow black eyes and an open wailing mouth, one of a flying host"
91,Gancanagh,,91 510,catálogo,Celta e Irlanda,criatura,bipedo,M,engano,ninguno,llanura,variante,,0,4,Embelesa con su humo y sus palabras; el halago es el aviso falso,"handsome fairy man with silvery-gold hair, shimmering pale skin, a rich green coat and a long clay pipe, a charming smile and a thin curl of smoke around him"
92,Leanan sídhe,,92,catálogo,Celta e Irlanda,criatura,bipedo,M,apoyo,luz,bosque,variante,,0,4,Musa vampírica: bendice a un aliado y luego le drena la vida,"ethereal fairy woman with long red-gold hair, pale luminous skin, a translucent green gown, a crown of wilting flowers, glowing eyes and a small harp made of silver light"
93,Fear gorta,,93,catálogo,Celta e Irlanda,criatura,bipedo,M,apoyo,ninguno,llanura,variante,,0,4,"Si le das comida te bendice; si lo ignoras, te maldice.","gaunt tall beggar in a ragged hooded grey cloak, hollow cheeks and sunken eyes, long thin arms holding out an empty wooden bowl, bare feet, faint pale mist around the ankles"
94,Far darrig,,94,catálogo,Celta e Irlanda,criatura,bipedo,S,engano,ninguno,ciudad_hogar,variante,,0,4,Bromista de abrigo rojo; sus avisos falsos no hacen daño.,"small wiry fairy man in a bright red coat and tall red cap, crooked grin, long pointed nose, grey stubble beard, hunched with a sack of tricks and a tiny lantern"
95,Glashtyn,,95,catálogo,Celta e Irlanda,criatura,cuadrupedo,M,engano,agua,mar,reskin,Ceffyl Dŵr,0,4,Cambia de forma: caballo marino o duende peludo; las fuentes varían.,"shaggy sea-green water horse with a seaweed mane, webbed hooves, glowing pale eyes, brine dripping from its coat, barnacles on its flanks and a torn rope halter"
96,Oilliphéist,,96,catálogo,Celta e Irlanda,criatura,serpentino,XL,poderoso,agua,rio_lago,variante,,0,4,"Serpiente de lago colosal; sus coletazos exigen esquiva, no parada.","colossal lake serpent with a long muscular body of dark green scales, a ridge of spines down its back, wide toothed jaws, pale belly, glowing amber eyes and ribbed fins along its sides"
97,Gwragedd Annwn,,97,catálogo,Celta e Irlanda,criatura,bipedo,M,apoyo,agua,rio_lago,variante,,0,4,Dama del lago pacífica; tres golpes injustos rompen su trato.,"graceful lake maiden in a flowing pale blue gown woven with water lilies, long dark hair threaded with pearls and reeds, a silver circlet, faint shimmering mist at her feet"
98,Ceffyl Dŵr,Ceffyl y Dŵr,98 555,catálogo,Celta e Irlanda,criatura,cuadrupedo,M,emboscador,agua,rio_lago,variante,,0,4,"Parece una montura mansa; si montas, te arrastra al agua.","lean black water horse with a dripping mane tangled in river weeds, faint fish-scale patches along the neck, glowing green eyes and slightly webbed hooves, wet reeds trailing from its legs"
99,Morgens,,99,catálogo,Celta e Irlanda,criatura,acuatico,M,distancia,agua,mar,variante,,0,4,Su canto atrae hacia el agua; interrumpirlo las debilita.,"sea maiden with pale blue-green skin, long seaweed-colored hair, a shimmering silver-scaled fish tail, a bodice of overlapping shells, coral jewelry, webbed fingers and glowing eyes"
100,Black Shuck,,100,catálogo,Británica,criatura,cuadrupedo,M,veloz,sombra,llanura,variante,,0,4,Su aparición presagia muerte; ataca y se retira a la niebla.,"huge shaggy black hound the size of a calf, one burning red eye in the middle of its forehead, long drooping jowls, matted fur, mist swirling around its massive paws"
101,Barghest,,101,catálogo,Británica,criatura,cuadrupedo,M,poderoso,fuego,montana,reskin,Black Shuck,0,4,Perro negro de Yorkshire con ojos de brasa; embiste lento y fuerte.,"massive charcoal-black wolf-like hound with matted fur, blazing orange eyes, long curved claws, a rusted iron collar with a broken chain, and wisps of smoke curling from its jaws"
102,Boggart,Boggart de Lancashire,102 552,catálogo,Británica,criatura,bipedo,S,distancia,sombra,ciudad_hogar,reskin,Brownie,0,4,Brownie ofendido: lanza cacharros desde rincones oscuros.,"small hunched shaggy house goblin with matted dark brown fur, long crooked fingers, drooping ears, glaring yellow eyes, a ragged cloth around its waist and a cracked clay jug in its hand"
103,Brownie,,103,catálogo,Británica,criatura,bipedo,S,apoyo,ninguno,ciudad_hogar,variante,,0,4,"Ayuda si le dejas leche; si le regalas ropa, se marcha.","small hunched household sprite with tousled russet-brown hair, wrinkled brown skin, large pointed ears, tattered brown rags and bare feet, carrying a tiny broom, kind round eyes"
105,Puck,,105,catálogo,Británica,criatura,bipedo,S,engano,ninguno,bosque,variante,,0,4,"Se transforma en banco, caballo o ave para engañar al viajero.","slender mischievous woodland sprite with tousled chestnut hair, pointed ears, small curved horns, a patchwork tunic of moss and leaves, hooved feet, a sly grin and a hazel twig"
106,Pixie,,106,catálogo,Británica,criatura,bipedo,S,enjambre,luz,llanura,variante,,0,4,Aparecen en grupos y desorientan con lucecitas; piden el corte de luna.,"tiny red-haired sprite with a pointed green cap, large pointed ears, tattered green tunic and bare feet, holding a glowing pale-blue lantern light, bright mischievous eyes"
107,Knocker,,107,catálogo,Británica,criatura,bipedo,S,enjambre,tierra,subsuelo,reskin,Kobold,0,4,Sus golpes en la roca avisan de derrumbes; en grupo atacan con picos.,"tiny wizened mine sprite with a grey-white beard, hooked nose and pointed hat, dusty leather miner's clothes, a small pickaxe and a candle lantern, pale skin and knobby hands"
108,Jenny Greenteeth,,108,catálogo,Británica,criatura,bipedo,M,emboscador,agua,pantano,variante,,0,4,Se esconde bajo la lenteja de agua y agarra a quien se asoma.,"gaunt river hag with sickly green skin, long stringy hair full of duckweed, jagged green teeth, unnaturally long thin arms with webbed fingers and bony claws, ragged dark dress dripping with pond water"
109,Black Annis,,109,catálogo,Británica,criatura,bipedo,M,poderoso,sombra,subsuelo,variante,,0,4,"Vive en una cueva; golpes lentos de garras de hierro, hay que esquivar.","towering old hag with blue-grey skin, wild white hair, a hooked nose, long yellow fangs and curved iron claws, wearing a tattered dark cloak and a necklace of cave stones"
110,Gytrash,,110,catálogo,Británica,criatura,cuadrupedo,M,engano,ninguno,llanura,variante,,0,4,Presagio que toma forma de perro o caballo; guía o desvía al viajero.,"spectral shape-shifting beast between a great black dog and a shaggy pony, long matted black coat, huge round glowing white eyes, ghostly mist for hooves, a faint chain trailing behind it"
111,Peg Powler,,111 568,catálogo,Británica,criatura,bipedo,M,distancia,agua,rio_lago,reskin,Jenny Greenteeth,0,4,La espuma del río Tees es su marca; la lanza desde el agua.,"river hag with pale sea-green skin, long tangled green hair like river weed, sharp teeth, long thin arms with webbed claws, a ragged grey dress, white foam clinging to her shoulders and hair"
112,Rawhead,Bloody Bones; Rawhead and Bloody Bones,112 113 569,catálogo,Británica,criatura,bipedo,M,emboscador,sombra,ruinas,variante,,0,4,"Coco inglés de armarios, escaleras y sótanos; sale de la oscuridad.","gaunt hunched bogey with a bare bone-white skull-like head and sunken glowing eyes, long dangling arms, tattered grey burial rags, and two crossed leg bones tied at its belt"
114,Tiddy Mun,,114,catálogo,Británica,criatura,bipedo,S,apoyo,agua,pantano,variante,,0,4,Espíritu de las marismas de Lincolnshire: sube las aguas y trae niebla.,"small old fen spirit with wrinkled grey skin like wet clay, long white wispy hair and beard, a child-sized body, a cloak of reeds and mud, a gnarled staff, mist curling at his feet"
115,Muckle Black Tyke,,115,catálogo,Británica,generica,cuadrupedo,M,emboscador,sombra,bosque,reskin,Black Shuck,0,4,Dudosa: parece un perro negro inglés; no reconozco la leyenda con seguridad.,"enormous black mastiff-like dog with a thick shaggy coat, heavy shoulders, pale glowing eyes, long drooping ears and a worn leather collar, standing in drifting woodland mist"
116,Lambton Worm,,116 564,catálogo,Británica,criatura,serpentino,XL,gigante,agua,rio_lago,propio,,0,4,Se regenera si sus trozos se unen; corta junto al río para evitarlo.,"giant eel-like worm with a thick pale olive body, a round sucker mouth ringed with small sharp teeth, a row of gill slits along its neck, coiled around a grassy hill"
117,Afanc,,117,catálogo,Celta e Irlanda,criatura,acuatico,L,poderoso,agua,rio_lago,variante,,0,4,Monstruo galés de lago que inunda; la leyenda lo adormece con una doncella.,"bulky lake monster with a flat scaly beaver-like tail, crocodile-like snout and sharp teeth, thick dark brown hide with moss-green patches, small glowing eyes and webbed clawed feet, half-submerged in water"
120,Spring-heeled Jack,,120,catálogo,Británica,criatura,bipedo,M,veloz,fuego,ciudad_hogar,variante,,0,4,Salta por los tejados; ataca desde lo alto y se aleja de un brinco.,"lean leaping figure in a long black cloak and tall hat, pale gaunt face with glowing red eyes and a pointed chin, clawed gloves, springy coiled boots, blue flame curling from his mouth"
121,Green Man,,121,catálogo,Británica,criatura,bipedo,L,gigante,tierra,bosque,propio,,0,4,Motivo de iglesias medievales hecho espíritu del bosque; rebrota si no cortas el corazón.,"towering humanoid made of living wood and leaves, a bark face with deep green eyes framed by oak leaves, vine-wrapped limbs, a crown of branches and moss-covered shoulders"
122,Jack-in-the-Green,,122,catálogo,Británica,no_criatura,bipedo,M,engano,ninguno,ciudad_hogar,variante,,0,4,"Personaje de ritual del Primero de Mayo (persona disfrazada de follaje), no criatura.",
123,Dobbie,,123,catálogo,Británica,criatura,bipedo,S,veloz,ninguno,llanura,reskin,Brownie,0,4,Primo gris del brownie en el norte de Inglaterra; trastadas torpes y rápidas.,"small clumsy household sprite with tufts of grey hair, floppy ears, a baggy patched sackcloth tunic, big hands and feet, a sleepy slow expression and a wooden pail"
124,Nelly Longarms,,124,catálogo,Británica,criatura,bipedo,M,veloz,agua,pantano,variante,Jenny Greenteeth,0,4,Sus brazos larguísimos agarran desde el borde del pozo y se retiran.,"lanky hag with grey-green skin, stringy dark hair, bulging pale eyes and arms twice as long as her body ending in knobby hands, kneeling beside a stone well in a ragged shawl"
125,Baba Yaga,,125,catálogo,Eslava y Balcanes,criatura,bipedo,M,distancia,fuego,bosque,propio,,0,4,Mortero volador; la choza con patas de gallina puede ser su fase 2.,"gaunt old crone with a long hooked nose, iron teeth and wild grey hair, riding a huge wooden mortar, steering with a pestle and sweeping with a birch broom, patterned ragged shawl"
126,Leshy,,126,catálogo,Eslava y Balcanes,criatura,bipedo,L,engano,tierra,bosque,variante,,0,4,Imita voces para desorientar; se reconoce por llevar la ropa al revés.,"tall forest spirit with bark-like green-brown skin, a shaggy moss beard and vine hair, small curved horns, glowing green eyes, a coat wrapped the wrong way and worn boots"
127,Domovoi,,127,catálogo,Eslava y Balcanes,criatura,bipedo,S,apoyo,ninguno,ciudad_hogar,variante,,0,4,Protege la casa si lo respetas; se vuelve hostil si lo desprecias.,"small old man with a bushy grey beard and hair covering most of his body, bright eyes, a tiny red belted shirt, sitting behind a clay stove with a wooden spoon"
128,Rusalka,,128,catálogo,Eslava y Balcanes,criatura,bipedo,M,engano,agua,rio_lago,variante,,0,4,El ajenjo la ahuyenta; su aspecto inocente y su canto son engaño.,"pale slender girl with greenish skin, long wet green hair tangled with river weeds and water lilies, hollow dark eyes, a tattered wet white shift, bare feet and a wreath of wildflowers"
129,Vodyanoy,,129,catálogo,Eslava y Balcanes,criatura,acuatico,L,poderoso,agua,rio_lago,variante,,0,4,Rompe presas y ahoga; golpes lentos de brazos palmeados.,"bloated old water spirit with slimy green-grey skin, a long tangled beard of algae, a frog-like face with bulging eyes, webbed hands, fish-scaled legs and a hat of water lilies"
130,Kikimora,Kikimora del hogar,130 536,catálogo,Eslava y Balcanes,criatura,bipedo,S,emboscador,ninguno,ciudad_hogar,variante,,0,4,Hila de noche y enreda el hilo; rompe la vajilla desde las sombras.,"tiny thin old crone with a very small head, a body slim as a reed, long tangled black hair, a ragged dark dress, holding a spindle and a tangled ball of thread"
131,Zmey Gorynych,,131,catálogo,Eslava y Balcanes,criatura,alado,XL,gigante,fuego,montana,propio,,0,4,Tres cabezas como partes del jefe: cada una con su aliento y su punto débil.,"huge three-headed green dragon with dark red belly scales, bat-like wings, three fanged heads breathing flames, thick clawed legs and a spiked tail, perched on a rocky peak"
132,Alkonost,,132,catálogo,Eslava y Balcanes,criatura,alado,M,distancia,luz,mar,variante,,0,4,Su canto hace olvidar; calma las tormentas al poner huevos junto al mar.,"large bird with the serene head and shoulders of a crowned woman, jewel-blue and gold feathers, a glowing halo, long trailing tail feathers and outstretched wings"
133,Sirin,,133,catálogo,Eslava y Balcanes,criatura,alado,M,engano,sombra,bosque,reskin,Alkonost,0,4,Pájaro de la tristeza: su canto atrae y hace olvidar; hermana oscura de Alkonost.,"large bird with the sorrowful head and shoulders of a crowned woman, midnight-purple and black feathers tipped with silver, a dark jeweled crown, curved talons and folded wings"
134,Gamayun,,134 535,catálogo,Eslava y Balcanes,criatura,alado,M,apoyo,viento,cielo,variante,Alkonost,0,4,Ave profeta: revela el siguiente ataque de sus aliados; vuela antes de las tormentas.,"large bird with the calm face of a woman, iridescent bronze and green plumage, a small gold crown, a long peacock-like tail and a rolled scroll gripped in one talon"
135,Polevik,,135,catálogo,Eslava y Balcanes,criatura,bipedo,S,emboscador,tierra,llanura,variante,,0,4,Guardián de los campos; se esconde entre el trigo y sorprende al intruso.,"small field spirit with earth-brown skin, hair of green grass and wheat stalks, eyes of two different colors, a white linen tunic and bare feet, half-hidden in tall golden grain"
136,Ovinnik,,136,catálogo,Eslava y Balcanes,criatura,cuadrupedo,S,distancia,fuego,ciudad_hogar,variante,,0,4,Gato negro del granero de secado; lanza brasas y quema la paja.,"large black cat-like barn spirit with sooty fur, glowing red-hot coal eyes, sparks drifting from its whiskers, a tail ending in a flicker of flame, crouched on a heap of straw"
137,Bannik,,137,catálogo,Eslava y Balcanes,criatura,bipedo,S,emboscador,agua,ciudad_hogar,variante,,0,4,Espíritu del baño de vapor; sale del vapor y arroja piedras calientes.,"wrinkled old bathhouse spirit with a long damp grey beard and matted hair, flushed pink skin, birch leaves stuck to his shoulders, a plain linen robe, a bundle of birch twigs and swirling white steam"
138,Dvorovoi,,138,catálogo,Eslava y Balcanes,criatura,bipedo,S,engano,ninguno,llanura,reskin,Domovoi,0,4,Guardián del corral; imita al dueño o a un animal para confundir.,"small shaggy yard spirit with thick grey hair over most of his body, a tiny farmer's coat and cap, bright green eyes, a wooden hay fork, standing before a haystack"
139,Likho,Licho,139 538,catálogo,Eslava y Balcanes,criatura,bipedo,M,apoyo,sombra,bosque,variante,,0,4,La desgracia con un solo ojo: maldice; se la engaña con un nombre falso.,"tall gaunt hag with only one large pale eye, stooped shoulders, a long ragged black dress, sallow grey skin, bony hands and a dark shadow clinging to her back"
140,Vila,Vila samovila,140 549,catálogo,Eslava y Balcanes,criatura,bipedo,M,distancia,viento,montana,variante,,0,4,Hada flechera de las montañas; sus flechas enferman y su danza hechiza.,"slender mountain fairy maiden in a flowing white gown, long wind-blown golden hair, luminous pale skin, a silver bow with an arrow, standing on a rocky ledge among clouds"
141,Poludnitsa,,141,catálogo,Eslava y Balcanes,criatura,bipedo,M,veloz,luz,llanura,variante,,0,4,Aparece a mediodía entre el trigo con una hoz; golpea y se disuelve.,"tall woman in a long white dress and head scarf, shimmering with heat haze, holding a large sickle, eyes bright as the noon sun, standing in a golden wheat field"
142,Topielec,,142,catálogo,Eslava y Balcanes,criatura,bipedo,M,emboscador,agua,pantano,variante,,0,4,Alma de ahogado que arrastra a los nadadores; solo acecha cerca del agua.,"bloated pale-blue drowned man with seaweed hair and beard, glassy white eyes, water streaming from tattered clothes, webbed fingers, algae on his shoulders, rising from dark water"
143,Drekavac,,143,catálogo,Eslava y Balcanes,criatura,cuadrupedo,M,distancia,sombra,ruinas,variante,,0,4,Su alarido nocturno anuncia muerte; ataque sónico desde lejos.,"gaunt long-legged beast like a thin shaggy dog with an elongated snout, matted grey fur, ribs showing, a wide screaming mouth full of teeth and hollow glowing eyes"
144,Bauk,,144,catálogo,Eslava y Balcanes,generica,flotante,M,enjambre,sombra,ciudad_hogar,variante,,0,4,Coco balcánico sin aspecto fijo; sirve de relleno de sombras en grupo.,"shapeless hairy shadow creature with a huge mouth, glowing yellow eyes and long dangling arms of smoke, hovering low in a dark corner"
145,Psoglav,,145,catálogo,Eslava y Balcanes,criatura,bipedo,L,poderoso,tierra,bosque,variante,,0,4,Gigante con cabeza de perro y dientes de hierro; golpes lentos.,"towering dog-headed giant with iron-gray fangs, shaggy brown fur, broad shoulders, a rough hide kilt and a heavy spiked club, glaring amber eyes"
146,Zduhać,,146,catálogo,Eslava y Balcanes,criatura,bipedo,M,apoyo,viento,montana,variante,,0,4,Protector de cosechas: su espíritu combate demonios del granizo con viento.,"wiry mountain wizard in a long woolen cloak and rounded cap, glowing pale-blue eyes, a long white mustache, one hand raised summoning swirling wind and storm clouds around a wooden staff"
147,Vukodlak,,147,catálogo,Eslava y Balcanes,criatura,bipedo,M,veloz,sombra,bosque,variante,,0,4,"En los Balcanes es hombre lobo o vampiro; aquí, lobo-humano de aspecto cadavérico.","gaunt wolf-headed humanoid with matted grey fur, glowing yellow eyes, long clawed hands, a tattered burial shroud over thin shoulders, bared fangs and pale patchy skin"
148,Mora,,148,catálogo,Eslava y Balcanes,criatura,flotante,M,engano,sombra,ruinas,reskin,Nachtmahr,0,4,Pesadilla eslava: toma forma de polilla o de mujer conocida.,"ghostly pale woman with long loose black hair over her face, a drifting white nightgown, wisps of mist instead of legs, a faint blue glow and long thin hands reaching out"
149,Karakondjul,,149,catálogo,Eslava y Balcanes,criatura,bipedo,S,enjambre,hielo,nieve,variante,,0,4,Duendes invernales de las doce noches; saltan a la espalda en banda.,"small hairy hunched goblin with red eyes, donkey-like ears, curved tusks, a long thin tongue, matted black fur, clawed hands and a torn winter shawl"
150,Krampus,,150,catálogo,Germánica y Alpes,criatura,bipedo,M,poderoso,fuego,nieve,propio,,0,4,"Cadenas y varas lentas: hay que esquivar, no se pueden parar.","tall horned demon-like figure with shaggy dark brown fur, curled goat horns, a long red tongue, hooved feet, rusty chains with bells at his waist and a bundle of birch rods in hand"
151,Perchta,,151,catálogo,Germánica y Alpes,criatura,bipedo,M,apoyo,hielo,montana,variante,,0,4,Premia a los diligentes y castiga a los holgazanes; invoca a las Perchten.,"winter hag spirit with a long iron-grey hooked nose and wild white hair, a white fur-trimmed hooded robe, a spindle in her hand, a pale beautiful mask tied at her belt, snowflakes swirling"
152,Perchten,,152,catálogo,Germánica y Alpes,criatura,bipedo,M,enjambre,hielo,nieve,reskin,Krampus,0,4,Cortejo de máscaras con cuernos que sigue a Perchta; vienen en grupo.,"furry figure in a thick shaggy white and grey coat wearing a carved wooden demon mask with big curved horns and bared teeth, a cowbell at the belt and a long staff"
153,Kobold,,153,catálogo,Germánica y Alpes,criatura,bipedo,S,distancia,tierra,subsuelo,variante,,0,4,Espíritu de las minas; lanza piedras desde la oscuridad.,"small bearded mine goblin with olive-green skin, big pointed ears, a long nose, a red hood, patched work clothes and a leather apron, holding a hammer and a handful of pebbles"
154,Alp,,154,catálogo,Germánica y Alpes,criatura,bipedo,S,engano,sombra,bosque,variante,,0,4,"Pesadilla germánica que cambia a gato, perro o mariposa.","small elf-like nightmare spirit in a pointed grey hat, thin pale limbs, glowing white eyes, long clawed fingers and a cloak of shadow, perched on the edge of a bed"
155,Tatzelwurm,Tatzelwurm de los Alpes,155 174,catálogo,Germánica y Alpes,criatura,serpentino,S,distancia,veneno,montana,variante,,0,4,Lagarto-gusano alpino de aliento venenoso; exhala veneno y se esconde.,"stubby lizard-like worm about a meter long with a cat-like head, whiskers and wide yellow eyes, two short clawed front legs and a thick scaly grey-brown body tapering to a short tail"
156,Wolpertinger,,156,catálogo,Germánica y Alpes,criatura,cuadrupedo,S,veloz,ninguno,bosque,propio,,0,4,"Broma bávara: liebre con astas, alas y colmillos, nacida de taxidermia.","small hare-like beast with branching deer antlers, feathered wings on its back, two long fangs, soft brown fur and a bushy tail"
157,Rübezahl,,157,catálogo,Germánica y Alpes,criatura,bipedo,L,gigante,rayo,montana,propio,,0,4,Señor de la montaña y las tormentas; cambia de forma para probar al viajero.,"huge mountain giant with a gnarled root-like body, a long grey beard full of moss and pine needles, a pine-trunk staff, a green woolen cloak and stormy grey eyes"
158,Bergmönch,,158,catálogo,Germánica y Alpes,criatura,bipedo,M,poderoso,tierra,montana,variante,,0,4,Monje fantasma de las minas; su aparición presagia derrumbes.,"tall hooded figure in a long black monk's robe, face hidden in shadow with two faint glowing eyes, long bony hands holding a dim mining lantern, pale mist rising from the hem"
159,Nachtkrapp,,159,catálogo,Germánica y Alpes,criatura,alado,M,veloz,sombra,bosque,variante,,0,4,Cuervo nocturno que se lleva a los niños desvelados; pica en picado.,"giant raven with glossy black feathers, a huge wingspan, a large sharp beak, glowing red eyes, long curved talons and a ragged mantle of night-colored feathers"
160,Nachtmahr,,160,catálogo,Germánica y Alpes,criatura,flotante,M,emboscador,sombra,ciudad_hogar,variante,,0,4,La pesadilla germánica: se posa en el pecho del durmiente.,"dark hooded spirit with a thin hunched upper body and a tail of drifting black smoke instead of legs, glowing pale eyes, long spidery fingers and a ghostly horse head of mist at its shoulder"
161,Klabautermann,,161,catálogo,Germánica y Alpes,criatura,bipedo,S,apoyo,agua,mar,variante,,0,4,Duende del barco: ayuda a repararlo; verlo anuncia naufragio.,"small bearded sailor sprite in a yellow oilskin coat and sou'wester hat, rosy cheeks, holding a caulking mallet and a tiny ship's lantern, wet bare feet"
162,Heinzelmännchen,,162,catálogo,Germánica y Alpes,criatura,bipedo,S,enjambre,ninguno,ciudad_hogar,variante,,0,4,"Trabajan de noche; si los ves o esparces guisantes, huyen resbalando.","tiny cheerful gnome with a long white beard, a pointed red cap, a brown work apron, a tiny hammer and needle, rosy cheeks and acorn-sized boots"
163,Schrat,,163,catálogo,Germánica y Alpes,criatura,bipedo,M,poderoso,tierra,bosque,variante,,0,4,Espíritu peludo del bosque con patas de cabra; embiste con fuerza.,"hairy wild forest goblin with shaggy brown fur, goat horns and cloven hooves, long arms, a crown of leaves and twigs and bright yellow eyes"
164,Stollenwurm,,164,catálogo,Germánica y Alpes,criatura,serpentino,S,emboscador,tierra,subsuelo,reskin,Tatzelwurm,0,4,Versión de túneles del Tatzelwurm; acecha en galerías mineras.,"stubby lizard-like worm with a cat-like head and two short clawed front legs, dark slate-grey body with orange stripes, coated in stone dust, gleaming eyes"
165,Moosweiblein,,165,catálogo,Germánica y Alpes,criatura,bipedo,S,apoyo,tierra,bosque,variante,,0,4,Mujeres de musgo amistosas; piden ayuda contra la Cacería Salvaje.,"tiny old woman made of green moss, with a wrinkled bark-brown face, white lichen hair, a leaf shawl, a mushroom-cap hat, bare feet and kind eyes"
166,Wichtel,,166,catálogo,Germánica y Alpes,criatura,bipedo,S,veloz,ninguno,bosque,reskin,Heinzelmännchen,0,4,"Duendes de casa y bosque; amables, pero castigan el desprecio.","tiny gnome with a pointed grey cap, a short brown beard, a green patched coat, oversized boots and mischievous eyes"
167,Butzemann,,167,catálogo,Germánica y Alpes,criatura,bipedo,M,engano,ninguno,llanura,variante,,0,4,Espantapájaros-coco: finge ser un muñeco quieto hasta que te acercas.,"scarecrow-like bogeyman with a burlap sack head and a stitched mouth, straw poking from ragged clothes, a crooked wooden pole for a spine, glowing eyes and long stick arms"
168,Waldgeist,,168,catálogo,Germánica y Alpes,generica,flotante,M,emboscador,tierra,bosque,variante,,0,4,Genérico: «espíritu del bosque» en alemán; relleno para zonas de arbolado.,"drifting forest spirit of green mist and fallen leaves, vaguely humanoid, glowing eyes among a crown of twigs, vines trailing like hair, moss clinging to its edges"
169,Wild Hunt,,169,catálogo,Germánica y Alpes,criatura,cuadrupedo,L,poderoso,viento,cielo,propio,,0,4,"Jinete espectral y su jauría; la carga no se para, se esquiva.","spectral horseman on a skeletal black horse with burning eyes, a ragged storm-cloud cloak, an antlered helmet and a hunting horn, pale spectral hounds running at his heels"
170,Lorelei,,170,catálogo,Germánica y Alpes,criatura,bipedo,M,distancia,agua,rio_lago,variante,,0,4,Sirena del Rin inventada por Brentano en 1801; su canto desorienta.,"beautiful siren-like maiden with long golden hair and a flowing blue gown, standing on a river rock holding a golden comb, a faint blue glow and watery mist at her feet"
171,Erdluitle,,171,catálogo,Germánica y Alpes,criatura,bipedo,S,apoyo,tierra,montana,variante,,0,4,Enanos de tierra alpinos; ayudan al campesino y se marchan si los espían.,"small earth dwarf with a wrinkled grey-brown face, a long white beard, a coat of dark green moss, a pointed hat, sturdy leather boots, a lantern and a little shovel"
172,Hockauf,,172,catálogo,Germánica y Alpes,criatura,bipedo,S,emboscador,sombra,llanura,variante,,0,4,Se sube a tu espalda y pesa más con cada paso; esquiva para sacudirlo.,"small hunched ghostly goblin with grey translucent skin, long thin limbs and big gripping hands, glowing white eyes and a tattered cloak, clinging low as if riding on someone's back"
173,Eckbert,,173,catálogo,Germánica y Alpes,no_criatura,bipedo,M,veloz,ninguno,bosque,variante,,0,4,Dudosa: solo conozco a Eckbert como personaje humano de un cuento de Tieck.,
176,Lou Carcolh,,176,catálogo,"Francia, Iberia y Vasca",criatura,serpentino,L,emboscador,tierra,subsuelo,propio,,0,4,Caracol gigante de cuevas pirenaicas; sus tentáculos agarran desde la oscuridad.,"giant cave snail with a huge spiral shell of dark stone-grey, a slimy bluish body, many long snake-like tentacles reaching from its head, small glowing eyes and wet glistening skin"
177,Gargouille,,177,catálogo,"Francia, Iberia y Vasca",criatura,alado,M,emboscador,tierra,ciudad_hogar,variante,,0,4,Inmóvil como estatua en el tejado hasta que Akira pasa debajo.,"weathered grey stone gargoyle crouched on a ledge, bat-like wings folded, curved horns, pointed ears, gaping fanged mouth like a rain spout, clawed hands gripping the stone"
178,Dames Blanches,,178,catálogo,"Francia, Iberia y Vasca",criatura,flotante,M,engano,luz,rio_lago,variante,,0,4,Bloquean puentes y vados; piden un baile y el aviso falso no daña.,"tall pale ghostly woman in a flowing white veil gown that fades into mist below the waist, long loose hair, hollow glowing eyes, one hand outstretched in invitation"
179,Drac,,179,catálogo,"Francia, Iberia y Vasca",criatura,acuatico,M,emboscador,agua,rio_lago,variante,,0,4,"Duende de agua occitano: cebo de anillo de oro; al tocarlo, ataca.","lithe river dragon-imp with green scaly hide, webbed clawed hands, small horns and a finned tail, lurking beside a glittering golden ring floating on the water"
180,Dahu,,180,catálogo,"Francia, Iberia y Vasca",criatura,cuadrupedo,S,veloz,ninguno,montana,variante,,0,4,Bulo alpino: patas más cortas de un lado; solo gira en un sentido.,"chamois-like mountain goat with uneven legs, shorter on the left side, shaggy brown-grey coat, small curved horns, sturdy hooves, leaning sideways on a steep slope"
181,Vouivre,,181,catálogo,"Francia, Iberia y Vasca",criatura,serpentino,L,gigante,fuego,ruinas,variante,,0,4,Punto débil: la gema de la frente; se la quita para bañarse.,"winged serpent-dragon with long coiling emerald-scaled body, two small bat wings, a glowing red gemstone embedded in its forehead, eyes of molten gold, trailing sparks"
182,Bestia de Gévaudan,,182,catálogo,"Francia, Iberia y Vasca",criatura,cuadrupedo,M,veloz,ninguno,bosque,variante,,0,4,Basada en ataques reales de 1764; sin escenas sobre las víctimas.,"huge wolf-like beast with russet-red shaggy fur, dark stripe along its spine, oversized head with long fangs, tufted tail, hunched powerful shoulders and clawed paws"
183,Mélusine,,183,catálogo,"Francia, Iberia y Vasca",criatura,serpentino,L,engano,agua,rio_lago,variante,,0,4,"Dos fases: dama hermosa, luego serpiente alada. Su primer aviso es falso.","elegant fairy woman in a flowing gown whose lower body becomes a long scaled serpent tail with bat-like wings on her back, silver hair, pale skin, sea-green scales"
184,Basajaun,,184,catálogo,"Francia, Iberia y Vasca",criatura,bipedo,L,poderoso,tierra,bosque,variante,,0,4,Aviso largo: silba antes de golpear; protege rebaños.,"towering hairy forest giant covered head to toe in long dark brown shaggy hair that reaches the ground, broad shoulders, heavy fists, deep-set eyes under a heavy brow, holding a gnarled branch"
185,Lamia vasca,,185,catálogo,"Francia, Iberia y Vasca",criatura,bipedo,M,distancia,agua,rio_lago,variante,,0,4,"Canta peinándose; el canto es la amenaza, interrumpirlo es la clave.","beautiful water spirit woman with long golden hair, holding a golden comb, webbed duck-like feet instead of human feet, wet shimmering robe, standing in a river"
186,Sugaar,,186,catálogo,"Francia, Iberia y Vasca",deidad,serpentino,L,poderoso,rayo,cielo,variante,,0,4,Pareja de Mari; deidad vasca tratable como jefe o PNJ.,"long storm serpent with sleek dark-blue scales crackling with lightning, a crest of silver spines on its head, glowing amber eyes, coiling through thunderclouds"
187,Mari,,187,catálogo,"Francia, Iberia y Vasca",deidad,bipedo,M,apoyo,fuego,subsuelo,variante,,0,4,Premia la verdad y castiga la mentira; forma de bola de fuego.,"regal woman in a long red-and-black dress with one human foot and one goat hoof, holding a golden comb, flames trailing like a comet behind her, dark flowing hair"
188,Herensuge,,188,catálogo,"Francia, Iberia y Vasca",criatura,serpentino,XL,gigante,fuego,subsuelo,propio,,0,4,Siete cabezas con avisos distintos; hay que cortarlas una a una.,"huge dragon-serpent with seven snake-like heads on long necks, dark crimson scales, glowing yellow eyes, each mouth hissing smoke, coiled around cave rocks"
189,Galtzagorri,,189,catálogo,"Francia, Iberia y Vasca",criatura,bipedo,S,enjambre,ninguno,bosque,reskin,Trasgu,0,4,"Llegan en grupo de seis; ligeros por separado, el corte de luna los barre.","tiny mischievous goblin in bright red trousers and a ragged brown vest, pointed ears, wide toothy grin, spindly limbs, carrying a small pitchfork"
190,Nuberu,,190,catálogo,"Francia, Iberia y Vasca",criatura,flotante,M,distancia,hielo,cielo,variante,,0,4,Lanza granizo desde la nube; cortar el bastón rompe la tormenta.,"hunched old storm wizard in a tattered grey cloak drifting on a dark thundercloud, long white beard, wild eyes, holding a gnarled staff crackling with hail and sparks"
191,Cuélebre,,191,catálogo,"Francia, Iberia y Vasca",criatura,serpentino,XL,gigante,tierra,montana,reskin,Vouivre,0,4,Guarda tesoros y ninfas; crece durante siglos hasta ser colosal.,"massive bronze-scaled winged serpent with a spiked ridge along its back, leathery hooked wings, cold green eyes, coiled around a glittering heap of old gold coins"
192,Trasgu,,192,catálogo,"Francia, Iberia y Vasca",criatura,bipedo,S,engano,ninguno,ciudad_hogar,variante,,0,4,Poltergeist doméstico: mueve objetos y se burla; el aviso falso no daña.,"small hairy house goblin with a red pointed cap, sharp ears, mischievous grin, large hands, wearing a tiny leather apron, standing among overturned pots and pans"
193,Busgosu,,193,catálogo,"Francia, Iberia y Vasca",criatura,bipedo,L,emboscador,tierra,bosque,reskin,Basajaun,0,4,"Dudosa: salvaje peludo asturiano, quizá primo del Basajaun.","huge moss-green hairy wild man of the beech forest, long matted hair and beard with leaves tangled in it, thick arms, small fierce eyes, bark-like skin patches"
194,Coco,,194,catálogo,"Francia, Iberia y Vasca",criatura,bipedo,M,emboscador,sombra,ciudad_hogar,variante,,0,4,Se esconde bajo camas y desvanes; agarra y arrastra a la sombra.,"tall hunched shadowy bogeyman in a ragged dark hooded cloak, glowing white eyes inside the hood, long thin arms with clawed fingers, a large empty sack on its back"
195,Santa Compaña,,195,catálogo,"Francia, Iberia y Vasca",criatura,flotante,M,enjambre,sombra,bosque,variante,,0,4,Grupo de seis con velas; el que lleva la cruz es el objetivo.,"procession of pale hooded spirits in tattered shrouds holding lit candles, faces hidden in deep hoods, feet fading into mist, the leader bearing a wooden cross"
196,Aatxe,,196 947,catálogo,"Francia, Iberia y Vasca",criatura,cuadrupedo,L,poderoso,fuego,montana,reskin,Apis,0,4,Protege la cueva de Mari; su embestida deja el suelo ardiendo.,"powerful red bull with glowing ember-like eyes and horns wreathed in flame, smoldering hide, hooves leaving scorched marks, steam from its nostrils"
197,Akerbeltz,,197,catálogo,"Francia, Iberia y Vasca",criatura,cuadrupedo,M,apoyo,sombra,llanura,variante,,0,4,Protege rebaños y reúne cabras; abatirlo primero debilita a su manada.,"large black he-goat with long curved horns, shaggy glossy black coat, glowing red eyes, a long beard, standing on rocky pasture with an uncanny calm gaze"
198,Guaxa,,198,catálogo,"Francia, Iberia y Vasca",generica,bipedo,M,enjambre,ninguno,bosque,variante,,0,4,Dudosa: no identifico a la Guaxa; usar como espíritu de bosque genérico.,"hunched forest spirit with gnarled humanoid body, grey-green mossy skin, long thin arms, pale glowing eyes, wrapped in torn brown rags and dry leaves"
199,Güestia,,199,catálogo,"Francia, Iberia y Vasca",criatura,flotante,M,enjambre,sombra,montana,reskin,Santa Compaña,0,4,Versión asturiana de la Santa Compaña; grupo de seis con antorchas.,"silent troop of ghostly villagers in old mountain clothes carrying flickering torches, blank pale faces, translucent bodies trailing mist, led by a taller hooded figure"
260,Ifrit,Ifrit del Magreb,260 876,catálogo,Árabe e islámica,criatura,bipedo,L,poderoso,fuego,desierto,variante,,1,4,"Jinn de fuego de gran fuerza; golpes pesados, hay que esquivarlos.","muscular fire genie with dark red smoldering skin, curled ram horns, glowing molten eyes, thick legs, hands wreathed in flame, gold armbands, black smoke pouring from its shoulders"
503,Alicornio,,503,catálogo,"Francia, Iberia y Vasca",generica,cuadrupedo,M,apoyo,luz,bosque,reskin,Unicornio europeo,0,4,Dudosa: en origen es el cuerno del unicornio; aquí se toma como unicornio curativo.,"slender white unicorn-like horse with a long spiral ivory horn glowing softly, silver mane, cloven hooves, calm blue eyes, standing in a misty forest clearing"
504,Arimaspo,,504,catálogo,Grecia,criatura,bipedo,M,veloz,ninguno,montana,variante,,0,4,Guerrero legendario de un solo ojo que roba oro a los grifos.,"muscular warrior with a single large eye in the center of his forehead, fur-trimmed leather armor, braided beard, a long spear, gold-flecked belt, standing on a rocky mountain slope"
505,Blemmyes,,505,catálogo,Roma,criatura,bipedo,M,poderoso,ninguno,desierto,propio,,0,4,Cara en el pecho: el único blanco real es el torso; golpear arriba no sirve.,"headless humanoid warrior with eyes, nose and mouth set directly in his broad chest, thick shoulders, leather shoulder straps and kilt, crude wooden club, standing in a dusty desert"
506,Catoblepas,,506,catálogo,Roma,criatura,cuadrupedo,M,poderoso,veneno,pantano,variante,,0,4,"Su cabeza pesada cae al suelo; si la alza, su mirada mata: esquiva, no pares.","heavy buffalo-bodied beast with a huge hog-like head too heavy to lift, hanging low to the ground, shaggy mane covering the eyes, scaly belly, short thick legs, murky green breath"
507,Crocotta,,507,catálogo,Roma,criatura,cuadrupedo,M,engano,ninguno,llanura,propio,,0,4,Imita voces humanas para atraer viajeros; su dentadura es un solo hueso.,"hybrid beast with a stag-like body, lion haunches, horse hooves, a badger-like head, a gaping mouth stretching ear to ear filled with one ridge of bone instead of teeth, tawny striped coat"
508,Eale,,508,catálogo,Roma,criatura,cuadrupedo,L,poderoso,ninguno,selva,variante,,0,4,Sus cuernos giran de forma independiente; el aviso depende de hacia dónde apuntan.,"hippo-sized black beast with a boar-like tusked jaw, elephant tail, goat-like body and two long movable horns swiveling independently, one forward and one back, shaggy flanks, small fierce eyes"
509,Enfield,,509,catálogo,Celta e Irlanda,criatura,cuadrupedo,M,veloz,ninguno,bosque,propio,,0,4,Emblema heráldico del clan O'Kelly; cinco animales en un cuerpo veloz.,"heraldic beast with a russet fox head, golden eagle talons for forelegs, a grey greyhound chest, a tawny lion body, and a grey wolf's hind legs with a bushy tail"
514,Monocerote,,514,catálogo,Roma,criatura,cuadrupedo,L,poderoso,ninguno,bosque,variante,Unicornio europeo,0,4,"Bestia de Plinio: cabeza de ciervo, pies de elefante, cola de jabalí, un cuerno negro.","stout horse-bodied beast with a stag's head, elephant-like feet, a boar's tail and a single straight black horn, dark brown hide, fierce eyes, bellowing in a forest glade"
516,Peluda de Culle,,516,catálogo,"Francia, Iberia y Vasca",generica,cuadrupedo,L,poderoso,ninguno,rio_lago,variante,,0,4,Dudosa: parece la Peluda francesa (la Velue); el «de Culle» no está confirmado.,"large shaggy beast covered in coarse green-grey fur and spiny quills, a tortoise-like shell on its back, clawed paws, a snake-like head and a long scaly tail"
517,Questing Beast,,517,catálogo,Británica,criatura,cuadrupedo,L,veloz,ninguno,bosque,propio,,0,4,Cabeza de serpiente y ladridos en el vientre; el sonido avisa de su carga.,"serpent-headed beast with a leopard-spotted body, lion haunches, deer hooves, a long sinuous neck, belly rippling as if hounds bark inside, lean powerful frame, green-gold eyes"
518,Salamandra fabulosa,,518,catálogo,Roma,criatura,cuadrupedo,S,emboscador,fuego,montana,variante,,0,4,Vive en las brasas y apaga fuegos con su frío; su veneno contamina el agua.,"small lizard-like salamander with glossy black skin marked by glowing orange stripes, ember-like eyes, wisps of smoke rising from its back, short clawed legs, resting in a bed of red-hot coals"
519,Scolopendra marina,,519,catálogo,Grecia,criatura,artropodo,L,emboscador,agua,mar,variante,,0,4,Ciempiés marino de bestiarios antiguos; sale de las olas y se lanza sobre botes.,"giant sea centipede with a long armored reddish-brown segmented body, dozens of paddle-like legs, curved venomous pincer jaws, trailing antennae, spiny ridges, thrashing out of dark ocean waves"
520,Serpiente alada europea,,520,catálogo,Británica,generica,alado,L,distancia,veneno,montana,variante,,0,4,"Clase amplia (wyvern, vouivre): dragón menor que escupe veneno desde el aire.","long serpent body with emerald and bronze scales, two broad leathery bat-like wings, crested head with forked tongue and curved fangs, and a barbed tail tip, coiled on a rock"
521,Sleipnir,,521,catálogo,Nórdica,criatura,cuadrupedo,L,veloz,viento,llanura,propio,,0,4,Montura de Odín. Ocho patas: su galope es difícil de leer.,"huge grey stallion with eight slender legs, four on each side, flowing silver mane and tail, faint glowing runes along the flanks and calm pale eyes"
523,Unicornio europeo,,523,catálogo,Británica,criatura,cuadrupedo,M,apoyo,luz,bosque,variante,,0,4,Su cuerno cura y purifica; objetivo prioritario si acompaña a otros enemigos.,"slender white horse with a long spiral ivory horn, cloven goat-like hooves, a small beard and a lion-tufted tail, silver-white mane and calm bright eyes"
524,Yale,,524,catálogo,Británica,criatura,cuadrupedo,M,poderoso,ninguno,llanura,propio,,0,4,Cuernos giratorios: cada uno apunta a un lado; los avisos se cruzan.,"stocky beast with an antelope body, golden spotted hide, an elephant-like tail, black boar tusks, and two long curved horns that swivel independently forward and back"
526,Ala,,526,catálogo,Eslava y Balcanes,criatura,flotante,L,gigante,hielo,cielo,propio,,0,4,Demonio del granizo: su boca abierta es el punto débil tras cada ráfaga.,"storm demon shaped like a swirling dark cloud with a huge fanged mouth, wild tangled hair of black mist, long clawed arms and rattling hailstones falling from its body"
527,Aitvaras,,527,catálogo,Báltica y Uralica,criatura,alado,S,veloz,fuego,ciudad_hogar,variante,,0,4,Duende del tesoro: su estela de chispas anuncia la embestida; roba monedas.,"small black rooster-like creature with a long serpentine fiery tail trailing sparks, glowing ember eyes, short scaled wings, and glittering coins clutched in its talons"
528,Baba Roga,Baba Roga de Croacia; Baba Roga balcánica,528 529 998,catálogo,Eslava y Balcanes,criatura,bipedo,L,poderoso,ninguno,bosque,variante,,0,4,"Ogra de cuentos para asustar niños; golpes lentos con el saco, hay que esquivar.","hulking hunched old ogress with grey warty skin, two short curved horns, a hooked nose, tattered dark shawl, long clawed hands and a large sack slung over her back"
530,Bereginyas,,530,catálogo,Eslava y Balcanes,criatura,bipedo,M,apoyo,agua,rio_lago,variante,,0,4,Protectoras de orillas según interpretaciones modernas. Envuelven a aliados en velos de agua.,"graceful riverbank guardian spirit with long pale-green hair, flowing robes that ripple like water, glowing white eyes and a cupped hand spilling a shimmering stream"
531,Bies,,531,catálogo,Eslava y Balcanes,criatura,bipedo,M,poderoso,sombra,bosque,variante,,0,4,"Diablo eslavo, base de Boruta; golpes pesados que se esquivan en lugar de parar.","hairy horned demon with a goat-like muzzle, cloven hooves, thick dark fur, a long tail, curved black horns and glowing yellow eyes, wielding a heavy wooden club"
532,Boruta,,532,catálogo,Eslava y Balcanes,criatura,bipedo,M,engano,fuego,ruinas,reskin,Bies,0,4,"Disfrazado de noble: el primer aviso es falso, el segundo es real.","devil disguised as a nobleman in a long red coat and fur cap with a drooping moustache, tall black boots, small horns poking through the hat and a hooked tail beneath the coat"
533,Čuma,,533,catálogo,Eslava y Balcanes,criatura,flotante,M,distancia,veneno,ciudad_hogar,variante,,0,4,"Peste personificada: nubes de miasma que obligan a moverse, no a parar.","gaunt spectral woman in a long tattered white shroud, face hidden by a hood with only pale eyes visible, trailing greenish plague mist from her sleeves over the ground"
534,Dziwożona,,534,catálogo,Eslava y Balcanes,criatura,bipedo,M,emboscador,tierra,bosque,variante,,0,4,"Cambia niños por los suyos; agarra desde la maleza, el aviso es corto.","wild forest woman with long matted green-black hair, pointed ears, bark-like leathery skin, very long clawed arms, a ragged moss-covered cloak and a bundle of twigs on her back"
537,Kudlak,,537,catálogo,Eslava y Balcanes,criatura,bipedo,M,veloz,sangre,ruinas,reskin,Vukodlak,0,4,Vampiro cambiaformas de Istria; el kresnik es su némesis. Se lanza y se retira.,"pale gaunt vampire in a dark wolf-pelt cloak, sunken red eyes, long fangs, clawed hands, and a ragged grey coat, with a wolf-like muzzle half-forming on its face"
539,Leshachikha,,539,catálogo,Eslava y Balcanes,criatura,bipedo,M,engano,tierra,bosque,reskin,Leshy,0,4,Esposa del leshy: imita voces para desorientar; el eco falso no hace daño.,"tall forest spirit woman with bark-brown skin, hair of long green leaves and vines, birch-white arms, glowing green eyes, moss-covered shoulders and bare feet sinking into the ground"
540,Mavka,,540,catálogo,Eslava y Balcanes,criatura,bipedo,M,distancia,sombra,bosque,variante,,0,4,Atrae con su canto; la espalda hueca delata la ilusión.,"pale young woman spirit with long green hair crowned with wildflowers, a thin white dress of leaves, glowing pale eyes, and a hollow back of ivy and tangled roots instead of a spine"
541,Navka,,541,catálogo,Eslava y Balcanes,criatura,bipedo,M,enjambre,agua,pantano,reskin,Mavka,0,4,Mavka pálida: espíritus de muertos en grupo; el corte de luna los dispersa.,"pale bluish young female ghost with wet dark hair clinging to her shoulders, a tattered grey-blue shift, milky white eyes, dripping hands and a hollow back filled with reeds and pond water"
542,Nocnitsa,,542,catálogo,Eslava y Balcanes,criatura,flotante,M,apoyo,sombra,ciudad_hogar,reskin,Nachtmahr,0,4,Maldice con pesadillas e insomnio; conviene cortarla primero.,"hunched night hag spirit floating above the ground, long straggly black hair, grey cracked skin, glowing yellow eyes, a ragged dark nightgown dissolving into smoke and long thin clawed fingers"
544,Ozero Dragon,,544,catálogo,Eslava y Balcanes,generica,serpentino,L,distancia,agua,rio_lago,variante,,0,4,Dudosa: «ozero» significa lago en eslavo; probablemente un dragón lacustre genérico.,"long-bodied lake dragon with dark teal scales, a frilled crest along its neck, fish-like fins, glowing amber eyes and a wide toothy jaw, rising from the water in a spray of mist"
545,Plivka,,545,catálogo,Eslava y Balcanes,generica,bipedo,S,veloz,ninguno,montana,variante,,0,4,"Dudosa: no la reconozco; espíritu balcánico genérico, a confirmar con fuentes.","small hunched folk spirit wrapped in a patched woolen cloak, pale grey face with large dark eyes, long thin fingers, a twisted wooden staff and a faint mist swirling around its feet"
546,Rarog,,546,catálogo,Eslava y Balcanes,criatura,alado,S,distancia,fuego,cielo,variante,,0,4,Ave de fuego eslava (halcón); lanza chispas desde el aire.,"falcon wreathed in flames with a golden-orange feathered body, a burning crest and tail like a comet, glowing white-hot eyes and talons that leave small sparks in the air"
547,Stribog,,547,catálogo,Eslava y Balcanes,deidad,bipedo,XL,distancia,viento,cielo,propio,,0,4,Dios de los vientos; sus nietos-viento disparan flechas de aire desde lejos.,"colossal white-bearded old god in a billowing grey-blue cloak, his beard and robes streaming into gusts of wind, holding a great curved horn, with arrow-shaped gales swirling behind him"
548,Topielica,,548,catálogo,Eslava y Balcanes,criatura,bipedo,M,emboscador,agua,rio_lago,reskin,Topielec,0,4,Forma femenina del topielec: agarra desde el agua y arrastra hacia abajo.,"drowned woman spirit with pale blue-grey skin, long dripping black hair tangled with pond weed, a torn white shift soaked in water, glowing white eyes and webbed fingers"
550,Zorya nocturna,,550,catálogo,Eslava y Balcanes,deidad,bipedo,M,apoyo,luz,cielo,variante,,0,4,Guardiana de estrellas: protege a los suyos; mejor como PNJ o jefa.,"tall serene woman guardian in a deep midnight-blue robe scattered with silver stars, long dark hair, a pale glowing crescent crown and a slender spear of starlight in her hand"
551,Bean-tighe,,551,catálogo,Celta e Irlanda,criatura,bipedo,S,apoyo,fuego,ciudad_hogar,variante,,0,4,«Mujer de la casa»: espíritu protector del hogar; encaja como PNJ o aliada.,"small kindly house spirit woman with rosy cheeks, a patched apron and shawl, white hair in a bun, carrying a broom and a lantern, with faint hearth embers glowing at her feet"
553,Cauld Lad,,553,catálogo,Británica,criatura,flotante,S,veloz,hielo,ruinas,variante,,0,4,Fantasma del castillo de Hylton: mueve cosas y huye; la capa verde lo apacigua.,"small ghostly stable-boy spirit with translucent pale-blue skin, ragged old tunic, a hooded green cloak, hollow sad eyes and frost on his hair, floating just above the stone floor"
554,Carmun,,554,catálogo,Celta e Irlanda,criatura,bipedo,M,distancia,veneno,llanura,variante,,0,4,"Probable Carman, hechicera de la plaga; sus tres hijos podrían ser acólitos.","gaunt sorceress in a tattered black-green robe with a hooded cowl, long grey hair, hollow glowing green eyes, holding a twisted staff that sheds withered leaves and blight"
556,Church Grim,,556,catálogo,Británica,criatura,cuadrupedo,M,poderoso,tierra,ruinas,reskin,Black Shuck,0,4,"Guardián del cementerio: embiste sin poder pararse, hay que esquivar y contraatacar.","large black dog with shaggy coat, pale ghostly eyes and a dusting of grave soil, a broken iron bell tied at its collar and faint white mist drifting from its fur"
557,Dunter,,557,catálogo,Británica,generica,flotante,S,engano,ninguno,ciudad_hogar,variante,,0,4,Dudosa: espíritu de golpes nocturnos; sus golpes falsos funcionan como avisos que engañan.,"small grey poltergeist spirit shaped like a stooped goblin made of dust and shadow, with a large wooden mallet, wide hollow eyes and a ring of floating cracked plates around it"
558,Erlking,,558,catálogo,Germánica y Alpes,criatura,bipedo,L,engano,sombra,bosque,variante,,0,4,Rey de los elfos: susurra para atraer; su niebla oculta ataques reales y falsos.,"tall gaunt elf king in a dark green hooded robe, a crown of twisted alder branches, long pale face with hollow glowing eyes, and a trailing cape of grey mist and falling leaves"
559,Flittergai,,559,catálogo,Británica,generica,alado,S,enjambre,viento,bosque,variante,,0,4,"Dudosa: no la reconozco; hada británica genérica, en enjambres de 4 a 8.","tiny winged fairy with moth-like grey wings, pointed face and large dark eyes, a tattered leaf tunic, thin limbs and a faint trail of glittering dust as it flutters"
561,Grindylow,,561,catálogo,Británica,criatura,bipedo,S,emboscador,agua,pantano,variante,,0,4,Acecha en estanques: sus brazos largos agarran desde el agua; el aviso es corto.,"small green-skinned water goblin with thin spindly arms twice as long as its body, webbed claws, sharp needle teeth, bulging yellow eyes and slimy weed draped over its back"
562,Hob,,562,catálogo,Británica,criatura,bipedo,S,apoyo,ninguno,ciudad_hogar,reskin,Brownie,0,4,"Hace tareas si lo tratan bien; ofendido, molesta y se va. Buen PNJ.","small hairy house goblin with shaggy brown fur, pointed ears, bright round eyes, a tattered tunic and bare feet, holding a tiny pitchfork and a bowl of cream"
565,Mester Stoor Worm,,565,catálogo,Británica,criatura,serpentino,XL,gigante,veneno,mar,propio,,0,4,"Jefe de Orcadas: la leyenda lo vence desde dentro, quemándole el hígado.","colossal sea serpent with a mountain-sized head, a wide fanged maw with a forked tongue, ridged slate-green scales, barnacled coils across the waves and toxic vapor rising from its breath"
566,Old Shuck,,566,catálogo,Británica,criatura,cuadrupedo,M,veloz,fuego,pantano,reskin,Black Shuck,0,4,"Nombre regional del Black Shuck de Anglia Oriental; mismo cuerpo, paleta de niebla.","huge shaggy black dog the size of a calf, two glowing red eyes, long fangs, smoky breath and heavy paws that leave scorched prints in the mud"
567,Padfoot,,567,catálogo,Británica,criatura,cuadrupedo,M,emboscador,sombra,llanura,reskin,Black Shuck,0,4,"Perro espectral de Yorkshire: pasos silenciosos, aparece de la niebla y muerde.","tall spectral hound with shaggy pale-grey fur, silent oversized paws, glowing round eyes, a dragging rusted chain and a trail of fog at its heels"
570,Shellycoat,,570,catálogo,Británica,criatura,bipedo,M,engano,agua,rio_lago,variante,,0,4,Desorienta junto al río; el tintineo de conchas delata su verdadera posición.,"stooped river spirit covered in rattling sea shells and pebbles from head to foot, pale wrinkled face with a wide grin, long beard of river weed and a clacking shell-cloak"
571,Skillywidden,,571,catálogo,Británica,criatura,bipedo,S,veloz,tierra,llanura,variante,,0,4,"Hada de Cornualles: escurridiza, ataca y desaparece entre los tojos.","tiny fairy man with a wrinkled brown face, pointed hat made from a dock leaf, patched green jacket, long nimble fingers and bright quick eyes, poised on a gorse bush"
572,Teggie,,572,catálogo,Celta e Irlanda,generica,bipedo,M,emboscador,agua,rio_lago,variante,,0,4,Dudosa: nombre galés de espíritus acuáticos según el catálogo; no la reconozco.,"slender water sprite with translucent blue-green skin, long reed-like hair, webbed fingers, shimmering fish-scale patches along its arms and soft glowing eyes, standing waist-deep in a pool"
573,Tommyknocker,,573,catálogo,Británica,criatura,bipedo,S,enjambre,tierra,subsuelo,reskin,Kobold,0,4,Versión americana del knocker; grupos que golpean la roca antes de un derrumbe.,"small bearded mine goblin with grey leathery skin, a dented miner's helmet with a dim lamp, big ears, oversized hands gripping a tiny pickaxe and a coat of rock dust"
574,Urisk,,574,catálogo,Celta e Irlanda,criatura,bipedo,M,veloz,agua,montana,variante,,0,4,"Sátiro de las cascadas escocesas; solitario, salta y huye si lo ves venir.","wild goat-legged man with shaggy russet fur on his lower body, small curled horns, a mossy beard, pointed ears, and a cloak of reeds, perched by a mountain waterfall"
575,Wulver,,575,catálogo,Británica,criatura,bipedo,M,poderoso,ninguno,montana,variante,,0,4,Pacífico salvo que lo ofendan; deja pescado a los pobres. Duelo de honor.,"tall man-like creature with a wolf's head covered in short brown fur, strong shoulders, calm amber eyes, a rough rope belt and a freshly caught fish held in one hand"
645,Uldra,,645,catálogo,Báltica y Uralica,generica,bipedo,M,engano,sombra,subsuelo,variante,,1,4,Dudosa: parece el ulda sami (gente subterránea); el catálogo dice Siberia.,"slender pale underground dweller in a long grey-blue woolen tunic, faintly shimmering translucent skin, elongated fingers, silver-white hair, glowing violet eyes, carrying a small lantern"
966,Rougarou,,966,catálogo,"Francia, Iberia y Vasca",criatura,bipedo,M,poderoso,sombra,pantano,variante,,0,4,Hombre lobo cajún; golpes fuertes desde la niebla del pantano,"hulking wolf-headed werewolf with matted gray-brown fur, red glowing eyes, long fangs, clawed hands, tattered rags, wading through swamp mist beside mossy cypress trees"
996,Acheron hound,,996,catálogo,Grecia,generica,cuadrupedo,M,veloz,fuego,inframundo,reskin,Cadejo blanco,0,4,Genérico: sabueso del inframundo tipo Cerbero; sin mito propio,"huge black hound with smoldering embers glowing in its chest and eyes, mist-like fur dripping river water, a heavy iron collar with a broken chain, and long white fangs"
997,Baba Marta spirit,,997,catálogo,Eslava y Balcanes,criatura,bipedo,M,distancia,hielo,montana,variante,,0,4,Su humor cambia el clima: sonríe o desata el frío,"stern elderly woman spirit with a long gray braid, a thick wool shawl woven in red and white, a walking stick topped with snowdrops, and cold wind swirling around her"
999,Balaur,,999,catálogo,Eslava y Balcanes,criatura,cuadrupedo,XL,gigante,veneno,montana,propio,,0,4,Cada cabeza cae por separado; siete puntos débiles,"huge seven-headed dragon with four thick legs, an olive-green scaled body, short fins along its sides, curved horns on each head, gaping jaws, a spiked tail, and smoke curling from its nostrils"
1000,Bojownik,,1000,catálogo,Eslava y Balcanes,generica,bipedo,M,poderoso,ninguno,llanura,variante,,0,4,Dudosa: bojownik es «luchador» en polaco; sin fuente folclórica clara,"wiry armored warrior spirit in rusted chain mail and a dented iron helmet, glowing blue eyes under the visor, holding a notched sword and a round wooden shield"
15,Sirenas,Sirenas grecorromanas,15 46,catálogo,Grecia,criatura,alado,M,distancia,agua,mar,variante,,0,5,Su canto aturde: cortar su aviso sonoro o taparse los oídos,"bird-bodied woman-headed creature with long grey and teal feathered wings, taloned feet, a serene pale face with flowing hair and an open singing mouth, perched on a sea cliff"
50,Fenrir,,50,catálogo,Nórdica,criatura,cuadrupedo,XL,poderoso,ninguno,nieve,propio,,0,5,Jefe de Ragnarök: muerde para tragar; esquivar y cortar cuando abre la boca,"gigantic grey wolf with thick shaggy fur, glowing pale eyes, enormous fanged jaws, broken iron chain links trailing from its neck and a scarred muzzle"
118,Morgawr,,118,catálogo,Moderna y críptidos,criatura,acuatico,XL,gigante,agua,mar,variante,,0,5,Críptido de Cornualles (1975-76): cuello y jorobas como partes del jefe.,"colossal sea serpent with a small flat head on a long neck, three dark green humps arching out of the waves, slick hide, pale glowing eyes and trailing seaweed"
119,Owlman,,119,catálogo,Moderna y críptidos,criatura,alado,M,veloz,viento,bosque,variante,,0,5,Críptido de Mawnan (1976): cae en silencio desde el campanario y se aleja.,"tall winged humanoid with a grey mottled feathered body, a large owl-like head with pointed ear tufts, huge glowing red eyes, long black clawed hands and wide wings folded behind"
227,Bennu,Bennu-fénix,227 245 852,catálogo,Egipto,deidad,alado,M,apoyo,luz,cielo,variante,,0,5,Ave del renacer: revive a un aliado caído una vez por combate.,"tall heron-like sacred bird with golden-red and blue-grey plumage, long slender beak, two long crest feathers, glowing sun-like aura, wings spread wide above a stone obelisk"
400,Anansi,,400,catálogo,África Occidental y Central,deidad,artropodo,S,engano,ninguno,selva,variante,,1,5,"Embaucador akan, dueño de los cuentos: jefe-trampa que se ríe del aviso","clever trickster spider with eight long legs and a grinning almost-human face, round dark body marked with golden patterns, bright eyes, a woven bag of stories on its back, silk threads"
401,Adze,,401 576,catálogo,África Occidental y Central,criatura,artropodo,S,emboscador,sangre,selva,variante,,1,5,"Su luz delata dónde está; atrapada, se vuelve humana","glowing firefly-like insect the size of a cat, translucent shimmering wings, bright amber light in its abdomen, long needle-like proboscis, tiny red eyes, hovering above a sleeping hut"
402,Asanbosam,,402,catálogo,África Occidental y Central,criatura,bipedo,L,poderoso,sangre,selva,reskin,Sasabonsam,0,5,"Mordisco de hierro desde las ramas; no se puede parar, se esquiva","lanky hunched forest vampire with a gaunt grey body, mouth full of iron teeth, long legs ending in rusty hooks, hanging upside down from a branch, red eyes"
403,Sasabonsam,,403 597,catálogo,África Occidental y Central,criatura,bipedo,L,emboscador,ninguno,selva,variante,,0,5,Cuelga de las ramas y engancha a quien pasa con sus pies de gancho,"tall hairy forest monster with long red-brown legs ending in iron hooks, bright yellow eyes, sharp teeth, a tattered bark cloak, perched on a high branch with legs dangling"
404,Obayifo,,404 595,catálogo,África Occidental y Central,criatura,flotante,S,veloz,luz,ciudad_hogar,variante,,1,5,Bola de luz que cambia de forma; entra en las casas de noche,"glowing orb of greenish-white light with a vague hunched human silhouette inside, trailing sparks and thin streams of light like a comet, hovering above a village rooftop at night"
405,Mami Wata,,405 591,catálogo,África Occidental y Central,deidad,acuatico,M,apoyo,agua,rio_lago,variante,,1,5,Espíritu del agua venerado; mejor como PNJ o aliada que como enemiga,"water spirit with a long fish tail of teal and gold scales, a large python draped over her shoulders, long braided hair adorned with shells, a scale-covered bodice, holding a small round mirror"
406,Impundulu,,406 609,catálogo,África Oriental y Austral,criatura,alado,L,distancia,rayo,cielo,variante,,1,5,Su aleteo trae el trueno; cortar entre descarga y descarga,"huge black and white bird with a long crested tail and glittering plumage, crackling blue lightning running along its wings and talons, sharp red eyes, storm clouds swirling behind it"
407,Tokoloshe,Tikoloshe acuático,407 598 618,catálogo,África Oriental y Austral,criatura,bipedo,S,veloz,agua,rio_lago,variante,,1,5,Se vuelve invisible con una piedra en la boca; el aviso lo delata,"squat hairy imp with grey-brown matted fur, large hollow eyes, long arms, a smooth river pebble held between its teeth, water dripping from its hair"
408,Inkanyamba,Inkanyamba sudafricano,408 422 589,catálogo,África Oriental y Austral,criatura,serpentino,L,gigante,viento,rio_lago,variante,,1,5,Jefe de tormenta: el remolino que levanta se esquiva antes de cada embestida,"enormous eel-like serpent with a horse-shaped head and flowing mane, shimmering dark green scales, glowing amber eyes, coiled in a waterfall pool while a spiraling storm twists above"
409,Grootslang,,409 608,catálogo,África Oriental y Austral,criatura,serpentino,L,poderoso,tierra,subsuelo,variante,,0,5,Duerme sobre diamantes; golpes lentos de cola que se esquivan,"huge serpent with an elephant's head and long white tusks, thick grey-green scaled body, small cunning eyes, coiled around glittering diamonds in a dark cave"
410,Ninki Nanka,Wolof Ninki Nanka,410 594 599,catálogo,África Occidental y Central,criatura,serpentino,L,emboscador,agua,pantano,variante,,0,5,"Verlo anuncia la muerte, dicen; acecha entre juncos antes de atacar","long dragon-like marsh serpent with a horse-like head, a crest of spines down its back, short clawed legs, olive-green scales, dripping mud, hidden among tall reeds"
411,Kongamato,,411 610,catálogo,Moderna y críptidos,criatura,alado,M,veloz,ninguno,pantano,variante,,0,5,Se lanza en picado y se retira; avisa su sombra sobre el agua,"leathery-winged flying reptile with a long toothy beak, red-brown skin, a narrow bony head crest, clawed wing fingers, diving out of swamp mist above a canoe"
412,Popobawa,,412 596,catálogo,África Oriental y Austral,criatura,alado,M,emboscador,sombra,ciudad_hogar,reskin,Camazotz,1,5,"Ataca de noche dentro de casas; terror real en Zanzíbar, usar con cuidado","dark shadowy bat-winged humanoid with a single large glowing eye, pointed ears, long clawed fingers, leathery wings and a hunched body, perched on a thatched roof at night"
413,Mokele-mbembe,,413 592,catálogo,Moderna y críptidos,criatura,cuadrupedo,XL,gigante,agua,pantano,variante,,0,5,Críptido grande y apacible que defiende su río; golpes lentos,"huge long-necked reptile with a small head, thick grey-brown body, stout legs and a long muscular tail, wading through a mist-covered river with reeds and mud clinging to its skin"
414,Emela-ntouka,,414 586,catálogo,Moderna y críptidos,criatura,cuadrupedo,L,poderoso,agua,rio_lago,variante,,0,5,Embiste con el cuerno desde el agua: golpe lento que se esquiva,"stocky rhinoceros-like beast with a single long ivory horn, smooth grey-brown hide, thick tail and heavy legs, half submerged in a swamp, ready to charge"
415,Mbielu-mbielu-mbielu,,415,catálogo,Moderna y críptidos,criatura,cuadrupedo,L,poderoso,tierra,selva,variante,,0,5,Rompe sus placas dorsales para exponer el punto débil,"four-legged swamp beast with a row of tall flat bony plates along its back, small head with a beak-like mouth, thick spiked tail, brown-green scaly hide"
416,Kishi,,416 590,catálogo,África Occidental y Central,criatura,bipedo,M,engano,ninguno,llanura,variante,,0,5,"Cara humana delante, hiena detrás: el aviso falso viene de espaldas","tall figure in a plain wrap cloth with a calm human face in front and a second snarling hyena face on the back of its head, bristling mane and clawed hands"
417,Ogo,,417 614,catálogo,África Occidental y Central,generica,cuadrupedo,M,engano,tierra,desierto,variante,,1,5,Dudosa: ¿zorro pálido dogon (Ogo/Yurugu)? Confirmar antes de usar.,"slender pale sand-colored fox-like spirit on four long legs, narrow muzzle, large upright ears, hollow white eyes, thin dark claws, dust swirling around its body in dry savanna"
418,Bultungin,,418 583,catálogo,África Occidental y Central,criatura,bipedo,M,enjambre,ninguno,llanura,variante,,1,5,"Manada de personas-hiena: de día vecinos, de noche cazan en grupo","hyena-headed humanoid with a spotted tawny coat, bristling dark mane down the spine, long clawed hands, a leather belt and wrap cloth, muzzle snarling, standing hunched on two legs"
419,Mngwa,,419 611,catálogo,África Oriental y Austral,criatura,cuadrupedo,L,veloz,ninguno,selva,reskin,Jangsan Tiger,0,5,Salta desde la maleza y se retira; esquivar el segundo salto,"massive grey brindled cat the size of a donkey, heavy shoulders, thick banded fur, amber eyes, short rounded ears, stalking through coastal forest at dusk"
420,Aicha Kandicha,Aisha Qandisha,420 872,catálogo,Norte de África,criatura,bipedo,M,engano,agua,rio_lago,variante,,1,5,Seduce junto al agua; las pezuñas bajo el vestido delatan su engaño,"tall woman in a long dark robe with a pale shawl over her flowing black hair, glowing eyes, goat hooves peeking from the hem, silver bracelets, standing beside a spring"
421,Bouda,Bouda etíope,421 582 873,catálogo,África Oriental y Austral,criatura,bipedo,M,apoyo,sombra,montana,reskin,Bultungin,1,5,"Maldice con mal de ojo; tradición con estigma real, tratar con respeto","hyena-headed humanoid with a patchy grey-brown coat, bristling mane, long clawed hands, an iron ring around one arm, a clay-bead necklace and amulet cords, muzzle snarling, hunched on two legs"
423,Abatwa,,423,catálogo,África Oriental y Austral,criatura,bipedo,S,enjambre,ninguno,llanura,variante,,1,5,Arqueros diminutos en grupo; el corte de luna los barre juntos,"tiny fairy-like people no bigger than a thumb in leaf cloaks, carrying reed bows with tiny arrows, riding a large black ant through tall grass, big alert eyes"
424,Quetzalcóatl,,424,catálogo,Mesoamérica,deidad,serpentino,XL,distancia,viento,cielo,propio,,1,5,Dios del viento: mejor como PNJ sabio que como enemigo habitual,"colossal feathered serpent with emerald and turquoise plumage along its long coiling body, a crest of long green quetzal feathers, golden eyes, small wings, jade ornaments, rising among clouds"
425,Camazotz,Camazotz maya,425 433 898,catálogo,Mesoamérica,criatura,alado,M,veloz,sombra,inframundo,variante,,1,5,Murciélago de la muerte del Popol Vuh; cae en picado y se retira,"tall bat-headed humanoid with leathery black wings, large pointed ears, curved fangs, clawed fingers holding an obsidian-bladed spear, jade necklace, hanging upside down in a dark cave"
426,Cipactli,,426 901,catálogo,Mesoamérica,criatura,acuatico,XL,poderoso,agua,mar,propio,,1,5,Monstruo primordial: cada boca extra marca una fase del combate,"colossal primordial crocodile-fish monster with a spiked ridged back, extra snapping jaws at its joints, mottled green and ochre hide, glowing eyes, rising from a dark primeval sea"
427,Tlaltecuhtli,,427,catálogo,Mesoamérica,deidad,cuadrupedo,XL,gigante,tierra,subsuelo,propio,,1,5,Diosa-monstruo de la tierra: sus bocas en las articulaciones son puntos débiles,"colossal crouching toad-like earth monster with splayed limbs, extra fanged mouths at every joint, mossy brown-green hide, clawed hands and feet, a necklace of carved stone skulls"
428,Ahuizotl,Ahuízotl,428 922,catálogo,Mesoamérica,criatura,cuadrupedo,S,emboscador,agua,rio_lago,variante,,1,5,Su cola-mano agarra desde el agua; imita el llanto de un niño,"dog-sized creature with sleek wet black fur, small pointed ears, sharp teeth, monkey-like paws and a long tail ending in a grasping human-like hand, crouched at a lake shore"
429,Chaneque,,429,catálogo,Mesoamérica,criatura,bipedo,S,enjambre,tierra,selva,variante,,1,5,Guardianes del monte en grupo; asustan para llevarse el alma de los intrusos,"tiny child-sized forest guardians with bark-like skin, wide black eyes, pointed ears, leaf-woven tunics, carrying small clay pots and twig staffs, standing together in a group"
430,Alux,,430 897,catálogo,Mesoamérica,criatura,bipedo,S,engano,tierra,selva,variante,,1,5,Duendes de la milpa: bromas y piedras; el aviso falso no hace daño,"tiny knee-high imp made of clay with a pointed hat of woven leaves, bright glowing eyes, mischievous smile, holding a small bow, standing at the edge of a cornfield"
431,Xtabay,,431 916,catálogo,Mesoamérica,criatura,bipedo,M,engano,sombra,selva,variante,,1,5,Bajo la ceiba atrae con belleza falsa; su espalda de espinas delata el engaño.,"tall ghostly woman with floor-length black hair, pale grey skin and a long white embroidered gown, thorny bark-like growths and vines crawling up her back, standing beneath a giant ceiba tree"
432,Wayob,,432 921,catálogo,Mesoamérica,generica,bipedo,M,enjambre,sombra,selva,variante,,1,5,Clase de espíritus-animal de hechiceros mayas; relleno en grupos con pieles distintas.,"shape-shifting spirit caught mid-transformation, human torso with a spotted jaguar head, bat-wing ears, jade bead collar, glowing amber eyes, long curved claws, wisps of green mist curling around its legs"
434,Zipacná,Zipacna,434 919,catálogo,Mesoamérica,criatura,bipedo,XL,poderoso,tierra,montana,variante,,1,5,Gigante que levanta montañas; cae atraído por un cangrejo falso bajo una montaña.,"colossal giant whose body is layered grey rock and moss, boulder-like fists, a head shaped like a rough mountain peak, glowing orange eyes, small pine trees growing on his shoulders"
435,Vucub-Caquix,,435 920,catálogo,Mesoamérica,criatura,alado,L,gigante,luz,selva,propio,,1,5,Jefe vanidoso: sus dientes de gema y su mandíbula son los puntos débiles.,"giant macaw-headed bird lord with scarlet, blue and yellow feathers, a huge hooked beak full of gleaming gem-like teeth, silver and gold rings around his eyes, broad wings, jade collar"
436,Gukumatz,,436,catálogo,Mesoamérica,deidad,serpentino,XL,apoyo,viento,cielo,reskin,Quetzalcóatl,1,5,"Versión quiché de Quetzalcóatl; dios creador, apto como PNJ o jefe respetuoso.","colossal feathered serpent with sea-green and emerald quetzal plumes along its coiling body, turquoise and gold scales, a crest of long tail feathers, jade-green eyes, water spray swirling around its coils"
437,Itzam Cab Ain,,437 909,catálogo,Mesoamérica,criatura,acuatico,XL,gigante,tierra,pantano,variante,,1,5,Cocodrilo cósmico: sus heridas inundan la arena; hay que pelear sobre su lomo.,"colossal crocodile with a moss-covered earthen back sprouting small trees and stone slabs, jagged dark-green scales, huge toothy jaws, floodwater pouring from its mouth, amber slit eyes"
438,Cadejo,,438,catálogo,Mesoamérica,criatura,cuadrupedo,M,veloz,sombra,bosque,variante,,0,5,Base de los Cadejos blanco y negro; el aullido avisa y huye al amanecer.,"shaggy dog-like spirit the size of a calf, goat hooves, thick matted silver-grey fur, a long beard under the chin, glowing red eyes, pale mist around its paws on a moonlit road"
439,La Llorona,,439,catálogo,Mesoamérica,criatura,flotante,M,distancia,agua,rio_lago,variante,,0,5,Su lamento aturde de lejos; solo la postura serena de iaidō lo resiste.,"weeping ghostly woman in a long tattered white gown and veil, pale grey face with hollow dark eyes, long black hair dripping river water, floating above the water with trailing mist"
440,Chupacabras,,440,catálogo,Moderna y críptidos,criatura,bipedo,S,emboscador,sangre,llanura,variante,,0,5,Críptido de 1995 en Puerto Rico; ataca de noche al ganado y huye veloz.,"hunched reptilian creature about four feet tall, grey-green scaly skin, a row of sharp spines down its back, large red slanted eyes, long clawed fingers, fanged mouth, powerful hind legs"
441,Ciguapa,,441,catálogo,Sudamérica y Caribe,criatura,bipedo,M,engano,ninguno,montana,variante,,0,5,"Sus pies al revés engañan al rastreo; Akira debe leer el rastro, no seguirlo.","slender mountain spirit shaped like a woman with indigo-blue skin, floor-length black hair draped like a cloak, feet turned backwards, large dark eyes, standing at a moonlit cave mouth"
442,Siguanaba,,442,catálogo,Mesoamérica,criatura,bipedo,M,engano,sombra,rio_lago,variante,,0,5,"Bella de espaldas, rostro de caballo al girar; el aviso falso no hace daño.","ghostly woman in a long white dress seen from behind, long black hair, turning to reveal a horse-like skull face with long yellow teeth, wet clothes, standing in a shallow river"
443,Duende,,443,catálogo,Mesoamérica,criatura,bipedo,S,veloz,ninguno,bosque,variante,,0,5,De origen ibérico; en Centroamérica enreda crines y desorienta caminantes.,"tiny wizened sprite knee-high with a huge wide-brimmed straw hat, pointed ears, backward-turned feet, ragged brown clothes, long thin fingers, mischievous grin and glinting eyes"
444,Sisimite,,444 914,catálogo,Mesoamérica,criatura,bipedo,L,poderoso,ninguno,montana,variante,,0,5,Gigante peludo con pies al revés; base para los simios Skunk Ape y Yowie.,"huge shaggy ape-man covered in dark brown matted hair, broad shoulders, long arms nearly touching the ground, flat face with deep-set glowing eyes, feet turned backwards, standing at a mountain cave"
445,Cipitío,,445,catálogo,Mesoamérica,criatura,bipedo,S,distancia,tierra,ciudad_hogar,reskin,Duende,0,5,Niño eterno salvadoreño que lanza guijarros y ceniza; comparte cuerpo con el Duende.,"boy-sized sprite with a round potbelly, oversized straw hat shading his face, ash-grey skin, backward-turned bare feet, small hands full of pebbles, ash dusting his shoulders"
446,Cihuateteo,,446 902,catálogo,Mesoamérica,criatura,flotante,M,enjambre,sombra,llanura,variante,,1,5,Espíritus de mujeres muertas de parto; rondan encrucijadas al ocaso en grupo.,"pale spectral woman with chalk-white face and skull-like features, clawed hands raised, tattered woven skirt, tangled dark hair with a paper headband, hovering above the ground with mist trailing from her hem"
447,Tzitzimime,Tzitzimitl,447 915,catálogo,Mesoamérica,criatura,bipedo,L,poderoso,luz,cielo,variante,,1,5,"Estrellas-demonio: descienden en eclipses; aviso enorme, golpe imparable que se esquiva.","towering skeletal woman with a skull face and glowing star-points in her eye sockets, visible ribcage, skirt hung with small skulls and bones, long clawed fingers, night sky swirling behind her"
448,Xiuhcoatl,,448,catálogo,Mesoamérica,criatura,serpentino,L,distancia,fuego,montana,variante,,1,5,Arma ígnea de Huitzilopochtli; el fuego avisa en línea recta y se esquiva.,"long turquoise-scaled fire serpent with an upturned curling snout, blazing orange flames along its spine and tail, jagged crest, glowing amber eyes, mosaic-like scale pattern, sparks trailing behind"
449,Mapinguari,,449 936,catálogo,Sudamérica y Caribe,criatura,bipedo,L,poderoso,veneno,selva,variante,,1,5,Piel impenetrable; solo el ombligo es vulnerable y su hedor aturde.,"giant sloth-like beast standing on hind legs, shaggy rust-red fur, a single large eye in its forehead, a gaping toothy mouth on its belly, huge curved claws, armored hide patches"
450,Curupira,,450,catálogo,Sudamérica y Caribe,criatura,bipedo,S,engano,ninguno,selva,variante,,1,5,Guardián del bosque: sus pies al revés dejan rastros falsos que desvían a Akira.,"small forest spirit with bright flame-red hair, moss-green skin with leaf patterns, feet pointing backwards, wild grin, vines wrapped around the waist, standing among tall rainforest trees"
451,Boto,,451,catálogo,Sudamérica y Caribe,criatura,acuatico,M,engano,agua,rio_lago,variante,,1,5,Delfín rosado que de noche toma forma humana con sombrero; trato respetuoso.,"pink Amazon river dolphin with a long snout and rosy mottled skin, a white wide-brimmed hat covering its blowhole and a small white linen jacket, rising from dark river water"
452,Boitatá,,452 926,catálogo,Sudamérica y Caribe,criatura,serpentino,L,veloz,fuego,llanura,variante,,1,5,Serpiente de fuego guardiana de los campos; castiga a quien quema el monte.,"huge serpent whose body glows with orange-white flame, two enormous round luminous eyes like lanterns, translucent scales showing embers inside, trailing smoke and sparks across a night field"
453,Iara,,453 932,catálogo,Sudamérica y Caribe,criatura,acuatico,M,distancia,agua,rio_lago,variante,,1,5,"Su canto hechiza desde el agua; el aviso es la melodía, no el golpe.","river mermaid with long dark hair crowned with water lilies, iridescent blue-green scales covering her torso and tail, a shell necklace, mouth open in song above a calm river at dusk"
454,Cuca,,454,catálogo,Sudamérica y Caribe,criatura,bipedo,M,apoyo,sombra,ciudad_hogar,variante,,0,5,Bruja con cabeza de caimán que asusta a los niños; invoca y maldice a otros.,"old hag-like witch with an alligator head, scaly green snout with crooked teeth, tattered shawl and patchwork dress, long clawed hands, hunched back, carrying a cloth sack over her shoulder"
455,Lobizón,,455,catálogo,Sudamérica y Caribe,criatura,cuadrupedo,M,veloz,sombra,llanura,variante,,0,5,Séptimo hijo varón convertido en lobo los viernes de noche; rápido y esquivo.,"gaunt wolf-like beast on all fours with shaggy grey-black fur, long snout, glowing green eyes, ragged ears, powerful shoulders, clawed paws, standing in moonlit pampas grass"
456,Pombero,,456 939,catálogo,Sudamérica y Caribe,criatura,bipedo,S,emboscador,sombra,selva,variante,,1,5,Duende guaraní nocturno que silba; se apacigua con ofrendas de tabaco y miel.,"short stocky hairy man-spirit about waist-high, oversized hands and feet, shaggy dark fur covering his body, wide-brimmed straw hat, glowing eyes, holding a rolled tobacco leaf, crouched at a forest edge"
457,Luisón,,457 934,catálogo,Sudamérica y Caribe,criatura,cuadrupedo,M,emboscador,sombra,ruinas,reskin,Lobizón,1,5,"Hijo maldito guaraní asociado a la muerte; mismo cuerpo que el Lobizón, otra paleta.","emaciated wolf-like beast on all fours with ash-pale fur, exposed ribs, bone-white mask-like face, hollow glowing eyes, tattered burial cloth around its neck, prowling between old gravestones"
458,Teju Jagua,,458 942,catálogo,Sudamérica y Caribe,criatura,cuadrupedo,L,gigante,fuego,subsuelo,propio,,1,5,Siete cabezas de perro: cada una avisa distinto y se corta por separado.,"huge lizard-bodied beast with seven snarling dog heads on thick necks, rough mottled brown-green scales, glowing orange eyes, clawed lizard legs and a thick tail, cave mouth behind"
459,Mbói Tu'ĩ,Mboi Tu'i; Mboi Tu'i de la mitología guaraní,459 462 937 938,catálogo,Sudamérica y Caribe,criatura,serpentino,L,distancia,agua,pantano,variante,,1,5,Serpiente con cabeza de loro; su chillido es el aviso y protege los esteros.,"giant serpent with a bright red-and-green parrot head, hooked beak and forked tongue, thick coiling green scaly body marked with yellow bands, rising from marsh water"
460,Ao Ao,,460,catálogo,Sudamérica y Caribe,generica,cuadrupedo,M,enjambre,ninguno,selva,variante,,1,5,"Dudosa: bestia guaraní de manada; aspecto exacto sin confirmar, tomado como carnero feroz.","stocky pack beast with a thick coat of coarse dark wool, curved ram-like horns, powerful clawed paws, a long fanged snout and glowing yellow eyes, snarling in a moonlit forest"
461,Jasy Jatere,Yasy Yateré,461 945,catálogo,Sudamérica y Caribe,criatura,bipedo,S,engano,luz,bosque,variante,,1,5,Aparece en la siesta con su bastón de oro; su silbido hechiza.,"small blond forest dwarf with shoulder-length golden hair, a tattered straw hat, a glowing golden staff, mischievous smile, standing in a patch of midday sunlight among trees"
463,Chullachaqui,,463 930,catálogo,Sudamérica y Caribe,criatura,bipedo,M,engano,ninguno,selva,variante,,1,5,Imita a un conocido; se delata por un pie deforme: la copia falsa no daña.,"lean forest guardian with weathered bark-like skin, one normal bare foot and one twisted hoof-like foot, moss in his hair, green glowing eyes, vines wrapping his arms, among giant jungle trees"
464,Sachamama,,464 940,catálogo,Sudamérica y Caribe,criatura,serpentino,XL,gigante,tierra,selva,variante,,1,5,Boa colosal que parece un tronco cubierto de musgo; despierta al pisarla.,"colossal moss-covered anaconda-like serpent lying like a fallen log, bark-textured scales with ferns and small trees growing along its back, large hypnotic amber eyes, broad head"
465,Yacumama,,465 944,catálogo,Sudamérica y Caribe,criatura,serpentino,XL,distancia,agua,rio_lago,reskin,Sachamama,1,5,Hermana acuática de la Sachamama; su aliento arrastra todo hacia el remolino.,"colossal anaconda-like serpent with blue-black scales and a silvery belly, broad flat head with pale glowing eyes, dripping river weeds, a swirling whirlpool around its coils on a dark jungle lake"
466,Runamula,,466,catálogo,Sudamérica y Caribe,criatura,cuadrupedo,M,veloz,fuego,ciudad_hogar,variante,,0,5,Mula de fuego de las leyendas andinas; galopa rápido y las campanillas avisan.,"black mule breathing flames, glowing red eyes, mane of embers, broken bridle with jingling silver bells, hooves leaving burning prints, a faint pale woman's face in the smoke"
467,Pishtaco,,467,catálogo,Sudamérica y Caribe,criatura,bipedo,M,emboscador,sombra,montana,variante,,1,5,"Coco andino con raíces coloniales; tratar con cuidado, sin caricaturas étnicas.","gaunt tall figure in a long dark cloak and wide-brimmed hat, face hidden in shadow, long thin fingers holding a curved knife and a clay jar, lurking on a mountain trail"
468,Supay,,468 941,catálogo,Sudamérica y Caribe,deidad,bipedo,L,apoyo,sombra,inframundo,variante,,1,5,Señor del inframundo andino; los mineros aún lo veneran: PNJ o jefe respetuoso.,"gaunt underworld lord in a dark woven poncho and a tall crown of black stone shards, ash-grey skin, glowing red eyes, holding a flickering miner's lamp in a lightless stone tunnel"
469,Amaru,,469,catálogo,Sudamérica y Caribe,criatura,serpentino,L,poderoso,agua,montana,propio,,1,5,Dragón-serpiente andino de varios animales; ataca con sus dos cabezas alternando.,"two-headed winged serpent with a llama-like head at one end and a fox-like fanged head at the other, shimmering fish scales, condor wings, long coiling body, glacial lake mist"
470,Anchanchu,,470,catálogo,Sudamérica y Caribe,generica,bipedo,S,apoyo,sombra,subsuelo,variante,,1,5,"Dudosa: espíritu andino maligno de cuevas, probablemente un duende; aspecto sin confirmar.","small hunched goblin-like mountain spirit with wrinkled grey skin, oversized head, long white beard, glowing pale eyes, gnarled hands, wrapped in a tattered cloak, crouching at a dark cave mouth"
471,Ccoa,,471 929,catálogo,Sudamérica y Caribe,criatura,cuadrupedo,M,distancia,hielo,montana,variante,,1,5,Gato de tormenta andino: sus ojos lanzan rayos y trae granizo.,"spotted grey mountain cat with luminous green eyes that flash lightning, frost-coated whiskers, hail pellets swirling around its shoulders, long tufted tail, perched on a cold rocky peak"
472,Madre de aguas,Madre de Agua,472 935,catálogo,Sudamérica y Caribe,generica,acuatico,M,apoyo,agua,rio_lago,reskin,Iara,1,5,Categoría de espíritus de río; relleno que protege el agua y maldice a intrusos.,"river guardian spirit with long flowing hair of green water weeds, pale blue-grey skin, a fish-like tail, eyes glowing like moonlit water, surrounded by lily pads and gentle whirlpools"
473,Caipora,,473 927,catálogo,Sudamérica y Caribe,criatura,bipedo,S,apoyo,ninguno,selva,reskin,Curupira,1,5,Guardián de los animales; cabalga un pecarí y exige tabaco a los cazadores.,"small shaggy forest sprite with leaf-green markings riding a white-lipped peccary, holding a twisted vine staff, wild red hair, glowing eyes, surrounded by jungle foliage"
474,Wendigo,,474 970,catálogo,Norteamérica indígena,criatura,bipedo,L,poderoso,hielo,nieve,variante,,1,5,"Espíritu del hambre y el invierno; tratar con respeto, sin burla ni canibalismo gráfico.","gaunt towering humanoid with emaciated grey skin stretched over bones, antlered skull-like head, sunken glowing eyes, long clawed fingers, frost clinging to ragged fur, standing in snowy pines"
475,Thunderbird,,475,catálogo,Norteamérica indígena,criatura,alado,XL,distancia,rayo,cielo,variante,,1,5,Ser del trueno sagrado para varios pueblos; mejor aliado o jefe tratado con respeto.,"enormous raptor-like bird with a lake-wide wingspan, dark storm-blue and white feathers, glowing yellow eyes, a sharp hooked beak, crackling arcs of lightning between its wing feathers, black storm clouds"
476,Uktena,,476,catálogo,Norteamérica indígena,criatura,serpentino,L,gigante,veneno,montana,variante,,1,5,Serpiente cherokee: solo cae al golpearla en el séptimo punto; su mirada hechiza.,"huge horned serpent with iridescent scales marked by seven dark spots, branching antlers, a glittering crystal set in its forehead, rattlesnake-like tail, coiled in a mountain pool"
477,Piasa Bird,Piasa,477 963,catálogo,Norteamérica indígena,criatura,alado,L,emboscador,viento,montana,propio,,1,5,Baja del acantilado en picado; leyenda muy novelada en el siglo XIX.,"dragon-like beast with deer antlers, red eyes, a bearded cat-like face with human features, green-black scaly body, bat-like wings and a long tail ending in a fish fin, wound around its body"
478,Mishipeshu,,478 960,catálogo,Norteamérica indígena,criatura,cuadrupedo,L,emboscador,agua,rio_lago,variante,,1,5,Gran lince acuático anishinaabe; guarda el cobre y vuelca canoas desde las profundidades.,"huge lynx-like water cat with copper-green scales along its back and tail, a row of spiky dorsal spines, small curved horns, long serpentine tail, glowing amber eyes, emerging from a dark lake"
479,Underwater Panther,,479 969,catálogo,Norteamérica indígena,criatura,cuadrupedo,L,distancia,agua,rio_lago,reskin,Mishipeshu,1,5,Mismo ser que Mishipeshu con nombre general; invoca oleaje y tormenta a distancia.,"dark blue-black panther-like beast with small curved horns, copper-colored claws and mane, spiked back, long serpent tail, glowing white eyes, half-submerged in swirling lake water"
480,Horned Serpent,,480 958,catálogo,Norteamérica indígena,criatura,serpentino,L,poderoso,agua,rio_lago,reskin,Uktena,1,5,"Motivo común a muchos pueblos; cuerpo compartido con la Uktena, otra paleta.","large river serpent with a pair of branching antlers, dark olive-green and copper scales, pale belly, long thin tail, golden eyes, rising from a murky river"
481,Stonecoat,,481 968,catálogo,Norteamérica indígena,criatura,bipedo,L,gigante,tierra,montana,variante,,1,5,Gigante de coraza pétrea: cada placa se rompe con un corte preciso.,"towering humanoid giant armored in rough grey flint plates like a stone coat, hulking shoulders, heavy brow, glowing pale eyes, boulder-like fists, standing among rocky crags"
482,Chenoo,,482 952,catálogo,Norteamérica indígena,criatura,bipedo,L,gigante,hielo,nieve,reskin,Wendigo,1,5,Versión micmac del Wendigo: gigante de hielo; su corazón helado es el punto débil.,"gaunt towering ice giant with pale blue skin cracked like frozen ground, frost crystals on its shoulders, a heart of ice glowing in its chest, tattered white fur, long icicle claws"
483,Deer Woman,,483 955,catálogo,Norteamérica indígena,criatura,bipedo,M,engano,ninguno,bosque,variante,,1,5,"Hoy simboliza justicia por mujeres indígenas; tratar con respeto, nunca como villana gratuita.","graceful spirit shaped like a woman with deer legs ending in hooves, long dark hair threaded with leaves, small antler-like twigs on her brow, a flowing woven dress, amber eyes"
484,Flying Head,,484 956,catálogo,Norteamérica indígena,criatura,flotante,M,veloz,viento,bosque,variante,,1,5,Cabeza voladora iroquesa; embiste en picado y se retira; aviso corto.,"huge disembodied head with wild streaming grey hair, hollow glowing eyes, a wide fanged mouth, small clawed hands growing from its jaw, floating above a night forest"
485,Gowrow,,485,catálogo,Australia y Oceanía,generica,cuadrupedo,L,poderoso,ninguno,desierto,variante,,0,5,Dudosa: bestia del folclore australiano de aspecto incierto; se asume lagarto gigante.,"large lizard-like beast with a heavy scaly body, broad head with powerful fanged jaws, thick clawed limbs, dust-brown ridged hide, standing in dry scrubland"
486,Jackalope,,486,catálogo,Moderna y críptidos,criatura,cuadrupedo,S,veloz,ninguno,llanura,variante,,0,5,"Broma de taxidermista de Wyoming (años treinta); veloz y esquivo, imita voces humanas.","oversized jackrabbit with long ears and a pair of small antelope-like horns, tawny brown fur, white belly, alert dark eyes, powerful hind legs ready to bound across prairie grass"
487,Skunk Ape,,487,catálogo,Moderna y críptidos,criatura,bipedo,M,distancia,veneno,pantano,reskin,Sisimite,0,5,Simio de los pantanos de Florida; su hedor es un área de veneno.,"tall shaggy ape-man covered in matted reddish-brown fur, broad shoulders, long arms, flat dark face with glowing eyes, faint green fumes rising from its coat, wading through a swamp"
488,Bunyip,,488 973,catálogo,Australia y Oceanía,criatura,acuatico,L,emboscador,agua,pantano,variante,,1,5,Monstruo aborigen de pantanos con descripciones muy variadas; emerge del agua y arrastra.,"large amphibious beast with a shaggy dark seal-like body, dog-like head with walrus tusks, flipper-like limbs, horse-like tail, glowing eyes, emerging from a swamp billabong at night"
489,Yara-ma-yha-who,,489 995,catálogo,Australia y Oceanía,criatura,bipedo,S,emboscador,sangre,bosque,variante,,1,5,Diablillo carmesí de las higueras: se deja caer sobre el viandante desde arriba.,"small bright-crimson imp about one meter tall with an oversized head, a huge toothless mouth, suction-cup fingertips and toes, hanging upside-down from a fig tree branch"
490,Muldjewangk,,490,catálogo,Australia y Oceanía,generica,acuatico,M,poderoso,agua,rio_lago,variante,Bunyip,1,5,Dudosa: ser acuático ngarrindjeri parecido al Bunyip; forma exacta sin confirmar.,"hairy merman-like water monster with a long fish tail, webbed clawed hands, a fanged face framed by tangled river-weed hair, murky green scales, rising from a wide lake"
491,Yowie,,491,catálogo,Australia y Oceanía,criatura,bipedo,L,emboscador,ninguno,bosque,reskin,Sisimite,1,5,Hombre-simio del monte australiano; mismo cuerpo que el Sisimite con otra paleta.,"tall shaggy ape-man covered in coarse grey-brown fur, heavy brow, deep-set glowing eyes, broad shoulders, long arms, large leathery hands, standing among eucalyptus trees at dusk"
492,Rainbow Serpent,,492,catálogo,Australia y Oceanía,deidad,serpentino,XL,apoyo,agua,rio_lago,variante,,2,5,"Ser creador sagrado de pueblos aborígenes: solo lore o PNJ, jamás enemigo.","enormous serpent whose scales shimmer in every color of the rainbow, arching over a waterhole like a rainbow, calm wise eyes, coiling through red desert rocks and clouds"
493,Tiddalik,,493,catálogo,Australia y Oceanía,criatura,acuatico,XL,gigante,agua,pantano,variante,,1,5,Rana que bebió toda el agua; hacerla reír la obliga a devolverla.,"colossal bloated green-brown frog with a swollen belly full of water, wide mouth, bulging golden eyes, warty skin dripping, squatting in a dried-up lake bed"
494,Taniwha,,494 990,catálogo,Australia y Oceanía,criatura,serpentino,L,poderoso,agua,rio_lago,variante,,1,5,"Guardián de ríos y cuevas maorí; no todos son hostiles, usar con respeto.","long-bodied river dragon with sleek dark green-grey scales, a ridge of spine plates, a broad flat head with tusk-like teeth, glowing pale eyes, rising from a deep river pool"
495,Te Wheke,,495 991,catálogo,Australia y Oceanía,criatura,acuatico,XL,gigante,agua,mar,reskin,Kraken,1,5,Pulpo gigante que Kupe persiguió por el mar; mismo cuerpo que el Kraken.,"colossal octopus with deep red-purple skin, eight thick tentacles lined with suckers lifting a towering wave, huge glowing eyes, a hooked beak, rising from a stormy sea"
496,Patupaiarehe,,496 987,catálogo,Australia y Oceanía,criatura,bipedo,M,engano,viento,montana,variante,,1,5,Seres de la niebla que huyen del sol y del fuego; su flauta desorienta.,"slender ethereal forest spirit with pale shimmering skin and long red-gold hair, grey-white cloak woven from mist, a bone flute at its lips, standing in misty ferns on a mountain ridge"
497,Adaro,,497 971,catálogo,Australia y Oceanía,criatura,acuatico,M,distancia,agua,mar,variante,,1,5,Hombre-pez malévolo de las islas Salomón; se dice que viaja por arcoíris.,"merman with grey-blue skin, gill slits along the neck, a shark-like tail and dorsal fin, sharp teeth, a long barbed spear, riding a shimmering rainbow ray above the waves"
498,Moʻo,,498 983,catálogo,Australia y Oceanía,criatura,acuatico,L,apoyo,agua,rio_lago,variante,,1,5,"Lagarto guardián de manantiales hawaiano; algunos son ancestros venerados, tratar con respeto.","giant water lizard with glossy dark-green scales, a ridged back, long tail, a wide crocodilian head with golden eyes, claws gripping the edge of a spring pool, ferns around"
501,Alicanto,,501,catálogo,Sudamérica y Caribe,criatura,alado,S,engano,luz,desierto,variante,,0,5,Ave de Atacama: su luz de oro y plata guía o pierde al minero.,"large nocturnal bird with a plump body, wings shimmering with gold and silver metallic light, a bright curved beak, strong running legs, racing across dark desert rocks leaving a luminous trail"
511,Glawackus,,511,catálogo,Moderna y críptidos,generica,cuadrupedo,M,veloz,sombra,bosque,variante,,0,5,Dudosa: críptido estadounidense de aspecto incierto; se asume gran felino-lobo oscuro.,"large shaggy beast, a cross between a wolf and a big cat, dark fur streaked with grey, glowing yellow eyes, thick tail, powerful paws, lurking among autumn woods"
563,Jenny Haniver,,563,catálogo,Moderna y críptidos,no_criatura,acuatico,S,veloz,agua,mar,variante,,0,5,No es criatura: raya disecada y retocada que se vendía como demonio o sirena.,
578,Abada,,578,catálogo,África Occidental y Central,generica,cuadrupedo,M,veloz,ninguno,selva,variante,,0,5,Dudosa: fuentes coloniales poco claras; unicornio pequeño según el catálogo.,"small unicorn-like beast with a stocky antelope-like body, tan coat, a single short straight horn on the forehead, sturdy legs and alert dark eyes"
579,Aigamuxa,,579,catálogo,África Oriental y Austral,criatura,bipedo,L,emboscador,tierra,desierto,propio,,0,5,"Khoikhoi: ojos en los pies; debe levantar el pie para ver, ahí queda abierto.","tall gaunt desert ogre with sand-colored skin and long limbs, a large staring eye on the instep of each foot, a wide toothy mouth, crouching low to raise one foot like a lantern"
580,Aziza,,580,catálogo,África Occidental y Central,criatura,bipedo,S,apoyo,luz,selva,variante,,1,5,Hadas fon del bosque que ayudan a humanos; encajan como PNJ o apoyo.,"tiny forest sprite with glowing amber skin, big leaf-shaped ears, a crown of small red flowers, a bark-colored tunic, a spark of fire in cupped hands and a gourd of herbs"
581,Bida,,581,catálogo,África Occidental y Central,criatura,serpentino,XL,gigante,agua,subsuelo,propio,,1,5,Serpiente guardiana de Wagadu; algunas versiones le dan siete cabezas.,"gigantic black serpent rising from a deep well with seven crowned heads, glowing golden eyes, gold-flecked scales and coils glistening like wet obsidian"
584,Dodo,,584,catálogo,África Occidental y Central,generica,cuadrupedo,M,poderoso,ninguno,selva,variante,,0,5,"Dudosa: quizá el «dodo» hausa, monstruo genérico para asustar niños.","shadowy hulking beast with dark shaggy fur, long curved claws, glowing yellow eyes, a heavy hunched back and a mouth full of uneven teeth, emerging from tall grass"
585,Egbere,,585,catálogo,África Occidental y Central,generica,bipedo,S,emboscador,tierra,selva,variante,,1,5,Dudosa: espíritu del bosque yoruba; el objeto que porta no lo conozco.,"small wiry forest spirit with dark bark-like skin, a wild crown of leaves, long fingers, bright white eyes, carrying a carved wooden staff and a woven gourd"
587,Ewe spirit of the river,,587,catálogo,África Occidental y Central,generica,bipedo,M,apoyo,agua,rio_lago,variante,,1,5,"Categoría ewe, no una criatura única; relleno de ríos. Tratar con respeto.","tall river spirit shaped from flowing clear water in a vaguely human form, glowing white eyes, hair of trailing reeds, pearly shell ornaments and ripples spreading from its feet"
588,Gbahali,,588,catálogo,África Occidental y Central,generica,acuatico,L,poderoso,agua,rio_lago,variante,,0,5,"Dudosa: bestia fluvial liberiana, sin detalles fiables; diseño genérico de río.","huge river beast with a broad armored back of dark green scales, a wide blunt snout with thick tusks, powerful webbed legs and small glowing eyes just above the waterline"
593,Mmoatia,,593,catálogo,África Occidental y Central,criatura,bipedo,S,enjambre,tierra,selva,variante,,1,5,Duendes akan de pies al revés; grupos que lanzan piedras y huyen.,"tiny forest dwarf with bark-textured brown skin, big pointed ears, feet turned backwards, a cloak of leaves, a pouch of herbs and a small stone ready to throw"
600,Abaangui,,600,catálogo,África Oriental y Austral,generica,flotante,M,engano,ninguno,selva,variante,,1,5,"Dudosa: no la reconozco; figura sobrenatural africana genérica, a confirmar con fuentes.","slender shadowy spirit with long limbs, smooth dark grey skin, a pale mask-like face with narrow glowing eyes, wrapped in drifting wisps of mist and carrying a gnarled staff"
601,Aitvaras africano,,601,catálogo,África Oriental y Austral,generica,alado,S,veloz,fuego,llanura,reskin,Aitvaras,0,5,Comparativo sin tradición africana: es el Aitvaras báltico con paleta de sabana.,"small rooster-like creature with a long serpentine tail of golden embers, sandy-red feathers, short scaled wings, glowing amber eyes and a copper ring around its neck"
602,Azande sorcerer spirit,,602,catálogo,África Occidental y Central,generica,flotante,M,apoyo,sombra,selva,variante,,1,5,Categoría de brujería azande; evitar caricaturas de la hechicería africana.,"gaunt shadowy sorcerer spirit with a tall hooded silhouette of smoke-grey cloth, glowing amber eyes, long thin fingers trailing sparks, and wisps of dark vapor instead of feet"
603,Bokwe,,603,catálogo,África Occidental y Central,generica,bipedo,M,emboscador,tierra,selva,variante,,1,5,"Dudosa: no la reconozco; espíritu centroafricano genérico, a confirmar con fuentes.","squat earth spirit with a rounded clay-brown body cracked like dry mud, long dangling arms, small bright eyes, a wide silent mouth and dust rising from its shoulders"
604,Chitapo,,604,catálogo,África Oriental y Austral,generica,bipedo,M,poderoso,ninguno,llanura,variante,,1,5,"Dudosa: no la reconozco; figura austral genérica, a confirmar con fuentes.","broad-shouldered spirit brute with ash-grey skin, a heavy brow, short horns of twisted bark, large hands and a long cloak of dry grass, walking with slow heavy steps"
605,Chiruwi,,605,catálogo,África Oriental y Austral,generica,bipedo,M,engano,ninguno,bosque,variante,,1,5,"Dudosa: no la reconozco; ser de lugares salvajes, posiblemente malgache.","lanky wild-haired forest being with shaggy dark fur, long arms, a pale narrow face with glowing eyes and clawed fingers, half hidden among tall tangled roots"
606,Dingonek,,606,catálogo,Moderna y críptidos,criatura,acuatico,L,emboscador,agua,rio_lago,propio,,0,5,"Críptido de Kenia: híbrido de leopardo, morsa y reptil; vuelca canoas desde el río.","river beast the size of a rhinoceros with a spotted leopard-like head, two long curved walrus tusks, armored overlapping scales along the back and a broad lobed tail"
607,Galla monster,,607,catálogo,Moderna y críptidos,generica,cuadrupedo,L,emboscador,ninguno,llanura,variante,,1,5,Dudosa: «Galla» es exónimo antiguo (oromo); relato colonial sin criatura definida.,"huge shaggy savanna beast with a low heavy body, mottled sandy-grey hide, a broad flat head with small dark eyes, thick legs and a ridge of coarse hair along its back"
612,Nandi Bear,,612,catálogo,Moderna y críptidos,criatura,cuadrupedo,L,poderoso,ninguno,bosque,variante,,0,5,"Críptido de Kenia, ligado al chemosit nandi; golpes lentos y potentes.","heavy bear-hyena beast with a sloping back, shaggy reddish-brown fur, long powerful forelimbs with large claws, a broad blunt head, small round ears and a short stubby tail"
613,Olitiau,,613,catálogo,Moderna y críptidos,criatura,alado,L,veloz,viento,selva,variante,,0,5,"Críptido de Camerún, no del este: pasa rasante y vuelve por la espalda.","giant black bat-like flier with twelve-foot leathery wings, a pointed muzzle with sharp white teeth, long clawed wing-fingers, a narrow body and a thin whip-like tail"
615,Rompo,,615,catálogo,África Oriental y Austral,generica,cuadrupedo,M,veloz,ninguno,llanura,variante,,0,5,Dudosa: carroñero híbrido según el catálogo; no conozco fuentes fiables.,"scavenger hybrid with a hyena-like body, patchy spotted grey fur, a long bald vulture-like neck and hooked head, strong forelegs, a drooping tail and pale watchful eyes"
616,Shetani,,616,catálogo,África Oriental y Austral,generica,flotante,M,engano,fuego,ciudad_hogar,variante,,1,5,«Shetani» (de shaytan) es término suajili amplio; relleno de espíritus malignos.,"tall thin spirit with elongated limbs that look like twisted charred wood, glowing yellow eyes, a body of curling dark smoke and a faint swirling silhouette instead of legs"
617,Sisiutl africano,,617,catálogo,África Oriental y Austral,generica,serpentino,L,poderoso,veneno,rio_lago,variante,,1,5,Comparativo sin tradición africana; no copiar el Sisiutl sagrado kwakwaka'wakw.,"two-headed serpent with sandy-brown and olive scales, a head at each end, crested brows, forked tongues, and a thick muscular body coiled around a river rock"
619,Trickster hare,,619,catálogo,África Oriental y Austral,generica,cuadrupedo,S,engano,ninguno,llanura,variante,,0,5,"Embaucador de cuentos bantúes (Kalulu, Sungura); deja señuelos que no dañan.","clever oversized hare with sleek sandy-brown fur, very long ears, powerful hind legs, a sly grin and bright eyes, a small gourd hanging from a cord around its neck"
620,Wagyl,,620,catálogo,Australia y Oceanía,deidad,serpentino,XL,apoyo,agua,rio_lago,variante,Rainbow Serpent,2,5,"Serpiente ancestral noongar creadora de ríos: solo lore o PNJ, nunca enemigo.","immense rainbow-banded serpent coiled along a winding river, scales shimmering from deep violet to gold and green, a gentle wide head with calm glowing eyes, water flowing from its coils"
621,Wanyama wa usiku,,621,catálogo,África Oriental y Austral,generica,cuadrupedo,M,enjambre,sombra,llanura,variante,,1,5,Significa «animales de la noche» en suajili: categoría; manadas de 4 a 8.,"sleek nocturnal beast with a dark grey coat, long limbs, large reflective amber eyes, pointed ears and a low prowling posture, faint moonlit mist swirling around its paws"
622,Water spirit of the Zambezi,,622,catálogo,África Oriental y Austral,generica,flotante,L,distancia,agua,rio_lago,variante,,1,5,Categoría del Zambeze; relleno acuático. Tratar con respeto a tradiciones locales.,"towering column of river water shaped like a vague hooded figure, glowing pale blue eyes, spray and foam streaming from its arms, with fish scales and driftwood caught in its body"
623,Zinacantán night spirit,,623,catálogo,Mesoamérica,generica,flotante,M,engano,sombra,montana,variante,,1,5,"Dudosa: requiere verificación; Zinacantán es un municipio maya de Chiapas, no África.","night spirit of a mountain village, a tall shadowy figure with a pale mask-like face and two dim glowing eyes, wrapped in a dark cloak of drifting mist and moths"
723,Ahool,,723,catálogo,Moderna y críptidos,criatura,alado,M,veloz,viento,selva,variante,,0,5,Críptido javanés (1925); el catálogo erra al decir «acuática».,"giant bat-like beast with a monkey-like body covered in grey-brown fur, huge leathery wings, large dark round eyes, a flat face with small fangs and long clawed hands"
735,Marabunta spirit,,735,catálogo,Sudamérica y Caribe,generica,artropodo,S,enjambre,ninguno,selva,variante,,0,5,"Dudosa: «marabunta» es término americano de hormigas legionarias, no asiático; enjambre genérico.","swarm of glossy black and rust-red army ants clustering into a rough humanoid shape, mandibles raised, a stream of ants trailing across jungle leaves"
799,Leviathan,,799,catálogo,Hebrea y Levante,criatura,serpentino,XL,gigante,agua,mar,propio,,1,5,Monstruo del caos marino; jefe final por tramos del cuerpo,"colossal sea dragon with a long coiling body covered in overlapping dark blue-green scales like shields, a spiny back ridge, glowing golden eyes and jaws exhaling steam and spray, rising from stormy water"
879,Mimoun,,879,catálogo,Norte de África,generica,flotante,M,distancia,fuego,ciudad_hogar,variante,,1,5,"Dudosa: quizá Sidi Mimoun, genio gnawa marroquí; verificar","tall smoke-bodied spirit in a hooded indigo cloak, glowing amber eyes, a ring of copper bells at the waist, and a trailing tail of dark smoke instead of legs"
880,Oued spirit,,880,catálogo,Norte de África,generica,flotante,M,distancia,agua,desierto,variante,,0,5,Categoría genérica; lanza crecidas desde el cauce seco,"tall humanoid figure made of swirling muddy water and pale sand, hollow glowing turquoise eyes, long dripping arms, and a trailing skirt of flowing silt instead of legs"
882,Ras al-hanout spirit,,882,catálogo,Norte de África,generica,flotante,S,distancia,fuego,ciudad_hogar,variante,,0,5,Dudosa: invento moderno; ras el hanout es una mezcla de especias,"small whirling spirit shaped like a clay pot with a stopper hat, swirling red-orange spice smoke, glowing amber eyes, tiny hands, and a trail of sparkling saffron dust"
883,Sidi spirit,,883,catálogo,Norte de África,generica,flotante,M,apoyo,luz,ciudad_hogar,variante,,2,5,"Santos venerados: solo lore o PNJ, nunca enemigo","hooded figure of glowing white mist with no visible face, holding a hanging lantern on a staff, standing beside a small white domed shrine, soft gold light spilling from its sleeves"
886,Zar spirit,,886,catálogo,África Oriental y Austral,generica,flotante,M,engano,viento,ciudad_hogar,variante,,1,5,"Culto de posesión vivo; tratar con respeto, sin burla","swirling spirit with a hazy human shape in layered red and orange robes made of mist, a smooth faceless head, and jangling bells hanging from drifting hands"
887,Bori spirit,,887,catálogo,África Occidental y Central,generica,flotante,M,apoyo,tierra,llanura,reskin,Zar spirit,1,5,Culto hausa vivo; posee a otros enemigos y los refuerza,"hazy human-shaped spirit of red-brown dust and wind in long tattered ribbons, a smooth gourd-shaped head with glowing white eyes, rattles of dried seed pods hanging from its hands"
888,Dodo spirit of Sudan,,888,catálogo,África Occidental y Central,generica,bipedo,M,poderoso,sombra,llanura,variante,,0,5,Dudosa: el dodo hausa es un coco infantil; origen sudanés no verificado,"tall shaggy bogeyman covered in dry grass and matted dark fur, long dangling arms, round white glowing eyes, crooked fangs, hunched over with huge hands"
889,Gargoyle of Maghreb,,889,catálogo,Norte de África,generica,alado,M,veloz,tierra,ciudad_hogar,variante,,0,5,"Genérico: la gárgola es europea; aquí, piedra viva que acecha desde tejados","crouching winged stone beast with a lion-like face, short horns, bat-like wings, clawed hands gripping a ledge, sandstone-colored body with cracks and desert dust"
890,Harpy of Ethiopia,,890,catálogo,África Oriental y Austral,generica,alado,S,enjambre,viento,cielo,variante,,0,5,"Categoría comparativa, no son harpías griegas; vuelan en bandadas","small winged bird-woman spirit with ragged rust-brown feathers, a thin beak-like face, sharp curved talons, tattered wings spread wide, and dark glittering eyes"
891,Lion guardian of Kush,,891,catálogo,Norte de África,generica,cuadrupedo,L,poderoso,luz,desierto,variante,,0,5,Centinela inmóvil hasta que Akira entra en su zona,"large golden lion with a thick mane braided with gold rings, sandstone-colored fur with turquoise inlays, a carved collar, calm glowing amber eyes, and scarred paws"
893,Sphinx of Kush,,893,catálogo,Norte de África,criatura,cuadrupedo,L,engano,tierra,desierto,variante,Lion guardian of Kush,0,5,Acertijos: el aviso falso no daña; deriva del león guardián,"lion-bodied sphinx with a calm stone-like face under a gold-and-turquoise headdress with curled ram horns, sandstone-colored paws, a long tail tipped with gold, and bright amber eyes"
894,Water horse of North Africa,,894,catálogo,Norte de África,generica,cuadrupedo,M,veloz,agua,rio_lago,variante,,0,5,Dudosa: sin fuente regional; caballo acuático genérico tipo kelpie,"sleek black horse with a dripping mane of green river weeds, webbed hooves, fish-like fins along its legs, pale glowing eyes, and wet reeds tangled across its glossy body"
895,Wind spirit of the Sahara,,895,catálogo,Norte de África,generica,flotante,L,distancia,viento,desierto,variante,,0,5,Categoría amplia; tormenta de arena que ciega a distancia,"swirling column of sand shaped like a tall robed figure, amber glowing eyes in a hollow face, long streaming scarves of dust, glittering grains orbiting its arms"
896,Desert ogre,,896,catálogo,Norte de África,generica,bipedo,L,poderoso,tierra,desierto,variante,,0,5,Ogro de cuentos saharianos; golpes lentos que se esquivan,"hulking ogre with sand-gray skin, a tusked jaw, small red eyes, a patched goatskin cloak, huge hands gripping a club of knotted acacia wood, sand-dusted shaggy hair"
899,Cadejo blanco,,899,catálogo,Mesoamérica,criatura,cuadrupedo,M,apoyo,luz,llanura,variante,,0,5,Protege a quien camina de noche; escudo para aliados,"large shaggy white dog with a goat-like beard, small cloven hooves, glowing pale-blue eyes, a calm noble face, and a soft halo of light around its shoulders"
900,Cadejo negro,,900,catálogo,Mesoamérica,criatura,cuadrupedo,M,emboscador,sombra,llanura,reskin,Cadejo blanco,0,5,Hermano oscuro del Cadejo blanco; acecha en los caminos,"large shaggy black dog with a goat-like beard, cloven hooves, burning red eyes, wisps of smoke curling from its fur, and rusty chains dangling from its neck"
903,Coatlicue serpent,,903,catálogo,Mesoamérica,deidad,bipedo,XL,gigante,tierra,montana,propio,,1,5,"Diosa mexica: usar con respeto, mejor PNJ o jefe ceremonial","towering stone-skinned goddess with two serpent heads facing each other for a face, a skirt of woven rattlesnakes, a necklace of carved stone hands, and heavy clawed feet"
904,Coyolxauhqui moon monster,,904,catálogo,Mesoamérica,deidad,flotante,L,gigante,luz,cielo,propio,,1,5,Cada parte flotante es un punto débil; tratar con respeto,"moon goddess whose pale stone-like body floats apart in glowing pieces, head, torso and limbs ringed by golden bells, a serpent belt coiling between the parts, silver moonlit skin"
905,Huay Chivo,Huay Chivo de Yucatán,905 907,catálogo,Mesoamérica,criatura,bipedo,M,emboscador,sombra,selva,variante,,1,5,Brujo maya transformado; sus ojos rojos avisan el ataque,"tall hairy goat-man with curved black horns, glowing red eyes, a long shaggy dark coat, hooved legs and clawed hands, standing upright on a jungle path"
906,Huay Pek,,906,catálogo,Mesoamérica,criatura,cuadrupedo,M,veloz,sombra,selva,reskin,Duat jackal,1,5,Brujo maya con forma de perro; rápido y esquivo,"lean ghostly hound with ash-gray patchy fur, visible ribs, glowing orange eyes, a long narrow snout, clawed paws, and pale smoke trailing from its mouth"
908,Ixtab's dead,,908,catálogo,Mesoamérica,generica,flotante,M,apoyo,luz,selva,variante,,1,5,"Tema de suicidio: tratar con cuidado, nunca mostrar el acto","pale translucent spirit of a woman in a long faded white dress, hair floating upward, ceiba roots curling around her feet, soft green light glowing in her calm eyes"
910,Kisin,,910,catálogo,Mesoamérica,deidad,bipedo,M,poderoso,tierra,inframundo,variante,,1,5,Dios maya de la muerte y los temblores; con respeto,"gaunt skeletal death lord in a tattered cloak, bone-white skull face with jade teeth, a rope of yellowed bones around his neck, clouds of foul green mist at his feet"
911,Nahual,Nagual jaguar,911 912,catálogo,Mesoamérica,criatura,bipedo,M,engano,sombra,selva,variante,,1,5,Cambia de forma; el aviso falso no hace daño,"shapeshifter, half human and half jaguar, with a spotted golden jaguar head, a human torso wrapped in a dark jaguar pelt, clawed hands, and glowing yellow eyes"
913,Pukuj,,913,catálogo,Mesoamérica,generica,bipedo,M,distancia,sombra,selva,variante,,1,5,Dudosa: espíritu maligno maya mal documentado; diseño provisional,"dark spindly humanoid with a pale mask-like face, sunken glowing eyes, long clawed fingers, and a tattered cloak of drifting shadow that hides its legs"
917,Xolotl dog,,917,catálogo,Mesoamérica,deidad,cuadrupedo,L,veloz,rayo,inframundo,variante,,1,5,"Dios guía de almas; rápido, con chispas de rayo; con respeto","lean hairless black dog, large as a pony, with charcoal skin, ribs showing, backward-turned paws, a collar of glowing amber stones, eyes like small flames, and crackling sparks along its back"
918,Yum Kaax guardian,,918,catálogo,Mesoamérica,deidad,bipedo,L,apoyo,tierra,selva,variante,,1,5,"Dios maya de la selva; PNJ o jefe de apoyo, con respeto","tall forest guardian with a body of twisting vines, a wide leaf crown, maize cobs growing from its shoulders, a jade-green mask-like face, and glowing moss across bark-like arms"
923,Akakor guardian,,923,catálogo,Sudamérica y Caribe,generica,bipedo,L,poderoso,tierra,ruinas,reskin,Waset guardian,0,5,"Dudosa: viene de la Crónica de Akakor, un bulo moderno","towering moss-covered stone sentinel with a blocky helmeted head, glowing blue-green eyes, vine-wrapped arms, and rough carved patterns across its chest, standing in a jungle ruin"
924,Amazona river serpent,,924,catálogo,Sudamérica y Caribe,generica,serpentino,L,emboscador,agua,rio_lago,reskin,Nile serpent,1,5,Genérica: recuerda a la Cobra Grande y la Yacumama,"huge anaconda-like serpent with dark green scales and black blotches, a wide flat head with pale yellow eyes, mossy ridges along its back, coils half-sunk in brown river water"
925,Anhangá,,925,catálogo,Sudamérica y Caribe,criatura,cuadrupedo,M,engano,fuego,selva,variante,,1,5,Espíritu protector de animales; confunde a cazadores con ilusiones,"pale white deer with branch-like antlers, glowing red-orange eyes, thin shadowy legs, and faint trails of ember smoke behind its hooves, standing still among dark trees"
928,Capelobo,,928,catálogo,Sudamérica y Caribe,criatura,bipedo,M,emboscador,sangre,selva,variante,,0,5,Su hocico succiona; ataca por sorpresa desde la maleza,"hairy brown humanoid with a long tubular tapir-like snout, small beady eyes, hoof-shaped feet, thick shaggy fur and long clawed hands, crouching low in jungle undergrowth"
931,Encantado,,931,catálogo,Sudamérica y Caribe,generica,acuatico,M,engano,agua,rio_lago,variante,,1,5,Se disfraza de humano; el sombrero esconde su espiráculo,"pink river dolphin with a long beak and round forehead, wearing a pale straw hat that covers its blowhole, shimmering rosy skin, small bright eyes, riding a swirl of river mist"
933,Jurupari,,933,catálogo,Sudamérica y Caribe,deidad,bipedo,M,apoyo,luz,selva,variante,,2,5,"Sagrado en pueblos vivos: solo lore o PNJ, nunca enemigo","tall spirit-figure with a smooth leaf-green mask-like face, a cloak of layered palm fronds, a long carved wooden staff, and drifting fireflies glowing around its shoulders"
943,Tunchi,,943,catálogo,Sudamérica y Caribe,criatura,flotante,M,distancia,viento,selva,variante,,1,5,Su silbido es el aviso; desvía el ataque sonoro,"tall translucent skeletal ghost in tattered pale rags, hollow glowing eyes, pursed bony lips mid-whistle, faint rings of sound rippling outward, mist trailing where its legs should be"
946,Yawari,,946,catálogo,Sudamérica y Caribe,generica,bipedo,M,veloz,tierra,selva,variante,,1,5,Dudosa: sin fuente clara; diseño provisional de espíritu de selva,"slender forest spirit with bark-textured gray skin, long tangled vine-like hair, glowing green eyes, thin clawed fingers, half-hidden among jungle roots"
948,Amarok,,948,catálogo,Norteamérica indígena,criatura,cuadrupedo,L,poderoso,hielo,nieve,variante,,1,5,Lobo inuit; con respeto; golpes pesados contra quien va solo,"enormous gray-white wolf taller than a horse, with frost-covered fur, pale icy-blue eyes, thick shoulders, long fangs, and breath clouding in the freezing air"
949,Atshen,,949,catálogo,Norteamérica indígena,criatura,bipedo,L,emboscador,hielo,nieve,variante,,1,5,Devorador innu del hambre extrema; tratar con respeto,"gaunt towering humanoid with gray-blue ice-cracked skin, stretched thin limbs, hollow sunken eyes, long frost-matted hair, jagged icicle teeth, and oversized clawed hands, hunched in falling snow"
950,Boo Hag,,950,catálogo,África Occidental y Central,criatura,bipedo,M,emboscador,sombra,ciudad_hogar,variante,,1,5,"Folclore gullah (EE. UU.), raíz oeste-africana; roba el aliento a los dormidos","gaunt hunched hag with a smooth ember-red glowing body, wispy white hair, long thin fingers and hollow bright eyes, clutching a pale empty cloak in a dark bedroom doorway"
951,Champ,,951,catálogo,Moderna y críptidos,criatura,acuatico,L,poderoso,agua,rio_lago,variante,,0,5,Críptido del lago Champlain; muerde desde lejos con cuello largo,"long-necked lake monster with dark olive-gray skin, a small horse-like head, humped back breaking the surface, flippered limbs, and a ridge of low spines along its neck"
953,Cipelahq,,953,catálogo,Norteamérica indígena,generica,alado,M,distancia,rayo,cielo,variante,,1,5,Dudosa: fuente débil; diseño provisional de ave espiritual,"large dark bird spirit with broad ragged wings, a hooked beak, long talons, glowing yellow eyes, and gray storm-cloud feathers that crackle with faint sparks"
954,Coyote trickster,,954,catálogo,Norteamérica indígena,generica,cuadrupedo,S,engano,ninguno,desierto,variante,,1,5,"Figura sagrada viva: con respeto, sin burla; crea copias","lean sandy-gray coyote with a sly grin, mismatched golden and pale-blue eyes, a bushy cream-tipped tail, pointed ears, and a tattered red scarf around its neck"
957,Giwiskwok,,957,catálogo,Norteamérica indígena,generica,bipedo,M,emboscador,sombra,bosque,variante,,1,5,Dudosa: nombre algonquino sin fuente clara; diseño provisional,"tall pale-gray spirit figure with a long narrow face, hollow black eyes, a crown of bare twigs, hands like folded branches, and a ragged mantle of dead leaves"
959,Kushtaka,,959,catálogo,Norteamérica indígena,criatura,bipedo,M,engano,agua,rio_lago,variante,,1,5,Imita llantos para atraer; el aviso falso no daña,"otter-headed humanoid with wet sleek brown fur, webbed clawed hands, long whiskers, dark glassy eyes, and a dripping cloak of seaweed, standing upright at a misty shore"
961,Momo,,961,catálogo,Moderna y críptidos,criatura,bipedo,L,poderoso,ninguno,bosque,variante,,0,5,Críptido de Misuri; el hedor avisa de su cercanía,"tall hulking ape-like beast covered in matted black-brown fur, a large pumpkin-shaped head with glowing orange eyes, long arms hanging to its knees, thick legs, and three-toed feet"
962,Oklahoma octopus,,962,catálogo,Moderna y críptidos,criatura,acuatico,L,gigante,agua,rio_lago,variante,,0,5,Críptido moderno; sus ocho tentáculos son puntos débiles que se cortan,"giant freshwater octopus with mottled brown-green skin, eight thick tentacles lined with pale suckers, a bulbous head, large dark eyes, rising from a muddy lake"
964,Pukwudgie,,964,catálogo,Norteamérica indígena,criatura,bipedo,S,enjambre,veneno,bosque,variante,,1,5,"Aparecen en grupos; tradición wampanoag viva, evitar caricatura","knee-high gray-skinned forest imp with an oversized pointed nose and ears, porcupine quills along its back, a tiny bow with poisoned arrows, and glowing red eyes, hiding among ferns"
965,Raven spirit,,965,catálogo,Norteamérica indígena,generica,alado,M,veloz,sombra,bosque,variante,,1,5,"Embaucador que robó la luz; figura sagrada, con respeto","large glossy black raven with an iridescent blue-purple sheen, a sharp pale beak, intelligent amber eyes, wings spread wide, and a small glowing sun clutched in one foot"
967,Skadegamutc,,967,catálogo,Norteamérica indígena,criatura,flotante,M,apoyo,hielo,bosque,reskin,Tunchi,1,5,"Espíritu-brujo wabanaki; maldice a otros, priorizar su derrota","pale gaunt ghost-sorcerer floating above the ground, wrapped in a tattered gray cloak, hollow white eyes, long ragged hair, and a cold blue glow around its hands"
972,Abaia,,972,catálogo,Australia y Oceanía,criatura,serpentino,XL,gigante,agua,rio_lago,propio,,1,5,Guardián melanesio del lago; provoca crecidas si lo pescan,"gigantic freshwater eel with slick dark blue-black skin and a pale belly, a long dorsal fin rippling like a banner, small glowing white eyes, and a wide jaw, coiled in a deep pool"
974,Dakuwaqa,,974,catálogo,Australia y Oceanía,deidad,acuatico,L,emboscador,agua,mar,propio,,1,5,"Dios tiburón de Fiyi; protector o destructor, con respeto","muscular shark-headed sea god with slate-gray skin, rows of triangular teeth, a tall dorsal fin on his back, a crown of coral and shells, and webbed hands gripping a barbed spear"
975,Dugong spirit,,975,catálogo,Australia y Oceanía,generica,acuatico,L,apoyo,agua,mar,variante,,1,5,Categoría vaga; cura a aliados; animal totémico para varios pueblos,"gentle sea spirit shaped like a large dugong with smooth gray-blue skin, a rounded whiskered snout, paddle-like flippers, a pearly glow along its back, and ribbons of seafoam"
976,Fijian sea serpent,,976,catálogo,Australia y Oceanía,generica,serpentino,L,poderoso,agua,mar,reskin,Nile serpent,1,5,Categoría vaga; versión marina de la serpiente del Nilo,"long sea serpent with deep teal scales fading to a pale coral belly, a ridge of fan-like fins, a whiskered snout, glowing white eyes, and coils rising from foaming waves"
977,Hawaiki guardian,,977,catálogo,Australia y Oceanía,generica,bipedo,L,poderoso,agua,mar,variante,,1,5,"Categoría vaga; Hawaiki es patria ancestral, sin caricatura de tiki","tall guardian spirit of weathered driftwood and coral, a smooth featureless face, tide-worn bones for ribs, glowing sea-green eyes, and a long staff of pale wood"
978,Hine-nui-te-pō,,978,catálogo,Australia y Oceanía,deidad,bipedo,L,poderoso,sombra,inframundo,variante,,2,5,Diosa maorí de la noche y la muerte; solo lore o PNJ,"towering goddess of night in a cloak of starry darkness, long flowing black hair streaked with silver, a stern calm face, pale moonlit eyes, and open hands held out in welcome"
979,Kanaloa sea spirit,,979,catálogo,Australia y Oceanía,deidad,acuatico,XL,distancia,agua,mar,propio,,2,5,Gran dios hawaiano del océano; solo lore o PNJ,"colossal squid-like sea spirit with deep indigo skin, eight long tentacles ending in soft glowing tips, one wide calm eye, trailing ribbons of bioluminescent light, rising from dark ocean depths"
980,Kikimora Pacifica,,980,catálogo,Australia y Oceanía,generica,bipedo,S,emboscador,agua,mar,variante,,0,5,Dudosa: nombre inventado; mezcla de kikimora eslava y mar del Pacífico,"small hunched sprite with sea-green skin, matted hair of seaweed, long spindly fingers, a pale narrow face, and a coral-tipped spindle, hiding behind driftwood"
981,Kiwa,,981,catálogo,Australia y Oceanía,deidad,acuatico,L,veloz,agua,mar,variante,,2,5,Guardián del Pacífico; forma libre; solo lore o PNJ,"wise sea guardian shaped like a giant luminous manta ray with a pearl-white back, gentle dark eyes, long trailing fins, and rippling light across its wings, gliding through deep blue water"
982,Māui's creatures,,982,catálogo,Australia y Oceanía,generica,acuatico,L,emboscador,agua,mar,variante,,1,5,Categoría vaga; usa el gran pez de Māui como cuerpo representativo,"great sea fish with a long armored back of blue-gray scales, a ridge of tall fins, a wide toothy mouth, glowing golden eyes, and a barbed tail, rising from rolling waves"
984,Nareau's beings,,984,catálogo,Australia y Oceanía,generica,artropodo,S,enjambre,sombra,bosque,variante,,1,5,Dudosa: Nareau sería la Araña Vieja kiribatiana; diseño provisional,"small spider-like spirit with a glossy black body, thin silver-lined legs, many tiny glowing white eyes, and delicate threads of light trailing behind it"
985,Ngarara,,985,catálogo,Australia y Oceanía,criatura,cuadrupedo,L,veloz,tierra,subsuelo,variante,,1,5,"Lagarto monstruoso maorí de cuevas; rápido, con cola de látigo","huge spiny lizard with olive-green and dull orange scales, a crest of sharp spines along its back, a long whip tail, flat wide jaws with small fangs, and clawed splayed feet"
986,Nianja,,986,catálogo,Australia y Oceanía,generica,acuatico,M,engano,agua,mar,variante,,1,5,Dudosa: no reconocido; diseño provisional de espíritu marino,"slender sea spirit with pearly blue skin, fin-like ears, long flowing hair of seaweed, webbed fingers, and large silver eyes, rising from shallow foam"
988,Pekapeka,,988,catálogo,Australia y Oceanía,no_criatura,alado,S,enjambre,ninguno,cielo,variante,,0,5,Murciélago corriente de Nueva Zelanda; no se dibuja,
989,Rūaumoko,,989,catálogo,Australia y Oceanía,deidad,bipedo,XL,gigante,tierra,subsuelo,propio,,2,5,Dios maorí de terremotos y volcanes; solo lore o PNJ,"colossal rocky giant half-buried in the ground, a body of dark volcanic stone with glowing orange cracks, steam rising from his shoulders, and closed eyes under a heavy brow"
992,Tupua,,992,catálogo,Australia y Oceanía,generica,flotante,M,engano,agua,mar,reskin,Oued spirit,1,5,Categoría vaga de seres sobrenaturales polinesios; con respeto,"tall humanoid figure of pale sea mist and foam, glowing white eyes, long drifting hair like seafoam, translucent shell-colored skin, and a trailing skirt of mist instead of legs"
993,Vatea's beasts,,993,catálogo,Australia y Oceanía,generica,acuatico,L,emboscador,agua,mar,reskin,Māui's creatures,1,5,Categoría vaga de las islas Cook; versión pálida del gran pez de Māui,"great sea beast with a long armored back of pearl-white and teal scales, a ridge of tall fins, a wide toothy mouth, glowing silver eyes, and a barbed tail"
994,Wākea's beings,,994,catálogo,Australia y Oceanía,generica,flotante,M,apoyo,luz,cielo,variante,,2,5,Linajes sagrados hawaianos del cielo; solo lore o PNJ,"tall spirit of cloud and starlight with a softly glowing blue-white body, a long drifting robe of mist, a calm face, and tiny stars floating around its open hands"
2001,Serafín,,,añadida,Huestes celestiales,criatura,alado,L,distancia,fuego,cielo,propio,,1,6,Sus llamas se leen como aviso largo; el iai las parte,"tall six-winged being of white-gold flame, two wings covering its blank face, two covering its feet, two spread open, body wrapped in burning light"
2002,Querubín,,,añadida,Huestes celestiales,criatura,alado,L,poderoso,luz,ruinas,propio,,1,6,"Cuatro caras, cuatro avisos distintos","winged guardian with four faces around one head, man, lion, ox and eagle, four feathered wings with eyes under them, bronze calf hooves, flaming sword"
2003,Trono,,,añadida,Huestes celestiales,criatura,flotante,L,gigante,luz,cielo,propio,,1,6,Puntos débiles: los ojos de la rueda exterior,"enormous golden wheels nested inside one another, rims covered in countless open eyes, hovering in silence with a faint hum of light"
2004,Dominación,,,añadida,Huestes celestiales,criatura,bipedo,L,apoyo,luz,ruinas,variante,,1,6,Protege a otros con un escudo de luz que hay que romper,"tall veiled warden in white and gold robes with a tall crown and a long scepter topped by a glowing orb, hovering slightly above the ground"
2005,Virtud,,,añadida,Huestes celestiales,criatura,bipedo,M,apoyo,luz,llanura,variante,,1,6,Cura a los demás; objetivo prioritario,"radiant armored saint with a breastplate engraved with stars, wings of pale light, open hands and a halo of rotating rings"
2006,Potestad,,,añadida,Huestes celestiales,criatura,bipedo,L,poderoso,ninguno,ruinas,variante,,1,6,Golpes de escudo que no se pueden parar,"heavy plate-armored celestial warrior with chained gauntlets, a helm with a glowing white slit, and a great shield engraved with a sun"
2007,Principado,,,añadida,Huestes celestiales,criatura,bipedo,L,distancia,viento,cielo,variante,,1,6,Dispara flechas de luz desde una nube,"crowned celestial in layered robes holding a banner, standing on a floating platform of cloud, bow made of light"
2008,Arcángel de la espada llameante,,,añadida,Huestes celestiales,criatura,bipedo,L,poderoso,fuego,ruinas,propio,,1,6,Jefe: cada tajo deja el suelo ardiendo,"winged commander in gold armor wielding a sword wreathed in flame, cloak of feathers, face hidden behind a mask of light"
2009,Ángel soldado,,,añadida,Huestes celestiales,criatura,alado,M,veloz,luz,cielo,variante,,1,6,Embiste en picado,"slender winged soldier in a white tunic and silver breastplate, feathered wings, spear of light, hovering above the ground"
2010,Heraldo de la trompeta,,,añadida,Huestes celestiales,criatura,alado,M,distancia,viento,cielo,variante,,1,6,Su toque hace vibrar la pantalla,"winged herald carrying a long golden trumpet, wind-swept robes, eyes closed, light rippling out of the bell"
2011,Guardián de la puerta,,,añadida,Huestes celestiales,criatura,bipedo,L,poderoso,fuego,ruinas,reskin,Arcángel de la espada llameante,1,6,Barre en círculo; hay que saltarlo,"gatekeeper celestial with a revolving blade of flame, burnt gold armor, standing in a ruined archway"
2012,Juez de la balanza,,,añadida,Huestes celestiales,criatura,bipedo,L,engano,luz,ruinas,variante,,1,6,Copia el golpe de Akira (duelo espejo),"blindfolded celestial judge in white robes holding a giant golden scale, wings folded, chains floating around him"
2013,Ángel caído de ceniza,,,añadida,Huestes celestiales,criatura,alado,M,veloz,fuego,ruinas,reskin,Ángel soldado,1,6,,"fallen angel with wings burnt to blackened bone and ash, charred armor, glowing ember cracks across the body"
2014,Ángel caído de hielo,,,añadida,Huestes celestiales,criatura,alado,M,distancia,hielo,nieve,reskin,Ángel soldado,1,6,,"frost-covered fallen angel with wings of ice shards, pale blue armor, frozen tears on a silent face"
2015,Ángel caído de sombra,,,añadida,Huestes celestiales,criatura,alado,M,emboscador,sombra,ruinas,reskin,Ángel soldado,1,6,,"black-feathered fallen angel half dissolved into shadow mist, silver armor stained dark, white eyes"
2016,Centinela de luz,,,añadida,Huestes celestiales,criatura,bipedo,M,poderoso,luz,ruinas,variante,,1,6,"Autómata celestial: no es un ángel, es su herramienta","armored sentinel construct of white stone and gold, hollow helmet filled with light, folded wings of metal plates"
2017,Coro de ecos,,,añadida,Huestes celestiales,criatura,flotante,S,enjambre,luz,cielo,variante,,1,6,Cada uno canta una nota; el corte de luna los silencia,"swarm of small floating winged orbs with faceless white masks, glowing softly and humming in chorus"
2101,Bael,,,añadida,Grimorios e infierno,criatura,artropodo,L,poderoso,sombra,ruinas,propio,,0,6,Rango del grimorio: rey,"demon king with three heads, a toad, a crowned human and a cat, on a swollen spider-like body with long thin legs"
2102,Agares,,,añadida,Grimorios e infierno,criatura,cuadrupedo,L,engano,tierra,pantano,variante,,0,6,Rango del grimorio: duque,"old man in ragged noble robes riding a large crocodile, a goshawk perched on his gloved fist"
2103,Vassago,,,añadida,Grimorios e infierno,criatura,bipedo,M,apoyo,sombra,ruinas,variante,,0,6,Rango del grimorio: príncipe,"gaunt prince in dark robes holding a crystal ball, eyes of pale light, long thin fingers"
2104,Samigina,,,añadida,Grimorios e infierno,criatura,cuadrupedo,S,engano,sombra,ciudad_hogar,variante,,0,6,Rango del grimorio: marqués,"small wild donkey-like horse with glassy black eyes, melting into a hooded human figure"
2105,Marbas,,,añadida,Grimorios e infierno,criatura,cuadrupedo,L,poderoso,ninguno,montana,variante,,0,6,Rango del grimorio: presidente,great lion with a mane of dark smoke whose face half changes into a bearded man
2106,Valefor,,,añadida,Grimorios e infierno,criatura,cuadrupedo,L,emboscador,sombra,ciudad_hogar,variante,,0,6,Rango del grimorio: duque,"sleek black lion with the head of a donkey, mouth open braying, crouching like a thief"
2107,Amon,,,añadida,Grimorios e infierno,criatura,cuadrupedo,L,distancia,fuego,ruinas,propio,,0,6,Rango del grimorio: marqués,"wolf with a serpent tail vomiting flames, a raven-headed humanoid torso rising from its back, dog teeth"
2108,Barbatos,,,añadida,Grimorios e infierno,criatura,bipedo,M,distancia,ninguno,bosque,variante,,0,6,Rango del grimorio: duque,"hunter demon in forest green leathers with a long horn and bow, pale knights following behind him"
2109,Paimon,,,añadida,Grimorios e infierno,criatura,cuadrupedo,L,apoyo,viento,desierto,propio,,0,6,Rango del grimorio: rey,"crowned king with a youthful face riding a dromedary, red robes, trumpets and cymbals sounding around him"
2110,Buer,,,añadida,Grimorios e infierno,criatura,cuadrupedo,M,veloz,ninguno,montana,propio,,0,6,Rango del grimorio: presidente,"star-shaped body, a lion's head with five goat legs radiating around it like the spokes of a wheel"
2111,Gusion,,,añadida,Grimorios e infierno,criatura,bipedo,M,engano,ninguno,desierto,variante,,0,6,Rango del grimorio: duque,"baboon-faced duke in a patchwork cloak of many colors, mirror-bright eyes, very long arms and a hunched back"
2112,Sitri,,,añadida,Grimorios e infierno,criatura,alado,M,engano,fuego,ruinas,variante,,0,6,Rango del grimorio: príncipe,leopard-headed demon with griffin wings and a lean humanoid body wearing noble furs
2113,Beleth,,,añadida,Grimorios e infierno,criatura,cuadrupedo,L,poderoso,sombra,ruinas,variante,,0,6,Rango del grimorio: rey,"gaunt furious king riding a pale horse, trumpets and strange music around him, burning red eyes"
2114,Leraje,,,añadida,Grimorios e infierno,criatura,bipedo,M,distancia,veneno,bosque,variante,,0,6,Rango del grimorio: marqués,"archer clad in green with a bow and a quiver, face in shadow, arrows dripping venom"
2115,Eligos,,,añadida,Grimorios e infierno,criatura,bipedo,M,poderoso,ninguno,llanura,variante,,0,6,Rango del grimorio: duque,dark plate-armored knight with a long lance and a banner shaped like a serpent
2116,Zepar,,,añadida,Grimorios e infierno,criatura,bipedo,M,engano,sangre,ciudad_hogar,variante,,0,6,Rango del grimorio: duque,"red-clad soldier with sleek black hair and a smiling porcelain mask, crimson cloak and a short curved sword"
2117,Botis,,,añadida,Grimorios e infierno,criatura,bipedo,M,emboscador,veneno,subsuelo,variante,,0,6,Rango del grimorio: presidente,"viper-headed horned demon with great fangs, a sharp sword and long coiling tail"
2118,Bathin,,,añadida,Grimorios e infierno,criatura,cuadrupedo,L,veloz,sombra,llanura,variante,,0,6,Rango del grimorio: duque,"strong man with a serpent's tail riding a pale horse, ragged cloak"
2119,Sallos,,,añadida,Grimorios e infierno,criatura,cuadrupedo,L,engano,tierra,pantano,reskin,Agares,0,6,Rango del grimorio: duque,"gallant soldier with a ducal crown riding a large crocodile, polished armor, a plume on his helmet"
2120,Purson,,,añadida,Grimorios e infierno,criatura,cuadrupedo,L,apoyo,ninguno,bosque,variante,,0,6,Rango del grimorio: rey,"lion-faced crowned man holding a viper, riding a bear, trumpets sounding before him"
2121,Marax,,,añadida,Grimorios e infierno,criatura,cuadrupedo,L,poderoso,tierra,llanura,variante,,0,6,Rango del grimorio: conde,"huge bull with a bearded human face, very wide shoulders, rock-hard hide and heavy cracked hooves"
2122,Ipos,,,añadida,Grimorios e infierno,criatura,bipedo,M,veloz,ninguno,bosque,propio,,0,6,Rango del grimorio: conde,"angelic torso with a lion's head, goose feet and a hare's tail"
2123,Aim,,,añadida,Grimorios e infierno,criatura,serpentino,L,poderoso,fuego,ciudad_hogar,propio,,0,6,Rango del grimorio: duque,"handsome three-headed duke, a serpent, a man with two stars on his brow and a calf, riding a giant viper with a burning brand"
2124,Naberius,,,añadida,Grimorios e infierno,criatura,alado,S,veloz,sombra,cielo,variante,,0,6,Rango del grimorio: marqués,"black crane flying in tight circles, hoarse cry, eyes of yellow glass"
2125,Glasya-Labolas,,,añadida,Grimorios e infierno,criatura,alado,M,veloz,sangre,ruinas,variante,,0,6,Rango del grimorio: presidente,"large black dog with the feathered wings of a griffin, a stained muzzle, long ears and red eyes"
2126,Bune,,,añadida,Grimorios e infierno,criatura,serpentino,L,poderoso,tierra,subsuelo,propio,,0,6,Rango del grimorio: duque,"dragon with three heads, a dog, a griffin and a man, green scales and a long thick tail"
2127,Ronove,,,añadida,Grimorios e infierno,criatura,bipedo,M,apoyo,sombra,ruinas,variante,,0,6,Rango del grimorio: marqués,"stooped scholar-like monstrous figure with very long arms and an ivory mask, carrying scrolls"
2128,Berith,,,añadida,Grimorios e infierno,criatura,cuadrupedo,M,poderoso,fuego,llanura,variante,,0,6,Rango del grimorio: duque,"red-clad soldier crowned with gold riding a red horse, flaming eyes, gilded sword"
2129,Astaroth,,,añadida,Grimorios e infierno,criatura,alado,L,distancia,sombra,ruinas,propio,,0,6,Rango del grimorio: duque,"winged fallen noble with a tired face riding an infernal dragon, a viper in his right hand, tattered cloak"
2130,Forneus,,,añadida,Grimorios e infierno,criatura,acuatico,L,emboscador,agua,mar,variante,,0,6,Rango del grimorio: marqués,"great sea monster with a fan of tentacles, sharp teeth and a long spiny back"
2131,Foras,,,añadida,Grimorios e infierno,criatura,bipedo,M,apoyo,tierra,bosque,variante,,0,6,Rango del grimorio: presidente,"strong sage-demon with a staff of living roots, robes patterned with leaves"
2132,Asmoday,,,añadida,Grimorios e infierno,criatura,bipedo,L,poderoso,fuego,ciudad_hogar,propio,,0,6,Rango del grimorio: rey,"three-headed king with a bull, a man and a ram head, serpent tail and goose feet, breathing fire, riding an infernal dragon with a lance"
2133,Gaap,,,añadida,Grimorios e infierno,criatura,bipedo,L,engano,sombra,ruinas,variante,,0,6,Rango del grimorio: presidente,tall demon prince with ember eyes surrounded by four crowned shadows that move with him
2134,Furfur,,,añadida,Grimorios e infierno,criatura,cuadrupedo,M,distancia,rayo,bosque,variante,,0,6,Rango del grimorio: conde,"tall hart with a flaming tail, antlers crackling with lightning, glowing hooves and a pale coat"
2135,Marchosias,,,añadida,Grimorios e infierno,criatura,alado,L,distancia,fuego,montana,variante,,0,6,Rango del grimorio: marqués,"great she-wolf with griffin wings and a serpent tail, vomiting flames, grey fur streaked with soot"
2136,Stolas,,,añadida,Grimorios e infierno,criatura,alado,M,apoyo,viento,bosque,variante,,0,6,Rango del grimorio: príncipe,"great owl demon with star-patterned plumage and wise amber eyes, long taloned legs"
2137,Phenex,,,añadida,Grimorios e infierno,criatura,alado,M,distancia,fuego,cielo,variante,,0,6,Rango del grimorio: marqués,"phoenix-like bird singing with wings of orange and gold flame, long trailing tail"
2138,Halphas,,,añadida,Grimorios e infierno,criatura,alado,S,distancia,fuego,llanura,variante,,0,6,Rango del grimorio: conde,"stork with grey and red plumage carrying a torch in its beak, hoarse voice"
2139,Malphas,,,añadida,Grimorios e infierno,criatura,alado,M,engano,sombra,ruinas,variante,,0,6,Rango del grimorio: presidente,"crow-headed noble in black feathers who turns into a man, polished beak, gold ring on one claw"
2140,Raum,,,añadida,Grimorios e infierno,criatura,alado,S,emboscador,sombra,ciudad_hogar,reskin,Malphas,0,6,Rango del grimorio: conde,"large crow with glinting eyes carrying a golden ring in its beak, ash-grey wings and sharp talons"
2141,Focalor,,,añadida,Grimorios e infierno,criatura,alado,M,emboscador,agua,mar,variante,,0,6,Rango del grimorio: duque,man with griffin wings and wet black hair wearing a cloak of drowning water
2142,Vepar,,,añadida,Grimorios e infierno,criatura,acuatico,M,distancia,agua,mar,variante,,0,6,Rango del grimorio: duque,"sea demon with a fish tail and scale armor carrying a trident, sharp fins on its arms"
2143,Sabnock,,,añadida,Grimorios e infierno,criatura,cuadrupedo,L,poderoso,tierra,ruinas,variante,,0,6,Rango del grimorio: marqués,"armed soldier with the head of a lion riding a pale horse, building a stone fortress behind him"
2144,Shax,,,añadida,Grimorios e infierno,criatura,alado,S,engano,ninguno,llanura,reskin,Halphas,0,6,Rango del grimorio: marqués,"tall stork with a hoarse voice and blind-looking pale eyes, dusty white plumage and a long red beak"
2145,Vine,,,añadida,Grimorios e infierno,criatura,cuadrupedo,L,distancia,fuego,ruinas,variante,,0,6,Rango del grimorio: rey,"lion riding a black horse and holding a viper, fortress-builder, storm clouds behind"
2146,Bifrons,,,añadida,Grimorios e infierno,criatura,bipedo,M,engano,fuego,ruinas,variante,,0,6,Rango del grimorio: conde,"charred monster that lights candles on graves, skin like cracked coal, long arms"
2147,Vual,,,añadida,Grimorios e infierno,criatura,cuadrupedo,L,apoyo,tierra,desierto,variante,,0,6,Rango del grimorio: duque,"great dromedary-shaped demon with a long neck, ember eyes and sand blowing off its hide"
2148,Haagenti,,,añadida,Grimorios e infierno,criatura,alado,L,poderoso,tierra,montana,reskin,Zagan,0,6,Rango del grimorio: presidente,"golden-hided bull with large griffin wings, polished curved horns, glowing nostrils and heavy hooves"
2149,Crocell,,,añadida,Grimorios e infierno,criatura,bipedo,M,distancia,agua,rio_lago,variante,,0,6,Rango del grimorio: duque,"angelic duke surrounded by steaming water, sad pale eyes, wet drooping feathers and a robe of mist"
2150,Furcas,,,añadida,Grimorios e infierno,criatura,cuadrupedo,M,poderoso,hielo,nieve,variante,,0,6,Rango del grimorio: caballero,"cruel old man with a long white beard riding a pale horse, ice-sharp spear"
2151,Balam,,,añadida,Grimorios e infierno,criatura,cuadrupedo,L,poderoso,fuego,bosque,variante,,0,6,Rango del grimorio: rey,"three-headed king with a bull, a man and a ram head, serpent tail and flaming eyes, riding a bear with a hawk on his fist"
2152,Alloces,,,añadida,Grimorios e infierno,criatura,cuadrupedo,L,poderoso,fuego,llanura,variante,,0,6,Rango del grimorio: duque,soldier with a red lion's face and flaming eyes riding a great horse
2153,Caim,,,añadida,Grimorios e infierno,criatura,alado,M,engano,sombra,bosque,variante,,0,6,Rango del grimorio: presidente,"thrush-headed man in dark armor with a sharp sword, many animal voices"
2154,Murmur,,,añadida,Grimorios e infierno,criatura,alado,L,distancia,sombra,cielo,variante,,0,6,Rango del grimorio: duque,"soldier crowned with a ducal crown riding a griffin, two trumpeters beside him"
2155,Orobas,,,añadida,Grimorios e infierno,criatura,cuadrupedo,L,apoyo,luz,llanura,variante,,0,6,Rango del grimorio: príncipe,horse-shaped demon with eyes of fire that turns into a calm prophet
2156,Gremory,,,añadida,Grimorios e infierno,criatura,cuadrupedo,M,engano,ninguno,desierto,variante,,0,6,Rango del grimorio: duque,"veiled noblewoman with a ducal crown around her waist riding a camel, silk scarves, mysterious smile"
2157,Ose,,,añadida,Grimorios e infierno,criatura,cuadrupedo,M,engano,ninguno,selva,variante,,0,6,Rango del grimorio: presidente,"leopard-bodied demon with unsettling human eyes, a spotted coat whose pattern keeps shifting and a long tail"
2158,Amy,,,añadida,Grimorios e infierno,criatura,flotante,M,distancia,fuego,ruinas,variante,,0,6,Rango del grimorio: presidente,"flaming spirit that takes the shape of a scholar made of fire, spiral sparks"
2159,Orias,,,añadida,Grimorios e infierno,criatura,cuadrupedo,L,poderoso,veneno,montana,variante,,0,6,Rango del grimorio: marqués,"lion riding a horse with a serpent tail, holding two hissing serpents"
2160,Vapula,,,añadida,Grimorios e infierno,criatura,alado,L,veloz,ninguno,montana,reskin,Zagan,0,6,Rango del grimorio: duque,"lion with griffin wings and a craftsman's belt of tools, lean and fast"
2161,Zagan,,,añadida,Grimorios e infierno,criatura,alado,L,poderoso,fuego,montana,propio,,0,6,Rango del grimorio: rey,"bull with griffin wings, ember-red hide, golden horns, turning into a man in the end"
2162,Valac,,,añadida,Grimorios e infierno,criatura,alado,S,distancia,veneno,pantano,variante,,0,6,Rango del grimorio: presidente,"small winged masked figure riding a two-headed dragon, snakes around its arms"
2163,Andras,,,añadida,Grimorios e infierno,criatura,cuadrupedo,M,emboscador,sombra,bosque,variante,,0,6,Rango del grimorio: marqués,"angelic figure with a raven head riding a black wolf, wielding a sharp sword"
2164,Flauros,,,añadida,Grimorios e infierno,criatura,cuadrupedo,L,poderoso,fuego,subsuelo,variante,,0,6,Rango del grimorio: duque,"terrible leopard with eyes of flame, fur like glowing embers, smoking claws and a snarling mouth"
2165,Andrealphus,,,añadida,Grimorios e infierno,criatura,alado,M,engano,viento,cielo,variante,,0,6,Rango del grimorio: marqués,"peacock demon with a tail fan of a thousand eyes, geometric patterned wings"
2166,Kimaris,,,añadida,Grimorios e infierno,criatura,cuadrupedo,L,veloz,sombra,llanura,variante,,0,6,Rango del grimorio: marqués,"strong warrior in black armor on a black horse, red plume, visor down"
2167,Amdusias,,,añadida,Grimorios e infierno,criatura,cuadrupedo,M,distancia,viento,bosque,variante,,0,6,Rango del grimorio: duque,"unicorn-shaped demon whose spiral horn sounds like music, storm winds and pale lightning following behind"
2168,Belial,,,añadida,Grimorios e infierno,criatura,bipedo,L,apoyo,fuego,ruinas,propio,,0,6,Rango del grimorio: rey,"two pale seated angels in a chariot of fire, honeyed voices, burning wheels"
2169,Decarabia,,,añadida,Grimorios e infierno,criatura,flotante,S,distancia,luz,ruinas,variante,,0,6,Rango del grimorio: marqués,star shining inside a drawn pentacle that takes the shape of a bird
2170,Seere,,,añadida,Grimorios e infierno,criatura,cuadrupedo,M,veloz,viento,llanura,variante,,0,6,Rango del grimorio: príncipe,"handsome rider on a winged horse, quick and swift, cloak of wind"
2171,Dantalion,,,añadida,Grimorios e infierno,criatura,bipedo,M,engano,sombra,ciudad_hogar,propio,,0,6,Rango del grimorio: duque,"man with many faces, both men and women, holding a book, robes stitched with masks"
2172,Andromalius,,,añadida,Grimorios e infierno,criatura,bipedo,M,engano,veneno,ruinas,variante,,0,6,Rango del grimorio: conde,"stern hooded man holding a great serpent coiled around his arm, scales on his forearms, dark robes"
2181,Diablillo,,,añadida,Grimorios e infierno,criatura,alado,S,enjambre,fuego,subsuelo,variante,,0,6,Enjambre de 6; el corte de luna los barre,"small red horned imp with bat wings, a pointed tail like a pitchfork and a mischievous grin"
2182,Verdugo infernal,,,añadida,Grimorios e infierno,criatura,bipedo,L,poderoso,fuego,subsuelo,variante,,0,6,Golpe cargado imposible de parar,"hulking executioner demon with an iron mask, a huge cleaver, chains and burning coals in its belly"
2183,Condenado en llamas,,,añadida,Grimorios e infierno,criatura,bipedo,M,enjambre,fuego,subsuelo,variante,,0,6,"Camina lento hacia Akira, prendiéndole fuego","burning damned soul in tattered rags, flames pouring from its eyes, chained wrists"
2184,Gárgola infernal,,,añadida,Grimorios e infierno,criatura,alado,M,emboscador,tierra,ruinas,variante,,0,6,Inmóvil como una estatua hasta que Akira pasa,"stone gargoyle with ember-red cracks and bat wings, crouched on a ledge with clawed hands"
2185,Jinete del abismo,,,añadida,Grimorios e infierno,criatura,cuadrupedo,L,veloz,sombra,llanura,variante,,0,6,Carga en línea recta; se esquiva de lado,"skeletal knight on a black horse with a burning mane, tattered banner"
2186,Heraldo infernal,,,añadida,Grimorios e infierno,criatura,alado,M,apoyo,fuego,ruinas,variante,,0,6,Llama refuerzos con el cuerno,"winged demon blowing a bone horn, torn banner on its back, soot-black wings"
2187,Príncipe de la ceniza,,,añadida,Grimorios e infierno,criatura,bipedo,L,poderoso,fuego,ruinas,propio,,0,6,Jefe: cada fase pierde una pieza de armadura,ash-grey demon prince in cracked obsidian armor with a crown of embers and a long cloak of smoke
2188,Cuervo de brasas,,,añadida,Grimorios e infierno,criatura,alado,S,enjambre,fuego,cielo,variante,,0,6,Se deshace en chispas al morir,"crow made of glowing embers with bright eyes, trailing sparks behind its wings"
