id,nombre,semilla,familia,tamano,elemento,modelado,sensibilidad,ola,prompt_en
353,Kappa,3530,bipedo,S,agua,variante,0,1,"small hunched river imp with blue-green skin, turtle shell on its back, beak-like mouth, webbed clawed hands, a water-filled dish on its head ringed by black hair"
2301,Onibi,23010,flotante,S,fuego,variante,0,1,seven floating ghostly fireballs of pale blue and violet flame with hollow anguished faces and trailing flame tails
2315,Aka-oni,23150,bipedo,M,fuego,variante,0,1,"hulking red oni with two short ivory horns, wild black hair, tiger-skin loincloth and a spiked iron club"
2326,Oni gigante del portón,23260,bipedo,XL,fuego,propio,0,1,"colossal oni as tall as a castle gate with three curved horns, ember-red cracked skin, thick straw rope belt and broken shackles"
351,Kitsune,3510,cuadrupedo,M,fuego,variante,0,2,"large fox with white and russet fur, several fluffy tails tipped with pale blue foxfire, slanted golden eyes, red markings on its face and a small flame floating above one paw"
352,Tengu,3520,bipedo,M,viento,variante,0,2,"winged mountain goblin in monk's robes, red face with a very long nose, white wild hair, black feathered wings, tiny black cap, carrying a feather fan and a long sword"
354,Yuki-onna,3540,bipedo,M,hielo,variante,0,2,"tall pale woman with long black hair in a white kimono, skin like snow, ice-blue lips, feet fading into blowing snow, swirling frost and snowflakes drifting from her sleeves"
355,Jorōgumo,3550,artropodo,L,veneno,variante,0,2,"giant spider with black and yellow banded legs and a woman's upper body rising from its back, purple silk kimono, long dark hair, hidden fangs behind a veiled smile, holding a biwa lute"
356,Nure-onna,3560,serpentino,L,agua,variante,0,2,"huge pale serpent with a woman's head and long dripping black hair, glistening blue-grey scales, forked tongue, sharp fangs, coiled in shallow water beside a swaddled bundle shaped like a baby"
357,Rokurokubi,3570,bipedo,M,ninguno,variante,0,2,"pale woman in a faded night kimono whose neck stretches into a long snaking coil, loose black hair, hollow dark eyes, thin smile, neck looping above her like a rope"
358,Nukekubi,3580,flotante,S,sombra,variante,0,2,"detached floating human head with wild long black hair, glowing pale eyes and a fanged grin, trailing thin red cloth ribbons from its neck, drifting through night mist"
359,Bakeneko,3590,bipedo,M,ninguno,variante,0,2,"tall black-and-white cat standing upright in a faded kimono with a folded towel on its head, glowing green eyes, long tail curling, one paw holding a small oil lamp"
360,Nekomata,3600,bipedo,M,sombra,reskin,0,2,"elderly dark-gray cat standing upright with two long forked tails tipped in pale violet flame, tattered priest's robe, pale yellow eyes, thin paws raised like a puppeteer pulling strings"
361,Tanuki,3610,bipedo,S,ninguno,variante,0,2,"round-bellied raccoon dog standing upright, brown fur with a dark eye mask, a green leaf on its head, sake bottle and ledger in its paws, big bushy tail, sly grin"
362,Inugami,3620,cuadrupedo,S,sombra,variante,1,2,"lean spectral hound with matted reddish-brown fur, hollow glowing eyes, bared fangs, a frayed sacred rope tied around its neck and pale mist rising from its body"
363,Yūrei,3630,flotante,M,sombra,variante,0,2,"pale ghost woman in a white burial kimono with a triangular headband, long tangled black hair hanging over her face, feet fading into mist, limp hands, cold blue spirit flames beside her"
364,Gashadokuro,3640,bipedo,XL,sombra,propio,0,2,"colossal skeleton fifteen times human height, built from countless yellowed human bones, hollow glowing eye sockets, gaping jaw, towering over a moonlit battlefield with bones rattling"
365,Umibōzu,3650,acuatico,XL,agua,propio,0,2,"gigantic black humanoid silhouette rising from a stormy sea, smooth bald round head, two pale glowing eyes, enormous arms smashing the waves, body made of dark water and shadow"
366,Ittan-momen,3660,flotante,L,viento,variante,0,2,"long white cotton cloth ribbon floating upright like a ghost, two small dark eyes near the top end, rippling edges, faded indigo border, coiling through the night air"
367,Tsukumogami,3670,flotante,S,ninguno,variante,0,2,"old household tools come alive: a one-eyed paper lantern, a straw sandal with a lolling tongue and a cracked teapot, all hopping on tiny stick legs with frayed cord arms"
368,Kamaitachi,3680,cuadrupedo,S,viento,variante,0,2,"slender weasel with sleek brown fur and sickle-shaped scythe claws on its forepaws, riding a small whirlwind of leaves and dust, narrow fierce eyes, long thin tail"
369,Karakasa-obake,3690,flotante,S,ninguno,variante,0,2,"old oiled-paper umbrella with one large eye, a long red tongue hanging out and a single leg ending in a wooden sandal, hopping, torn paper ribs showing"
370,Nurarihyon,3700,bipedo,M,sombra,variante,0,2,"elderly man with a tall elongated bald head, wrinkled calm face, richly embroidered dark kimono, sitting calmly sipping tea and holding a folding fan, long faint shadow behind him"
371,Mokumokuren,3710,flotante,M,sombra,variante,0,2,"old paper sliding-door panels covered in dozens of staring human eyes of different sizes, wooden lattice frame, eyes blinking across the paper in dim lantern light"
372,Futakuchi-onna,3720,bipedo,M,ninguno,variante,0,2,"pale woman in a plain kimono whose long black hair parts at the back of her head to reveal a second fanged mouth, hair strands writhing like snakes, hungry eyes"
373,Akkorokamui,3730,acuatico,XL,agua,propio,1,2,"colossal crimson cephalopod rising from a dark bay, dozens of thick suckered tentacles, glowing white eyes, hard beak, skin patterned with pale spots, coiling around a ship"
374,Shuten-dōji,3740,bipedo,L,ninguno,propio,0,2,"enormous crimson-skinned oni king with several curved horns, long wild dark hair, golden armor over a loose robe, giant sake gourd on his belt, huge lacquered cup in one hand"
673,Amefuri kozō,6730,bipedo,S,agua,variante,0,2,"child-sized spirit boy wearing a huge lotus-leaf rain hat and straw cape, pale blue-white face, round dark eyes, holding a glowing paper lantern, raindrops dripping from his sleeves"
674,Amabie,6740,acuatico,M,agua,variante,0,2,"sea prophet with a scaly silvery body, a bird-like beak, three fin-like legs, shimmering blue-green scales, long flowing black hair and softly glowing eyes"
675,Akaname,6750,bipedo,S,ninguno,variante,0,2,"small hunched goblin with sickly reddish-brown skin, tangled black hair, bulging pale eyes, an extremely long red tongue, long dirty claws and tattered rag shorts"
676,Aobōzu,6760,bipedo,M,sombra,variante,0,2,"tall blue-skinned monk-like spirit in worn grey robes, bald head, long bony hands, glowing pale eyes, hunched posture, carrying a battered wooden staff and a wicker hat"
677,Bake-kujira,6770,acuatico,XL,sombra,propio,0,2,"colossal ghostly whale skeleton, bleached bone ribs and jaw exposed, hollow glowing blue eye sockets, tattered pale skin remnants, trailing a swarm of spectral sea birds and fish"
678,Basan,6780,alado,M,fuego,variante,0,2,"giant rooster-like bird with a long tail of red and orange feathers, a crest of flame, sharp beak, strong clawed legs and pale ghostly fire streaming from its mouth"
679,Betobeto-san,6790,flotante,S,sombra,variante,0,2,"small shadow spirit shaped like a faint dark smudge in the air, a pair of wooden sandals hovering beneath it, two pale round eyes and wet footprints trailing behind"
680,Chōchin-obake,6800,flotante,S,fuego,reskin,0,2,"old torn paper lantern spirit with one huge bulging eye, a long red tongue hanging from a ripped mouth, a single thin leg with a wooden sandal and a flickering flame glowing inside"
681,Dodomeki,6810,bipedo,M,ninguno,variante,0,2,"thin pale woman in a worn dark kimono with long black hair, her arms covered in dozens of small bird-like golden eyes, gaunt face, clutching copper coins"
682,Enenra,6820,flotante,M,fuego,variante,0,2,"billowing grey smoke spirit forming a vague tall human silhouette, hollow glowing orange eyes, curling arms of vapor, ember sparks drifting inside its chest, tapering into a trail of smoke"
684,Hone-onna,6840,bipedo,M,sombra,variante,0,2,"skeletal woman in a faded white kimono, long black hair over a bare skull face with hollow glowing blue eyes, thin bony hands holding a small paper lantern"
685,Isonade,6850,acuatico,XL,agua,variante,0,2,"colossal shark-like sea monster with rough sandpaper-like grey skin, a wide fanged mouth, tall dorsal fin, and a long barbed tail lined with fish-hook spines, barnacles on its back"
686,Jikininki,6860,bipedo,M,sombra,variante,0,2,"emaciated ghoul with ashen skin stretched over ribs, swollen belly, sharp claws, long matted hair, glowing yellow eyes and a ragged white burial shroud"
687,Kameosa,6870,flotante,S,ninguno,variante,0,2,"huge old ceramic sake jar with the grinning bald head of an old man rising out of its mouth, thin arms gripping the rim, cracked brown glaze"
689,Kawaakago,6890,bipedo,S,agua,variante,0,2,"baby-sized river spirit with slick olive-green skin, round wet eyes, tiny webbed hands, tattered baby cloth wrap and reeds in its hair, sharp little teeth"
690,Kudan,6900,cuadrupedo,M,ninguno,variante,0,2,"cow-sized beast with a brown cow's body and the solemn human face of a bearded old man, short horns, long tail, glowing white eyes and a paper charm tied at its neck"
691,Nobusuma,6910,alado,M,viento,reskin,0,2,"large dark brown bat-like gliding beast with furry body, wide leathery membranes stretched between its limbs, small pointed ears, glowing yellow eyes and clawed feet"
692,Nuppeppō,6920,bipedo,M,veneno,variante,0,2,"shapeless humanoid lump of pale sagging flesh, wrinkled folds drooping over stubby limbs, faint blank face outlined in the skin, glistening grey-pink hide and a sour green haze"
693,Ōmukade,6930,artropodo,XL,veneno,propio,0,2,"colossal armored centipede with a long segmented dark red-brown body, hundreds of glinting bronze legs, huge curved venom fangs, glowing yellow eyes and long whip-like antennae"
694,Satori,6940,bipedo,M,ninguno,variante,0,2,"hairy ape-like mountain creature with shaggy dark brown fur, a wrinkled humanlike face, large knowing eyes, long arms and a hunched posture"
695,Sunakake-baba,6950,bipedo,M,tierra,variante,0,2,"hunched old woman spirit with wild white hair, wrinkled face, patched grey kimono, straw sandals, flinging handfuls of sand from a cloth sack, tiny glinting eyes"
697,Yamabiko,6970,cuadrupedo,S,viento,variante,0,2,"small shaggy mountain beast like a dog with long reddish-brown fur, large pointed ears, a wide mouth open mid-call, bushy curled tail and bright round eyes"
2302,Hitodama,23020,flotante,S,fuego,reskin,0,2,"pale green soul-flames the size of a fist with tiny ghostly eyes, drifting in slow loops"
2303,Kodama,23030,flotante,S,ninguno,variante,0,2,"tiny white tree spirits with round blank faces and faintly glowing bodies, sitting on mossy branches"
2304,Karasu-tengu,23040,alado,M,viento,variante,0,2,"crow-faced mountain warrior in a yamabushi robe with black wings and a short katana, geta sandals"
2305,Sōjōbō,23050,bipedo,L,viento,propio,0,2,"king of the tengu, tall red-faced long-nosed master in white and gold robes with a feather fan and great black wings"
2306,Tsuchigumo,23060,artropodo,XL,veneno,propio,0,2,"colossal earth spider with a pale human-like face on its abdomen, banded legs and a nest of webs in a cave"
2307,Nue,23070,cuadrupedo,L,rayo,propio,0,2,"chimera with the face of a monkey, the body of a tanuki, tiger legs and a snake for a tail, trailing black storm clouds"
2308,Kasha,23080,cuadrupedo,L,fuego,variante,0,2,"huge two-tailed cat demon wreathed in flames, burning wheel-like rings around its legs, snatching at corpses"
2309,Raijū,23090,cuadrupedo,M,rayo,variante,0,2,"beast of thunder, a lean weasel-wolf wrapped in crackling lightning with trailing mane of sparks"
2310,Yamata no Orochi,23100,serpentino,XL,agua,propio,0,2,"eight-headed eight-tailed giant serpent with red glowing eyes and moss growing on its back, coiled over eight valleys"
2311,Gaki,23110,bipedo,S,sombra,variante,0,2,"hungry ghost with a swollen belly, thin limbs and a gaping mouth, grey wasted skin"
2312,Ōkuri-inu,23120,cuadrupedo,M,sombra,variante,0,2,"pack wolf with grey fur and pale eyes that follows travellers in the dark, ghostly breath"
2313,Daidarabotchi,23130,bipedo,XL,tierra,propio,0,2,"mountain-sized giant covered in moss and trees, forest on his shoulders, small kind eyes"
2314,Hannya,23140,bipedo,M,fuego,variante,0,2,"demon woman with long curved horns, a pale fanged face like a noh theatre mask, flowing white and red robes"
2316,Ao-oni,23160,bipedo,M,hielo,reskin,0,2,"lean blue-skinned oni with a three-pronged iron club, one long horn and cold white eyes"
2317,Ki-oni,23170,bipedo,M,rayo,reskin,0,2,"yellow-skinned oni with crackling static in its hair, two horns and a drum slung on its back"
2318,Kuro-oni,23180,bipedo,L,sombra,reskin,0,2,"black-skinned oni half hidden in shadow, red eyes, a broad kanabo club and a ragged cloak"
2319,Midori-oni,23190,bipedo,M,veneno,reskin,0,2,"green-skinned oni with mossy horns spitting toxic mist from a gourd, ragged straw coat"
2320,Gozu,23200,bipedo,L,fuego,variante,1,2,ox-headed hell warden in iron armor with a long spiked staff and heavy chains
2321,Mezu,23210,bipedo,L,fuego,reskin,1,2,horse-headed hell warden in lighter iron armor with a trident and flowing mane
2322,Ushi-oni,23220,artropodo,XL,agua,propio,0,2,"giant bull-headed sea demon with a spider-like body, rising from the shore, shell-crusted horns"
2323,Rasetsu,23230,bipedo,M,sombra,variante,1,2,"predatory demon in tattered monk robes with bright claws and fangs, hidden among ruined temple beams"
2324,Ibaraki-dōji,23240,bipedo,L,fuego,propio,0,2,"one-armed oni general with a scarred iron mask, torn armor and a broken sword, loyal lieutenant of a demon king"
2325,Hashihime,23250,flotante,M,agua,variante,0,2,"pale bridge-keeper woman in a white robe with an iron crown holding five candles, red lips and black hair floating"
2327,Tamamo-no-Mae,23270,bipedo,L,fuego,propio,0,2,"nine-tailed fox sorceress in black and red court robes with a white fox mask, nine violet foxfire tails and a halo like a pale moon"
2401,Niō (guardián abierto),24010,bipedo,L,luz,variante,2,2,"muscular temple guardian statue come alive, mouth open, fist raised, flowing scarf and stone skin"
2402,Niō (guardián cerrado),24020,bipedo,L,luz,variante,2,2,"muscular temple guardian statue come alive, mouth closed, holding a vajra, flowing scarf and stone skin"
2403,Jikokuten (Rey del Este),24030,bipedo,L,luz,variante,2,2,"armored heavenly king of the east in Buddhist temple art, holding a sword, stern face, layered armor and swirling scarves"
2404,Zōchōten (Rey del Sur),24040,bipedo,L,luz,variante,2,2,"armored heavenly king of the south holding a spear, fierce face, layered armor"
2405,Kōmokuten (Rey del Oeste),24050,bipedo,L,luz,variante,2,2,"armored heavenly king of the west holding a brush and scroll, wide watchful eyes"
2406,Bishamonten (Rey del Norte),24060,bipedo,L,luz,variante,2,2,"armored heavenly king of the north holding a pagoda and a spear, golden armor, flames behind his back"
2407,Fudō Myōō,24070,bipedo,L,luz,variante,2,2,"wrathful wisdom king with a blue-black skin, a sword and a rope, seated before a halo of flames"
2408,Tennin (doncella celeste),24080,flotante,M,luz,variante,2,2,"celestial maiden in flowing feather-light robes and scarves, hovering, serene closed eyes"
33,Mantícora,330,cuadrupedo,L,veneno,variante,0,3,"lion-bodied beast with a bearded human face, three rows of sharp teeth, ruddy orange fur, a crimson mane and a long scorpion tail bristling with dark quills"
104,Hobgoblin,1040,bipedo,S,fuego,variante,0,3,"squat sooty goblin with dark grey skin smudged with ash, glowing orange eyes, small curved horns, a toothy grin, a scorched leather apron and a tiny iron poker, bare feet"
200,Tiamat,2000,serpentino,XL,agua,propio,0,3,"colossal primordial sea dragon with a long horned head, glittering dark-teal scales, a thick serpentine body and tail, short clawed forelegs, glowing white eyes, rising from stormy salt waves"
201,Pazuzu,2010,alado,M,viento,propio,0,3,"winged demon with a gaunt scaly humanoid body, snarling dog-lion face with bulging eyes, two pairs of feathered wings, eagle talons and a scorpion tail, standing in a sandstorm"
202,Lamashtu,2020,bipedo,M,veneno,variante,0,3,"lion-headed demoness with donkey-like teeth, matted dark hair, hawk talons for feet, a long ragged robe, clutching two writhing snakes, accompanied by a small black dog and piglet"
203,Anzû,2030,alado,L,rayo,variante,0,3,"gigantic storm bird with a snarling lion head and tawny mane, massive dark-feathered wings, huge hooked talons, eagle body, lightning crackling between its feathers"
204,Mušḫuššu,2040,cuadrupedo,L,veneno,propio,0,3,"scaly dragon with a horned serpent head and forked tongue, long curving neck, lion forelegs, eagle talon hind legs, a scorpion-stinger tail, glossy blue-and-gold glazed-brick scales"
205,Ugallu,2050,bipedo,M,viento,variante,0,3,"lion-headed demon warrior with a muscular humanoid body, bird talons for feet, a scaled kilt, holding a bronze dagger and a mace, short wild mane, snarling fangs"
206,Lahmu,2060,bipedo,M,tierra,variante,0,3,"bearded hero figure with six long curls of hair, broad chest, red-banded kilt, holding a tall striped gatepost, calm stern eyes, standing in marsh mud and reeds"
207,Lahamu,2070,bipedo,M,agua,reskin,0,3,"long-haired guardian woman with braided locks bound with ribbons, long fringed dress with red bands, holding a vessel streaming water, calm stern eyes, standing among reeds"
208,Apkallu,2080,bipedo,M,agua,variante,0,3,"winged sage genie with an eagle head and tall feathered wings, fringed robe and horned crown, holding a small bucket in one hand and a pine cone in the other"
209,Utukku,2090,flotante,M,sombra,variante,0,3,"gaunt grey spirit with an elongated skull-like face, hollow glowing eyes, ragged shroud trailing into smoke, long bony fingers, faint ghostly aura"
210,Gallu,2100,bipedo,M,sombra,variante,0,3,"gaunt underworld bailiff demon with grey ashen skin, long curved horns, glowing red eyes, bony clawed hands, ragged dark robe, holding a rope and a short mace"
211,Rabisu,2110,bipedo,M,sombra,variante,0,3,"crouching spindly demon wedged in a dark doorway, shadow-black skin, long clawed fingers gripping the frame, glowing yellow eyes, pointed ears, a ragged cloth tied at the waist"
212,Lilitu,2120,alado,M,viento,variante,0,3,"winged night demoness in a long dark robe, large feathered wings of dusk-red and grey, bird talons for feet, horned headdress, pale face with glowing eyes, accompanied by two owls"
213,Asag,2130,bipedo,L,tierra,variante,0,3,"monstrous mountain demon with rough stone-like grey hide, jagged horns, heavy clawed arms, glowing orange cracks in its skin, steam rising around it, small fierce eyes"
214,Bašmu,2140,serpentino,L,veneno,variante,0,3,"huge horned viper with a thick scaly body, two short clawed forelegs, small folded wings, long fangs dripping venom, mud-brown and olive scales"
215,Ušumgallu,2150,serpentino,L,fuego,reskin,0,3,"great dragon-serpent with a dark bronze body, a crown of long horns, a mane of spines, wide leathery wings, two clawed forelegs, smoldering golden eyes"
216,Kulullu,2160,acuatico,M,agua,variante,0,3,"fish-man guardian with a human torso and arms, silver-blue scaled fish tail instead of legs, finned ears, gills on the neck, holding a long staff topped with a crescent"
217,Kusarikku,2170,bipedo,M,luz,variante,0,3,"muscular bull-man guardian with a bearded human face under curved bull horns, bull ears, human torso and arms, hooved legs, holding a tall gatepost standard, gold sun disc on his chest"
218,Girtablullû,2180,artropodo,L,veneno,variante,0,3,"scorpion-man guardian with a bearded human torso in a horned helmet, the armored chitin lower body of a giant scorpion, curved stinger raised, a spear in hand"
219,Sebettu,2190,bipedo,M,rayo,variante,0,3,"seven armored warrior spirits in dark bronze scale armor and horned helmets, glowing amber eyes, each carrying a different weapon, crackling with storm energy"
220,Lilu,2200,alado,M,sombra,reskin,0,3,"winged male night demon in a dark short kilt, broad ash-grey feathered wings, bird talons for feet, horned brow, sunken glowing eyes, long ragged beard"
222,Ugallu-león,2220,bipedo,M,rayo,reskin,0,3,"lion-headed demon guard with a thick golden mane, humanoid body in a red-banded kilt, bird talon feet, holding a long spear and a round shield, stern snarling face"
224,Humbaba,2240,bipedo,L,fuego,propio,0,3,"giant forest guardian with a grotesque face of coiled ropy ridges like a maze, huge fanged mouth, bulging eyes, lion claws, scaled legs, seven shimmering auras around him, cedar trees behind"
225,Ammit,2250,cuadrupedo,L,sombra,propio,0,3,"chimera with the head of a crocodile, the mane and forequarters of a lion, and the hindquarters of a hippopotamus, golden-ochre fur, heavy jaws, standing before a great scale"
226,Apep/Apophis,2260,serpentino,XL,sombra,propio,0,3,"colossal black serpent of chaos with a vast coiled body, glowing red eyes, gaping fanged mouth, jagged dark scales, writhing in a river of night"
228,Esfinge egipcia,2280,cuadrupedo,L,tierra,variante,0,3,"monumental sandstone sphinx with a lion's body and a calm human face wearing a striped royal headcloth, weathered golden stone, huge paws, sand sliding off its back"
229,Serpopardo,2290,cuadrupedo,M,ninguno,variante,0,3,"spotted leopard-bodied beast with an extremely long, sinuous snake-like neck and a serpent head, sleek tawny coat with dark rosettes, long tail, muscular legs"
230,Uraeus,2300,serpentino,M,fuego,variante,0,3,"rearing golden cobra with a flared hood, emerald-green eyes, scales engraved like fine jewelry, spitting a tongue of flame, coiled on a royal stone pedestal"
231,Mnevis,2310,cuadrupedo,L,luz,reskin,0,3,"large coal-black bull with a golden sun disc between its horns, red cloth over its back, radiant gold hoof tips, a solemn steady gaze, standing on a stone altar"
232,Apis,2320,cuadrupedo,L,tierra,variante,0,3,"sacred black bull with a white diamond on its forehead, a vulture-shaped white mark on its back, golden sun disc between curved horns, jeweled blanket, powerful muscular build"
233,Babi,2330,bipedo,M,ninguno,variante,0,3,"hulking baboon deity with a dog-like muzzle, thick silver-grey mane, bared fangs, muscular arms, wearing a gold collar, standing upright with clenched fists"
234,Bes,2340,bipedo,S,ninguno,variante,0,3,"bearded dwarf deity with a broad lion-like face, tongue sticking out, bowed legs, feathered crown, lion-skin cloak with a tail, brandishing a short curved knife and a drum"
235,Taweret,2350,bipedo,M,agua,variante,0,3,"upright hippopotamus goddess with lion paws for hands, a crocodile tail along her back, a long dark wig crowned with a disc, rounded belly, holding a protective charm"
236,Mafdet,2360,cuadrupedo,M,ninguno,variante,0,3,"sleek spotted big cat goddess with a long slender body, golden eyes with kohl-like dark lines, a braided collar of gold, tail curved, standing over a coiled cobra"
237,Sekhmet,2370,bipedo,M,fuego,variante,0,3,"lioness-headed goddess in a long red dress, a golden sun disc with a cobra above her head, broad golden collar, fierce amber eyes, one hand clawed, desert wind in her mane"
238,Wadjet,2380,serpentino,M,luz,reskin,0,3,"emerald-green rearing cobra goddess with a flared hood, a small red crown of Lower Egypt on her head, gold eye-markings, glowing protective eye symbol hovering beside her"
239,Sobek,2390,acuatico,L,agua,variante,0,3,"colossal crocodile god, armored green-gold scutes, crown of a sun disc between two plumes, jeweled collar, glowing amber eyes, lunging from the river with open jaws"
240,Serket,2400,artropodo,L,veneno,reskin,0,3,"golden scorpion goddess with a woman's upper body in a pleated gown and broad jeweled collar, serene crowned head, rising from a giant scorpion body with a gold-and-black carapace, raised stinger tail"
241,Shezmu,2410,bipedo,M,fuego,variante,0,3,"lion-headed god in a pleated kilt wearing a broad collar, carrying a heavy wine press beam and a large clay jar, purple grape juice staining his hands and kilt, grim expression"
242,Aker,2420,cuadrupedo,L,tierra,variante,0,3,"twin lions joined back to back, two heads facing opposite directions, golden sandy manes, glowing sun disc rising between them, massive paws planted on dark earth"
243,Ba-Pe,2430,flotante,M,sombra,variante,0,3,"dark spectral soul-spirit with a bird-like body and a pale human face, black feathered wings, long talons, faint glow around its eyes, drifting above a tomb entrance"
244,Akhekh,2440,cuadrupedo,M,ninguno,variante,0,3,"griffin-like guardian with a lion's body, a hawk's head and hooked beak, folded feathered wings, tawny fur and sandy-gold plumage, long tail ending in a tuft, sharp talons"
247,Guardianes de las puertas del Duat,2470,bipedo,M,sombra,variante,0,3,"tall gatekeeper demon with a jackal-like head and muscular body, a long knife in each hand, a snake draped on one shoulder, standing before a massive stone gate"
250,Simurgh,2500,alado,XL,luz,propio,1,3,"colossal wise bird with shimmering peacock-like tail feathers of copper, turquoise and gold, a gentle dog-like head, lion claws, broad wings sheltering a nest in a mountain tree"
251,Div,2510,bipedo,L,sombra,variante,0,3,"towering horned ogre with ash-white skin and coarse black hair, curved goat-like horns, huge clawed hands, tusks, wearing a spiked iron belt, standing at a dark cave mouth"
252,Peri,2520,alado,M,luz,variante,0,3,"graceful winged fairy woman with iridescent butterfly-like wings, long flowing sleeves in pale blue and gold, a glowing jeweled circlet, floating among clouds, scattering sparkling dust"
254,Azhdaha,2540,serpentino,L,fuego,variante,0,3,"huge horned dragon-serpent with thick olive-green scales, a mane of red spines along its neck, wide fanged jaws breathing flame, two short clawed forelegs, coiled around a rocky peak"
255,Huma,2550,alado,M,viento,variante,0,3,"elegant long-tailed phoenix-like bird with iridescent gold, teal and crimson plumage, a small crest, trailing tail feathers like ribbons, wings outstretched in soaring flight above clouds"
256,Shadhahvar,2560,cuadrupedo,M,viento,variante,0,3,"slender antelope-like beast with a tall hollow horn full of flute-like holes and branches that sings in the wind, sleek fawn coat, white belly, dark liquid eyes, delicate legs"
257,Roc,2570,alado,XL,viento,variante,0,3,"colossal eagle-like bird with enormous brown-gold wings, a hooked beak the size of a boat, massive talons clutching a boulder, feathers like long sails, a tiny ship far below"
258,Ghoul,2580,bipedo,M,sombra,variante,1,3,"gaunt desert ghoul with ashen skin stretched over a thin frame, donkey-like hooves for feet, pointed ears, sharp teeth, sunken glowing eyes, wearing a torn traveler's robe"
259,Marid,2590,flotante,L,agua,variante,1,3,"towering sea genie made of dark blue water and white foam, a muscular torso with a swirling whirlpool in place of legs, coral crown, glowing white eyes, arms raising a huge wave"
261,Jinn,2610,flotante,M,fuego,variante,1,3,"smoke-bodied genie with a human torso and a tail of swirling sand-colored smoke, glowing amber eyes, a silver turban, hovering over an oasis spring, hands weaving shimmering illusions"
262,Nasnas,2620,bipedo,M,ninguno,variante,1,3,"half-person creature split vertically down the middle with one arm, one leg and half a face, hopping on its single leg, ragged brown skin, a single glaring eye, a wild tuft of hair"
263,Bahamut,2630,alado,XL,luz,propio,1,3,"colossal silver-white dragon with four wide wings, pearl-blue scales, a long horned head with glowing sapphire eyes, fin-like frills along its neck and tail, towering above the clouds"
264,Zaratan,2640,acuatico,XL,agua,propio,0,3,"island-sized sea turtle with a rocky shell covered in trees, grass and small pools, barnacles and seaweed on its flanks, a huge wrinkled head rising from the waves"
265,Buraq,2650,cuadrupedo,M,luz,variante,2,3,"slender white winged steed, larger than a donkey and smaller than a mule, long feathered wings, gentle dark eyes, peacock-like fanned tail, golden bridle, soft glowing aura"
266,Anqa,2660,alado,L,viento,variante,0,3,"giant mythical bird with a very long swan-like neck, tawny golden body, crimson wing tips, peacock-like crest and trailing tail feathers, hooked talons, perched on a high rocky crag"
267,Al-Mi'raj,2670,cuadrupedo,S,ninguno,variante,0,3,"small hare with russet fur and long ears, a single spiral black horn on its forehead, sharp teeth, alert amber eyes, lean hind legs, crouched on sandy ground"
268,Qutrub,2680,bipedo,M,sombra,variante,1,3,"hunched ghoul with a wolf-like head on a lean man-like body, matted ash-grey fur, glowing yellow eyes, long clawed fingers, torn grave shroud, standing among old tombstones"
269,Si'lat,2690,bipedo,M,sombra,variante,1,3,"gaunt desert she-demon with pale ash-grey skin, long tangled black hair, glowing amber eyes, clawed hands, cloven hooves for feet, tattered sand-colored robes, thin sharp smile"
270,Yamma,2700,acuatico,L,agua,variante,0,3,"towering sea lord with blue-green skin, fin-like ears, kelp-braided beard, coral and shell crown, scaled forearms, driftwood trident, robe of woven seaweed, waves curling around his waist"
271,Lotan,2710,serpentino,XL,agua,propio,0,3,"colossal seven-headed sea serpent, dark blue scaled coils, silver belly plates, seven fanged heads on long necks with spiny fin crests, glowing pale eyes, rising from stormy waves"
272,Mot,2720,bipedo,L,sombra,variante,0,3,"tall gaunt lord of death in a dusty grey burial shroud, cracked dry-earth skin, skull-like face with a hugely wide hollow mouth, long bony fingers, staff of withered reeds"
273,Resheph,2730,bipedo,M,fuego,variante,0,3,"bearded warrior god in bronze scale armor and a tall white conical crown with a gazelle-head ornament, round shield, spear and bow, red cloak, embers drifting from his shoulders"
274,Se'irim,2740,bipedo,M,ninguno,variante,1,3,"shaggy goat-legged desert spirit with a bearded goat face, curved horns, coarse brown fur over a human-like torso, cloven hooves, ragged cloth wrap, leaping among ruined stones"
275,Naga,2750,serpentino,M,veneno,variante,1,3,"hooded cobra being with a human-like torso and a long green-and-gold serpent tail, flared hood marked with eye patterns, jeweled armbands, glowing gem on its brow, venom-dripping fangs"
276,Garuda,2760,alado,L,viento,propio,2,3,"majestic golden bird-lord with a white eagle head and hooked red beak, huge red-and-gold wings, muscular human-like torso in jeweled armor, taloned legs, crown of flame-like feathers"
277,Rakshasa,2770,bipedo,M,sombra,variante,1,3,"fanged demon warrior with dark crimson skin, curved tusks, pointed ears, two short horns, glowing golden eyes, heavy bronze armor, spiked iron mace, tattered saffron sash"
278,Yaksha,2780,bipedo,M,tierra,variante,1,3,"tall muscular guardian spirit with mossy green-brown skin, broad shoulders, large round eyes, curly topknot, heavy gold jewelry, carrying a stone club, roots and coins at his feet"
279,Yakshini,2790,bipedo,M,ninguno,reskin,1,3,"graceful tree spirit woman with pale green skin, long black hair adorned with white jasmine flowers, bark-like patterns on her arms, jeweled anklets, flowing red-and-gold wrap, clawed fingers, glowing eyes"
280,Asura,2800,bipedo,L,fuego,variante,1,3,"towering four-armed titan with deep red skin, tusked fierce face, golden crown and armor, holding sword, spear, axe and shield, flames curling at his shoulders"
281,Daitya,2810,bipedo,L,tierra,variante,1,3,"huge stone-grey giant with a heavy brow, two thick horns, broad scarred chest, ornate bronze belt and armlets, boulder-like fists, cracked skin glowing faintly orange, standing among shattered rocks"
282,Danava,2820,bipedo,M,sombra,variante,1,3,"lean sorcerer demon with indigo skin, long white hair, glowing violet eyes, three-pointed crown, flowing black-and-silver robes, one hand raised conjuring a ball of dark energy, curved fangs"
283,Vetala,2830,bipedo,M,sombra,variante,1,3,"emaciated corpse-spirit hanging upside down by its feet, grey-blue skin, long black matted hair, glowing red eyes, torn white funeral cloth, thin clawed fingers, tree branch overhead"
284,Preta,2840,bipedo,M,fuego,variante,1,3,"emaciated ghost with grey skeletal limbs, a hugely bloated hollow belly, long thin neck, tiny mouth leaking embers, sunken glowing eyes, tattered rags, wisps of pale smoke around its feet"
285,Pishacha,2850,bipedo,M,sangre,variante,1,3,"wild ash-covered demon with sunken red eyes, long fangs, matted hair, gaunt ribcage, claw-like nails, necklace of small bones, crouching beside the cold ashes of a funeral pyre"
286,Brahmarakshasa,2860,bipedo,M,fuego,variante,1,3,"tall ghostly scholar-demon with a crown of flames on his head, grey ashen skin, sacred thread across his chest, fangs, skull bowl in one hand, tattered white robes, banyan roots around him"
287,Churel,2870,bipedo,M,sombra,variante,1,3,"pale ghostly woman in a faded red wedding sari, long black hair covering her face, hollow dark eyes, feet turned backward, thin clawed fingers, faint mist around her ankles"
288,Bhoot,2880,flotante,M,sombra,variante,1,3,"pale translucent ghost of a villager in a tattered white shroud, no visible feet, trailing grey mist, hollow glowing eyes, long arms ending in curled fingers, faint blue glow"
289,Makara,2890,acuatico,L,agua,propio,1,3,"water monster with a crocodile jaw and elephant trunk, fish tail curled over its back, scaly green-gold body, spiral horn crest, small clawed forelegs, ornate carved-stone details, river spray"
290,Kinnara,2900,alado,M,viento,variante,2,3,"celestial musician with a human torso and the wings and tail feathers of a bird, jeweled crown, holding a lute, pale gold plumage with teal tips, feathered legs ending in talons"
291,Kinnari,2910,alado,M,viento,reskin,2,3,"celestial female musician with a human torso and rose-and-silver bird wings and tail, flower garland, tall jeweled headdress, holding a small drum, feathered legs ending in talons"
292,Gandharva,2920,bipedo,M,luz,variante,2,3,"celestial musician with golden skin, long braided hair, jeweled crown and silk scarves, playing a vina lute, standing on a cloud, soft light around him"
293,Apsara,2930,flotante,M,viento,variante,2,3,"celestial dancer floating on clouds in a flowing silk skirt and long ribbon scarves, golden crown and jewelry, graceful dance pose with one hand raised, lotus flowers drifting around"
294,Vanara,2940,bipedo,M,ninguno,variante,1,3,"agile ape-warrior with golden-brown fur and a white muzzle, long curled tail, simple cloth armor with a red sash, wooden staff, leaping through jungle branches"
295,Airavata,2950,cuadrupedo,L,rayo,variante,2,3,"colossal white elephant with four curved ivory tusks, pale blue shimmer, ornate golden headdress and jeweled saddle cloth, storm clouds swirling around its legs, small lightning sparks on its tusks"
296,Sharabha,2960,cuadrupedo,L,fuego,propio,2,3,"winged lion-bodied beast with eight legs, bird-like beak and eagle talons, thick golden mane, feathered wings, sharp fangs, glowing amber eyes, rising flames behind it"
297,Jatayu,2970,alado,L,viento,variante,2,3,"enormous old vulture with a featherless wrinkled head, broad dark brown wings, golden-tan neck ruff, powerful hooked beak, scarred battered feathers, noble proud stare"
298,Navagunjara,2980,cuadrupedo,L,ninguno,propio,2,3,"composite sacred beast with a rooster head, peacock neck, bull body, lion waist, tiger hindquarters, serpent tail, one elephant forefoot, one deer leg and a raised human hand, colorful plumage"
299,Kamadhenu,2990,cuadrupedo,M,luz,variante,2,3,"serene white cow with a gentle woman-like face, small golden wings, peacock-feather tail, flower garlands, jeweled golden horns and ankle bells, soft glow around her"
300,Yeti,3000,bipedo,L,hielo,variante,0,3,"massive shaggy white-furred ape-like giant with long arms, a dark leathery face, heavy brow, huge hands and feet, icicles in its fur, standing in blowing snow"
301,Migoi,3010,bipedo,L,hielo,reskin,0,3,"tall wild snow-man with matted dark brown fur, pale weathered face, long arms, bone necklace, wrapped in rags of yak hair, emerging from a blizzard"
302,Tsen,3020,bipedo,M,fuego,variante,1,3,"red-skinned mountain spirit in dark lacquered armor, fierce bulging eyes, flame-like hair, red banner on his back, spear in hand, standing on a rocky cliff edge"
303,Gyalpo,3030,bipedo,M,sombra,variante,1,3,"arrogant king spirit in layered dark red and gold monk-like robes, tall black ritual hat, pale stern face, sorcerer's staff, smoke swirling at his feet, cold glowing eyes"
304,Lu,3040,serpentino,M,agua,variante,1,3,"serpent-bodied water spirit with a human torso, turquoise scales, hooded head with small horns, pearl necklace, glowing blue eyes, coiled in clear mountain lake water"
305,Dre,3050,bipedo,M,sombra,variante,1,3,"hunched black-skinned demon with matted standing hair, bulging red eyes, long fangs, gaunt ribcage, clawed hands, tattered yak-hair cloak, hiding among snowy boulders"
306,Mamo,3060,bipedo,M,sombra,variante,2,3,"wrathful dark-blue female spirit with three bulging eyes, flowing black hair, necklace of small carved skulls, tiger-skin skirt, ritual blade and skull bowl in her hands, flames behind her"
307,Khyung,3070,alado,L,viento,variante,2,3,"great golden sky-bird with an eagle head, a pair of curved horns, spread wings of gold and turquoise feathers, human-like torso with a sash, taloned feet, clouds around it"
308,Druk,3080,serpentino,L,rayo,reskin,1,3,"long pearl-white serpentine dragon with turquoise mane and belly scales, four clawed legs, a pearl in its claw, pale blue eyes, rising from clouds with small lightning sparks"
309,Snow Lion,3090,cuadrupedo,M,hielo,variante,1,3,"white-furred lion with a flowing turquoise mane and tail tuft, golden eyes, powerful paws, standing on a snowy peak with snowflakes drifting around, fierce yet gentle expression"
310,Almas,3100,bipedo,M,ninguno,variante,0,3,"stocky hairy wild man with reddish-brown fur, low sloping brow, long arms, broad flat feet, matted hair, rough animal-hide wrap, crouching in a rocky mountain meadow"
311,Mongolian death worm,3110,serpentino,M,veneno,variante,0,3,"thick sausage-shaped sand worm with deep crimson mottled skin, blunt tapered ends, spiny ridged segments, gaping toothless mouth spraying yellow venom, half buried in desert sand"
312,Demonio del lago,3120,acuatico,M,agua,variante,1,3,"slimy dark green lake demon with a broad flat head, fin-like forearms, hooked claws, glowing yellow eyes, tangled waterweed hair, pale belly, rising from an icy mountain lake"
313,Espíritu de Kangchenjunga,3130,flotante,L,hielo,variante,2,3,"towering mountain spirit of snow and stone, tall figure in white and blue robes with a crown of ice crystals, long silver beard, calm stern face, cloak of glacier mist"
314,Naga himalayo,3140,serpentino,M,hielo,reskin,1,3,"pale blue-white hooded serpent being with a human-like torso, frosty scales, crystal ice crest, glowing pale eyes, coiled on a snowy ledge, breathing cold mist"
315,Thunderbird himalayo,3150,alado,L,rayo,reskin,1,3,"huge storm-grey bird with golden-tipped wings, crest of curved horns, glowing blue eyes, sparks of lightning along its feathers, clawed talons, soaring above snowy peaks"
317,Yaksha tibetano,3170,bipedo,M,tierra,reskin,1,3,"tall muscular guardian spirit with dark blue-grey skin, fur-trimmed red robe, round bulging eyes, topknot, stone club in hand, turquoise and coral jewelry, standing on a rocky ledge"
318,Espíritu Lhamo,3180,flotante,M,fuego,variante,2,3,"wrathful guardian goddess spirit with dark blue skin, three eyes, flaming orange hair, crown of small skulls, ornate armor, ritual staff, floating amid fire and clouds"
319,Demonio de montaña tibetano,3190,bipedo,L,tierra,variante,1,3,"giant mountain demon with rough grey rock skin, jagged horns, mossy shoulders, glowing orange eyes, thick stone-like fists, boulders and snow clinging to his back"
320,Dragón de Kham,3200,serpentino,L,viento,reskin,0,3,"long green-and-silver serpentine dragon with four clawed legs, antler-like horns, pale whiskers, wind-swept mane, glowing amber eyes, coiled around a forested cliff above a valley"
322,Bestia de Ladakh,3220,cuadrupedo,M,hielo,variante,0,3,"lean mountain beast with thick grey-white shaggy fur, long banded tail, powerful short legs, broad paws, small curved horns, pale blue eyes, stalking a rocky ridge"
323,Serpiente de Manasarovar,3230,serpentino,L,agua,variante,1,3,"great turquoise-scaled lake serpent with pearl-white belly, small antlers on its head, long whiskers, glowing pale eyes, coiled in clear mountain lake water with lotus petals floating"
325,Long,3250,serpentino,L,agua,propio,0,3,"majestic long serpentine dragon with emerald scales, golden belly, antler-like horns, flowing whiskers, four clawed legs, a pearl in its claws, riding swirling clouds, flame-like mane"
326,Qilin,3260,cuadrupedo,M,fuego,variante,0,3,"graceful scaled deer-bodied beast with a dragon-like head, single curved horn, ox tail, golden-green scales, flames licking its hooves and mane, calm benevolent eyes"
327,Fenghuang,3270,alado,L,luz,variante,0,3,"elegant long-tailed phoenix with a pheasant-like head, red feather crest, plumage of red, gold, blue, green and white, trailing ribbon-like tail feathers, graceful spread wings"
328,Bai Ze,3280,cuadrupedo,M,ninguno,variante,0,3,"white lion-like beast with a bearded goat-like face, two curved horns, extra eyes along its flanks, long flowing mane, calm scholarly gaze, clouds around its paws"
329,Taotie,3290,cuadrupedo,L,ninguno,propio,0,3,"bulky goat-bodied monster with a huge bronze-colored mask-like human face, protruding eyes, wide tiger-fanged mouth, curling horns, spiral patterns on its flanks, extra eyes under its forelegs"
330,Jiangshi,3300,bipedo,M,sombra,variante,0,3,"stiff hopping corpse with pale green-grey skin, arms stretched rigidly forward, long dark nails, yellow paper talisman on its forehead, dark official robes and a flat-topped hat"
331,Huli jing,3310,bipedo,M,ninguno,variante,0,3,"elegant fox spirit in human form with russet fox ears and a fluffy tail, narrow amber eyes, silk robes in crimson and cream, folded paper fan, a faint glowing orb of foxfire"
332,Yaoguai,3320,bipedo,M,ninguno,variante,0,3,"generic mountain monster in tattered armor, grey-green warty skin, boar-like tusked snout, small horns, spiked club, glowing red eyes, fur cloak on broad shoulders"
333,Nian,3330,cuadrupedo,L,ninguno,variante,0,3,"huge lion-headed beast with a single curved horn, ox-like muscular body, matted dark-gold mane, large fangs, heavy clawed paws, red-rimmed glowing eyes"
334,Pixiu,3340,cuadrupedo,M,tierra,variante,0,3,"winged lion-like guardian with curved horns, scaled golden-brown body, thick mane, short feathered wings, fierce stance, coins and jade beads at its feet"
335,Qinglong,3350,serpentino,L,agua,reskin,1,3,"azure dragon with a long sky-blue serpentine body, pale silver whiskers, antler-like horns, four clawed legs, a pearl in its claw, rain clouds swirling around"
336,Baihu,3360,cuadrupedo,L,viento,variante,1,3,"large white tiger with black stripes, steel-grey claws, glinting silver markings on its shoulders, piercing pale-blue eyes, autumn leaves swirling around it"
337,Zhuque,3370,alado,L,fuego,reskin,1,3,"vermilion phoenix with fire-red and gold feathers, long flowing tail plumes, crest of flames, sharp golden beak, wings trailing sparks, glowing ember eyes"
338,Xuanwu,3380,cuadrupedo,XL,agua,propio,1,3,"giant black tortoise with a thick ridged shell etched with pale markings, a serpent coiled around its body with its fanged head raised, dark blue scales, mist and water around"
339,Jiuwei hu,3390,cuadrupedo,L,fuego,variante,0,3,"large nine-tailed white fox with silver-white fur, nine long fluffy tails tipped with blue flame, narrow golden eyes, red markings on its face, standing on a mountain ledge"
340,Hundun,3400,flotante,M,sombra,propio,0,3,"faceless sack-shaped being with smooth yellow-orange skin like cinnabar, six short legs and four small wings, no eyes or mouth, a soft glow, drifting among swirling dust"
341,Dijiang,3410,flotante,M,fuego,reskin,0,3,"faceless sack-shaped being with smooth cinnabar-red skin, six short legs and four small wings in dull gold, no eyes or mouth, sound ripples radiating around it"
342,Taowu,3420,cuadrupedo,L,ninguno,variante,0,3,"huge tiger-bodied beast with a shaggy mane, a stern human-like face, boar-like tusks, long thick tail, coarse brown-gold fur with dark stripes, heavy paws"
343,Qiongqi,3430,cuadrupedo,L,viento,variante,0,3,"winged tiger with spiky bristled fur like a hedgehog, large grey-black feathered wings, fanged snarling mouth, glowing yellow eyes, clawed paws, storm clouds around"
344,Yinglong,3440,alado,L,agua,variante,0,3,"winged dragon with a long golden-brown scaled body, broad membranous wings, horned head, four clawed legs, whiskered snout, rain falling from beneath its wings"
345,Zhulong,3450,serpentino,XL,fuego,variante,0,3,"giant crimson serpent-bodied deity with a calm human face, vertical glowing eyes, scales shining like embers, endless coils over a dark snowy mountain, lantern-like light in its mouth"
346,Jiaolong,3460,serpentino,L,agua,variante,0,3,"scaly river dragon with a long muscular grey-green body, four short clawed legs, hornless pointed head, red fin crest along its back, long barbels, pale eyes, thrashing in turbulent water"
347,Kui,3470,cuadrupedo,L,rayo,propio,0,3,"ox-like beast with a single thick leg, grey hornless body, glowing golden eyes, thunder-cloud halo, lightning around its hoof, standing in surging waves"
348,Peng,3480,alado,XL,viento,propio,0,3,"colossal bird with deep indigo and teal plumage, vast wings like storm clouds, golden hooked beak, long crested head, sweeping tail feathers and fish-scale patterns along its chest, soaring above a whirlwind"
349,Bifang,3490,alado,M,fuego,variante,0,3,"crane-like bird balancing on a single leg, blue-green body with red markings, white beak, long neck and tail, small flames licking its feathers, glowing ember eyes"
375,Dokkaebi,3750,bipedo,M,fuego,variante,0,3,"stocky horned goblin with a wide grin and shaggy hair, striped cloth trousers, a studded wooden club over one shoulder, a small pointed hat, blue spirit flames dancing on his shoulders"
376,Gumiho,3760,cuadrupedo,M,fuego,reskin,0,3,"sleek white fox with nine long flowing tails, crimson ear tips and eyes, a glowing blue orb floating before its mouth, faint violet mist around its paws"
377,Imugi,3770,serpentino,L,agua,variante,0,3,"giant gray-green serpent with a thick scaled body, no horns or legs but small bumps where they would grow, large pearly eyes, small jaw frills, coiled in a deep pool"
378,Bulgasari,3780,cuadrupedo,L,tierra,propio,0,3,"bear-bodied beast with an elephant's trunk, small rhinoceros-like eyes, ox tail and tiger paws, dark iron-gray hide studded with nails and rusty blades it has swallowed"
379,Haetae,3790,cuadrupedo,M,agua,variante,0,3,"stocky lion-like guardian beast covered in stone-gray scales, one curved horn on its forehead, thick mane, large round eyes, a small golden bell at its neck"
380,Gwisin,3800,flotante,M,sombra,reskin,0,3,"pale ghost in a white mourning hanbok jacket and long skirt tied with a hemp cord, long loose black hair covering most of her face, floating above the ground, faint blue glow"
381,Cheonyeo gwishin,3810,flotante,M,sombra,reskin,0,3,"young maiden ghost in a pale hanbok with a red ribbon and a bridal hairpin, long black hair, sorrowful white face, drifting weightlessly, cold lantern-like lights circling her"
382,Jangsan Tiger,3820,cuadrupedo,L,ninguno,variante,0,3,"large white tiger-like beast with long soft pale fur, faint grey stripes, narrow silver eyes and an unsettlingly human-shaped mouth, stalking among misty mountain pines"
383,Pontianak,3830,flotante,M,sombra,reskin,0,3,"pale ghost woman in a long white dress with long black hair, sharp curved nails, a frangipani flower behind her ear, hollow dark eyes, floating beneath banana leaves in moonlight"
384,Penanggalan,3840,flotante,S,sangre,reskin,1,3,"floating woman's head with pale skin and long black hair, glowing red eyes and fangs, dangling glowing ghostly tendrils trailing beneath like a comet tail, drifting between village huts"
385,Toyol,3850,bipedo,S,sombra,variante,1,3,"small bald child-sized imp with pale green skin, huge red eyes, pointed ears and sharp little teeth, wearing a tiny cloth wrap, clutching a stolen coin pouch"
386,Orang minyak,3860,bipedo,M,sombra,variante,1,3,"shadowy man whose whole body is coated in thick glossy black oil, dark wrap sarong, dripping wet hair, glinting white eyes, slick fingers, crouching on a thatched rooftop at night"
387,Phi Krasue,3870,flotante,S,luz,reskin,1,3,"floating woman's head with long black hair and a soft green-white glow, hollow eyes, gaping mouth, glowing ghostly tendrils dangling beneath it like a comet tail over rice fields"
388,Phi Pop,3880,bipedo,M,sombra,variante,1,3,"gaunt hunched figure in ragged clothes with glowing red eyes, pale ashen skin and an unnaturally wide stretched grin, wisps of dark smoke trailing from its shoulders"
389,Aswang,3890,bipedo,M,sangre,variante,1,3,"gaunt night-form shapeshifter hunched under a ragged dark cloak, long black hair, glowing red eyes, a long thin snake-like tongue, clawed fingers, pale grey skin"
390,Manananggal,3900,alado,M,sangre,propio,1,3,"upper half of a woman's body with huge dark leathery bat wings, long black hair, sharp fangs and a thin extended tongue, flying alone with only wisps of dark smoke below the waist"
391,Tikbalang,3910,bipedo,L,ninguno,variante,0,3,"tall thin horse-headed humanoid with long limbs, dark brown coat, a wild black mane, large nostrils, hooved feet and long fingers, towering at the edge of a misty forest"
392,Kapre,3920,bipedo,L,tierra,variante,1,3,"giant tree-dwelling spirit with bark-textured skin, mossy shoulders, thick vine-like arms, glowing amber eyes, sitting in a huge old tree puffing smoke from a long wooden pipe"
393,Bakunawa,3930,serpentino,XL,sombra,propio,0,3,"colossal sea serpent-dragon with a crimson sinuous body, gaping mouth wide enough to swallow the moon, curved tusks, fin-like wings, glowing eyes and scales shining with deep ocean light"
394,Sarimanok,3940,alado,S,luz,variante,1,3,"ornate rooster-like bird with brilliant green, gold and red plumage in scrolling patterns, a long fanned tail, golden crest, a small silver fish held in its beak"
395,Naga sudeste asiático,3950,serpentino,L,agua,variante,2,3,"giant multi-headed cobra with seven hooded heads fanned like a crown, emerald and gold scales, jeweled crests, calm glowing eyes, coiled around a temple staircase"
396,Garuda sudeste asiático,3960,alado,L,fuego,variante,2,3,"majestic winged bird-man with a golden body, white face, sharp curved beak, red wings spread wide, feathered crown, jeweled armlets and strong talons"
398,Leyak,3980,flotante,S,fuego,reskin,1,3,"floating head of a witch with bulging eyes, long fangs and a lolling tongue, wild hair, green-red flame trailing behind with dangling glowing tendrils, drifting through a jungle night"
399,Barong,3990,cuadrupedo,M,luz,variante,2,3,"shaggy lion-like guardian spirit with bulging eyes and large fangs, a mane of white fur, a golden carved crown, ornate gold and red decorations, walking on four legs"
515,Ouroboros,5150,serpentino,XL,ninguno,propio,0,3,"enormous dark-scaled serpent coiled into a perfect circle biting its own tail, gold-edged belly scales, glowing amber eyes, faint alchemical glyphs along its body, mist inside the ring"
525,Ziz,5250,alado,XL,viento,propio,1,3,"colossal bird with vast dark-blue feathered wings that blot out the sun, golden talons, a crested head with a hooked beak, and storm clouds gathering around its shoulders"
543,Ochokochi,5430,bipedo,L,ninguno,variante,0,3,"tall shaggy wild man of the mountain forest, covered in long coarse brown fur, heavy brow and yellow tusk-like teeth, enormously long arms and a gnarled club made from a pine trunk"
577,Abaasy,5770,bipedo,L,sombra,variante,1,3,"hulking underworld demon with iron-grey skin, a single large eye, jagged tusks, asymmetric body with one huge clawed arm, shaggy dark fur cloak and cold breath rising like frost"
625,Arzhan,6250,flotante,M,agua,variante,1,3,"gentle spring spirit rising from a mountain pool, a translucent figure of clear water with a halo of mist, long flowing hair of rippling currents and soft white glowing eyes"
626,Bakeneko siberiano,6260,bipedo,M,hielo,reskin,0,3,"large spirit cat standing on its hind legs with thick silver-white lynx fur, tufted ears, ice-blue eyes, frost crystals along its whiskers and a long ringed tail swirling with snow"
627,Buniyip siberiano,6270,acuatico,L,agua,reskin,0,3,"bulky lake beast with a seal-like dark brown body, shaggy mane around a horse-like head, long tusks, flipper limbs and a thick tail, lurking in cold grey water with ice floes"
628,Chuchun,6280,bipedo,L,hielo,variante,0,3,"tall hairy snow-dwelling giant covered in thick grey-brown fur, heavy brow, very long arms, frost crusted in its fur and enormous bare feet leaving deep prints"
630,Erlik's servants,6300,bipedo,M,sombra,variante,1,3,"gaunt underworld servant with ash-grey skin, a horned iron helmet, glowing red eyes, a ragged black cloak, a curved blade and rusted chains, trailing cold dark smoke"
631,Hulagu beast,6310,cuadrupedo,L,ninguno,variante,0,3,"large steppe beast with a heavy shaggy mane of coarse brown fur, a broad wolf-like head, thick limbs ending in broad claws, small deep-set eyes and a long ragged tail"
632,Kara-Kura,6320,flotante,M,sombra,variante,1,3,"dark shapeless night wraith with a hunched silhouette of black smoke, two pale slit eyes, long thin dangling arms and drifting wisps of cold sand and shadow around it"
633,Karakurt spirit,6330,artropodo,M,veneno,variante,0,3,"giant glossy black spider with thirteen red spots on its swollen abdomen, long thin legs, dripping fangs and a pale spirit-like mist halo, clinging to a rocky overhang"
634,Kermes,6340,bipedo,M,ninguno,variante,0,3,"gaunt steppe spirit in a ragged felt coat and pointed fur hat, ash-grey skin, long braided black hair, faintly glowing amber eyes, clawed hands, small dust whirl at its feet"
635,Mergen spirit,6350,bipedo,M,ninguno,variante,0,3,"tall spectral archer in a fur-trimmed felt coat and pointed cap, pale blue translucent skin, drawing a long recurved horn bow, quiver of bone arrows on its back"
638,Otshirvani beast,6380,bipedo,M,rayo,variante,2,3,"wrathful blue-skinned guardian in layered silk scarves and gilded armor, raising a golden thunderbolt scepter, crown of five jewels, ring of flames behind, standing on a lotus"
639,Shurale,6390,bipedo,M,ninguno,variante,0,3,"tall shaggy forest ogre with coarse brown fur, a single curved horn on its forehead, one very long crooked finger, goat-like ears and glowing yellow eyes"
640,Su-Mergen,6400,bipedo,M,agua,reskin,0,3,"lean spectral hunter with teal-grey skin, coat of overlapping fish-scale plates, river-reed cap, bow of bleached driftwood, long wet hair dripping, quiver of fish-bone arrows"
641,Tepegöz,6410,bipedo,L,tierra,propio,0,3,"colossal one-eyed ogre with stone-hard grey-brown skin, a single huge eye in the middle of its forehead, thick matted hair, massive bare fists and a rough hide kilt"
642,Tulpar,6420,alado,L,viento,variante,0,3,"powerful winged steppe horse with a glossy dark chestnut coat, broad feathered wings of white and gold, flowing silver mane and tail braided with ornamental ribbons, gleaming hooves"
643,Ubır,6430,bipedo,M,sangre,variante,0,3,"gaunt pale vampire in tattered dark felt robes, sunken glowing red eyes, long sharp nails, elongated fangs, tangled black hair and a bat-like cloak"
644,Udege forest spirit,6440,bipedo,L,tierra,variante,1,3,"tall moss-covered taiga spirit with a bark-like face, antler branches growing from its head, lichen beard, glowing green eyes, body of tangled roots and pine needles"
646,Yalmauz,6460,bipedo,L,ninguno,variante,0,3,"towering ogress with grey-green leathery skin, tangled waist-length white hair, a long hooked nose, heavy clawed hands and ragged sheepskin clothes, bundle of bones tied at her belt"
647,Zhalmauyz Kempir,6470,bipedo,M,ninguno,reskin,0,3,"hunched old ogress in a faded patchwork felt coat and headscarf, sallow green-grey skin, a very long nose, iron-tipped walking stick, sack slung over her shoulder, wicked grin with crooked teeth"
648,Zmey Siberiano,6480,serpentino,L,fuego,variante,0,3,"long scaly dragon-serpent with dark green and bronze scales, two short horns, small forelegs with hooked claws, smoking nostrils and a spiked ridge along its back"
649,Ao Guang dragon,6490,serpentino,XL,agua,propio,1,3,"colossal azure sea dragon with a long scaled body, antlered head, flowing white whiskers, golden pearl in its claws, four taloned limbs, mane of pale foam and a crown of coral"
650,Ao Qin dragon,6500,serpentino,XL,fuego,reskin,1,3,"colossal crimson sea dragon with long scaled body, antlered head, white whiskers, ember-orange mane, four taloned limbs, a glowing red pearl in its claws and coral-red crest"
651,Ao Run dragon,6510,serpentino,XL,hielo,reskin,1,3,"colossal pearl-white sea dragon with long scaled body, antlered head, pale silver whiskers, frost-blue mane, four taloned limbs, a moonstone pearl in its claws and a crest of ice-like spines"
652,Ao Shun dragon,6520,serpentino,XL,sombra,reskin,1,3,"colossal midnight-black sea dragon with long scaled body, antlered head, grey whiskers, dark teal mane, four taloned limbs, a deep-blue pearl in its claws and a crest of black kelp-like fins"
653,Baihu spirit,6530,cuadrupedo,L,viento,reskin,1,3,"large white tiger with bold black stripes, pale silver-blue eyes, long curved fangs, a faint mist of wind swirling around its shoulders and thick pale paws"
654,Baxian beast,6540,cuadrupedo,M,ninguno,variante,1,3,"calm white mule-like beast with a jade-green saddle blanket, small curved horns, cloud-like swirls around its hooves, long ears and golden eyes, red silk ribbons tied to its mane"
655,Chiwen,6550,serpentino,S,agua,variante,0,3,"small roof-guardian dragon with a stout scaled body, fish-like upswept tail, wide open mouth showing rounded teeth, short horns, coiled stone-grey and teal scales, spouting a thin jet of water"
656,Chimera of Shanhaijing,6560,cuadrupedo,M,ninguno,variante,0,3,"composite mountain beast with an ox-like horned head, striped tiger body, bird feathers along the spine, a snake-like tail and mismatched eyes of amber and green"
658,Fei Lian,6580,alado,L,viento,propio,1,3,"wind-spirit beast with a deer's body covered in leopard spots, a sparrow-like head with short horns, broad grey feathered wings and a long snake tail, swirling cloud wisps at its hooves"
659,Jingwei,6590,alado,S,tierra,variante,0,3,"small crow-like bird with a patterned dark-and-white head, white beak, bright red feet and blue-black feathers, carrying a small pebble and a twig in its claws"
661,Longma,6610,cuadrupedo,L,agua,propio,0,3,"dragon-horse with a powerful horse body covered in jade-green scales, a dragon's head with antlers, flaming mane, feathered fetlocks, spread wings and a long tufted tail"
663,Qingniao,6630,alado,S,viento,variante,0,3,"slender blue-green bird with a crimson head, dark eyes, long trailing tail feathers, a silk message ribbon tied around one foot, shimmering turquoise wings"
664,Shan Xiao,6640,bipedo,S,veneno,variante,0,3,"tiny one-legged mountain imp about knee-high with a wrinkled brown face, a single leg with a backward-facing heel, patchy fur, big round eyes and a tattered straw cape"
665,Shan Gui,6650,bipedo,M,viento,variante,0,3,"slender mountain spirit maiden in a cloak of fig leaves and wisteria vines, pale green skin, a red leopard at her side, mist curling around her feet"
667,Tian Gou,6670,cuadrupedo,L,sombra,variante,0,3,"celestial hound with sleek black fur, a white head, glowing golden eyes, long fiery streaking tail like a comet and sharp curved fangs, star-like specks in its coat"
668,Wuzhiqi,6680,bipedo,L,agua,variante,0,3,"giant water ape with shaggy white head fur, golden glowing eyes, snow-white fangs, long powerful arms, mossy green-grey body and a rusted iron chain wrapped around its neck"
669,Xiezhi,6690,cuadrupedo,L,luz,propio,0,3,"single-horned sacred beast with an ox-like muscular body, lion-like mane, dark green scales along its flanks, one long straight black horn, golden eyes and cloven hooves"
670,Xing Tian,6700,bipedo,L,ninguno,propio,0,3,"headless giant warrior with two large eyes on his chest and a fanged mouth on his belly, bronze arm guards, tattered kilt, huge bronze axe and round shield"
671,Yuqiang,6710,alado,L,viento,propio,1,3,"sea-wind deity with a bird's body of dark blue feathers and a calm human face, two green snakes hanging from his ears, two red snakes coiled around his clawed feet"
672,Zhenniao,6720,alado,M,veneno,variante,0,3,"large eagle-sized bird with a long neck, glossy purple-green plumage, red beak and eyes, scaly legs and feather tips dripping pale green venom"
699,Cheuksin,6990,bipedo,M,sombra,variante,1,3,"tall ghostly woman in a long white robe with extremely long black hair trailing to the floor, pale gaunt face, thin hands, faint cold glow around her"
701,Eoduksini,7010,flotante,M,sombra,variante,0,3,"pitch-black shadow figure shaped like a hunched human silhouette, featureless smooth body, two faint pale eyes, long drooping arms, edges smoking like dark mist"
703,Gwisin de agua,7030,flotante,M,agua,reskin,0,3,"drowned ghost with algae-green skin, pondweed and shells tangled in long black hair, rotted indigo robe dripping water, glowing teal eyes and long thin hands reaching upward"
706,Jacheongbi's serpent,7060,serpentino,L,agua,reskin,1,3,"slender golden-brown serpent with dark diamond markings, cream belly, small red-gold eyes and a ribbon of woven barley straw tied around its neck"
709,Mogwai coreano,7090,bipedo,S,sombra,variante,0,3,"squat horned imp with warty dark-green skin, pointed ears, wide fanged grin, long clawed fingers, short stubby tail and glowing yellow eyes"
710,Mulgwishin,7100,flotante,M,agua,variante,0,3,"soaked white-robed water ghost with pale grey-blue skin, long dripping black hair hiding its face, thin arms reaching up from the water, wet cloth clinging to a hovering body"
711,Samjok-o,7110,alado,M,luz,variante,0,3,"large crow with three clawed legs, glossy black plumage tinged with gold, a halo of warm sunlight behind its head, sharp beak and fiery orange eyes"
712,Sangja spirit,7120,flotante,S,ninguno,variante,1,3,"small pale spirit in a patched hemp robe with a round expressionless face, thin glowing eyes, long sleeves covering its hands and a faint cold glow around its feet"
713,Samsin's guardians,7130,bipedo,M,luz,variante,1,3,"serene guardian spirits in layered pale pink and white robes with long flowing sleeves, soft golden glow, holding woven straw baskets and rice stalks"
714,Wanggwishin,7140,flotante,M,sombra,reskin,0,3,"gaunt ghost in a plain white funeral robe with disheveled grey hair, hollow sorrowful eyes, an empty offering bowl in its hands and trailing wisps of cold pale fire"
715,Yeongno,7150,bipedo,M,ninguno,variante,0,3,"tall masked monster with a large dragon-like head and wide gaping mouth of big square teeth, shaggy straw and cloth body in yellow and red, long swaying sleeves and a serpent-like tail"
716,Yongwang's servants,7160,bipedo,M,agua,variante,1,3,"sea court attendants with turtle shells on their backs and fish-like heads, blue-green scaly skin, pearl-studded armor plates, coral spears and webbed hands"
719,Gwangdae spirit,7190,bipedo,M,ninguno,variante,0,3,"masked traveling performer spirit in a bright patchwork costume with long colorful sleeves, a grinning carved wooden mask, wide hat with ribbons and a small drum"
721,Mungyeong spirit,7210,flotante,M,viento,variante,0,3,"mountain-pass spirit in a weathered grey travelling cloak and wide-brimmed bamboo hat, faintly glowing pale face, a walking staff and swirling mist at its feet"
722,Jeju water serpent,7220,serpentino,L,agua,variante,1,3,"large dark-green water serpent with a pale blue belly, glossy overlapping scales, a broad flat head with amber eyes and a faint crest of spines along its neck"
724,Bajang,7240,cuadrupedo,S,sombra,variante,1,3,"small sleek polecat-like familiar with glossy dark brown fur, long slender body, short legs, sharp teeth, glowing red eyes and a small bamboo tube charm at its neck"
725,Bal-Bal,7250,bipedo,M,sombra,reskin,1,3,"gaunt ghoul with ashen blue-grey skin, tall hunched frame, long curved yellow claws, sunken red eyes, a banana-leaf shroud over its shoulders and a trailing rope of dried vines"
726,Berbalang,7260,bipedo,M,sombra,variante,1,3,"lean pale ghoul with cat-like glowing green eyes, translucent grey skin, long curved claws, tattered dark cloth wrap, a faint second ghostly outline trailing behind it"
728,Camarupa,7280,bipedo,M,ninguno,variante,0,3,"shape-shifting humanoid caught mid-change, one half a human figure in simple robes and the other half a dark furred beast with claws, shimmering outline, glowing amber eyes"
729,Duwende,7290,bipedo,S,tierra,variante,1,3,"tiny goblin-like dwarf with a wrinkled brown face, long white beard, oversized pointed red cap, earth-brown tunic, knobby hands and bare feet beside a termite mound"
730,Ekek,7300,alado,M,sombra,reskin,1,3,"night-flying bird-man with large black feathered wings, a long hooked beak, sharp talons, thin hunched torso covered in dark feathers and glowing red eyes"
731,Hantu Air,7310,flotante,M,agua,reskin,1,3,"swamp-green water ghost with translucent skin, matted hair full of lily pads, webbed fingers, hollow white eyes and a tattered mud-brown cloth dripping murky water"
732,Hantu Raya,7320,bipedo,M,sombra,variante,1,3,"tall shadowy humanoid with jet-black smoky body, glowing crimson eyes, long clawed fingers, a faint pale grey outline of a man's face and clothes, smoke trailing from its shoulders"
733,Kuyang,7330,flotante,S,sangre,reskin,1,3,"pale floating woman's head with long black hair, glowing amber eyes and small fangs, trailing long dark-red ribbon-like tendrils from its neck, drifting above jungle ferns at night"
734,Mangkukulam,7340,bipedo,M,sombra,variante,1,3,"gaunt witch in layered dark red and black cloth wraps with long ash-grey hair tied by cords, holding a wax doll pierced with pins, a small black crow perched on her shoulder"
736,Orang Bunian,7360,bipedo,M,luz,variante,1,3,"graceful forest folk in flowing silk wraps of green and gold, faintly translucent with shimmering outlines, pale glowing eyes, holding woven leaf fans, half fading into jungle mist"
737,Orang Pendek,7370,bipedo,S,ninguno,variante,0,3,"short stocky ape-like humanoid with long shaggy reddish-brown hair, broad flat face, long muscular arms and backward-turned feet, crouching among tangled jungle roots"
742,Rangda,7420,bipedo,L,fuego,propio,2,3,"towering demon queen with bulging red eyes, long fangs, a very long flame-like tongue, wild white hair, long curved claws and a garland of dried flowers and carved wooden beads"
743,Sangkay,7430,bipedo,M,ninguno,variante,1,3,"ambiguous forest spirit shaped like a slender robed figure with a pale mask-like face, softly glowing eyes, a leaf-woven cloak and wisps of mist curling around its feet"
744,Sundel Bolong,7440,flotante,M,sombra,reskin,1,3,"ghostly pale woman in a tattered white dress with floor-length black hair, a hollow glowing cavity in her back half hidden by the hair, empty eyes, hovering above the ground"
746,Tiyanak,7460,bipedo,S,sombra,variante,1,3,"small baby-sized creature in a dirty white cloth with an oversized head, glowing red eyes, needle-sharp teeth, gray leathery skin and long clawed fingers, crouching on forest leaves"
747,Wakwak,7470,alado,M,viento,variante,1,3,"gaunt winged ghoul with wide leathery bat-like wings, long hooked talons, a pale hollow-cheeked face with glowing yellow eyes and ragged dark feathers along its arms"
748,Acheri,7480,flotante,S,sombra,variante,0,3,"small ghost of a young girl in a faded saffron dress, pale grey skin, long tangled black hair, glowing white eyes, her long shadow stretching ahead across a misty mountain slope"
749,Baital,7490,bipedo,M,sombra,reskin,1,3,"gaunt corpse-like spirit hanging upside down from a tree branch by its feet, grey-green skin, sunken glowing eyes, tattered white burial cloth, long thin fingers, smoke curling around it"
752,Dhumavati's spirits,7520,flotante,S,sombra,variante,1,3,"smoky grey wraiths with hollow dark eyes, tattered ash-colored shrouds and faintly crow-like beaked faces, trailing smoke, drifting through crumbling stone ruins"
753,Gandaberunda,7530,alado,XL,viento,propio,1,3,"colossal two-headed eagle-like bird with hooked golden beaks, broad dark-brown wings, a fanned crimson-and-gold tail and huge talons clutching a boulder"
754,Karkadann,7540,cuadrupedo,L,tierra,variante,0,3,"huge rhinoceros-like beast with thick armored grey-brown hide, one long straight spiral horn on its brow, heavy legs and small fierce eyes, mud and torn vines on its flanks"
755,Khechari,7550,flotante,M,viento,variante,1,3,"robed sky-walking spirit floating cross-legged above the clouds, long trailing scarves of saffron and white, serene glowing face, one hand raised stirring a spiral of wind"
758,Mara,7580,bipedo,L,sombra,variante,1,3,"demon king with deep crimson skin, six arms holding spears, bows and a mirror, tusked grinning face under a tall black-and-gold crown, ornate dark armor and flowing robes"
759,Masaan,7590,flotante,S,fuego,variante,1,3,"small child-like spirit made of ash and glowing embers, sooty grey skin, ember-orange eyes, tiny clawed hands, trailing sparks, crouching on a cracked stone platform"
760,Mohini spirit,7600,bipedo,M,luz,variante,2,3,"graceful celestial enchantress in a flowing crimson and gold silk sari, jeweled crown and bangles, a glowing lotus in one hand, a serene smile, shimmering illusion petals swirling around her"
761,Narasimha,7610,bipedo,L,fuego,variante,2,3,"powerful man-lion deity with a golden lion's head and mane, blazing amber eyes, muscular human body in a gold waistcloth, long claws, bursting from a carved stone pillar"
763,Rakshasi,7630,bipedo,M,sombra,reskin,1,3,"shapeshifting demoness with ash-blue skin, tall curved fangs, glowing yellow eyes, wild black hair, clawed hands, a torn crimson and gold sari, and a shimmering illusion of a beautiful woman around her"
764,Ruru,7640,cuadrupedo,M,luz,variante,2,3,"majestic golden deer with a shining coat, tall branching antlers wrapped in glowing lotus vines, gentle dark eyes, standing at a calm forest river"
766,Siddha guardian,7660,bipedo,M,luz,variante,2,3,"serene ascetic guardian in a saffron robe with long matted hair in a topknot, a glowing halo, prayer beads, one hand lifting a ball of white light"
768,Vetalini,7680,bipedo,M,sombra,reskin,1,3,"female corpse-spirit with grey-green skin, long tangled black hair hanging over a sunken face, glowing eyes, tattered dark red shroud, long thin fingers, perched in a dead tree"
769,Vidala,7690,cuadrupedo,M,ninguno,reskin,1,3,"cat-like mythical beast with a slim muscular lion body, spotted golden fur, long tail ending in a leaf-shaped tuft, small curled horns, and carved temple jewelry around its neck"
770,Vyala,7700,cuadrupedo,L,ninguno,propio,1,3,"composite temple beast with a lion's muscular body, an elephant's trunk and tusks, curled ram-like horns, a horse's mane, a serpent-tipped tail, and ornate stone-carved jewelry"
771,Yali,7710,cuadrupedo,L,ninguno,reskin,1,3,"rearing lion-bodied guardian with an elephant's trunk and tusks, pointed horns, bulging round eyes, a mane of stone-like curls and weathered sandstone-and-gold coloring"
775,Chamrosh,7750,alado,L,viento,variante,1,3,"gigantic bird with a peacock-like long tail of blue and green feathers, golden eyes, a strong curved beak, broad bronze-colored wings and lion-like talons, perched on a snowy mountain peak"
776,Div-e Sepid,7760,bipedo,XL,tierra,propio,0,3,"mountain-sized white giant with shaggy snow-white hair and pale grey skin, curved dark horns, tusks, thick arms like tree trunks, and a rough stone-grey loincloth, standing in a dark cave mouth"
777,Eshm,7770,bipedo,L,fuego,variante,1,3,"furious horned demon with scorched red-black skin, bulging bloodshot eyes, jagged tusks, heavy arms swinging a huge spiked iron mace, a ragged dark cloth belt and smoldering embers around its feet"
778,Hadhayosh,7780,cuadrupedo,L,luz,variante,2,3,"great primordial ox with snow-white hide faintly glowing, wide curved horns tipped in gold, heavy muscular shoulders, calm dark eyes, and a garland of white flowers on its neck"
782,Narasimha persianized,7820,bipedo,L,fuego,reskin,2,3,"man-lion figure with a lion's head and mane, muscular human body wearing layered blue and silver lamellar armor, a curved sword in one hand"
784,Rakhsh,7840,cuadrupedo,M,rayo,variante,0,3,"legendary war horse with a rose-petal red coat dappled with saffron-gold spots, flowing dark mane, muscular legs, fierce bright eyes, wearing a studded leather and bronze saddle"
786,Siyah Mard,7860,bipedo,M,sombra,variante,1,3,"shadowy humanoid figure made of drifting dark smoke, tall and narrow, with a cowled hood, two pale glowing eyes, long thin arms ending in wispy claws, standing on a rocky mountain path"
788,Buruq of Persia,7880,cuadrupedo,M,luz,reskin,2,3,"winged white steed with a graceful horse body, long peacock-like tail of blue and gold feathers, a calm gentle face under a jeweled headdress, and large shining wings"
789,Daeva,7890,bipedo,M,sombra,variante,1,3,"horned demon with charcoal-grey skin, slitted yellow eyes, a crooked-toothed grin, bat-like ears, clawed hands and a long thin tail, wrapped in tattered black robes and swirling smoke"
790,Pairika,7900,flotante,M,fuego,variante,1,3,"slender sorceress spirit with long flowing dark hair streaked with fire, glowing violet eyes, robes of dark blue stars and sparks, trailing a comet-like tail of fire as she floats"
791,Jahi,7910,bipedo,M,veneno,variante,1,3,"gaunt demoness with ash-grey skin, long matted black hair, small curved horns, sunken glowing green eyes, ragged dark-green robes and clawed hands dripping dark ooze"
792,Mahr,7920,flotante,S,sombra,variante,0,3,"small shadowy nightmare spirit shaped like a hunched hag made of dark mist, glowing pale eyes, long thin fingers, perched on the edge of a sleeper's bed in a moonlit room"
793,Nasu,7930,artropodo,S,veneno,variante,1,3,"swarm of metallic-green flies merging into a single demonic insect form with a pale woman-like face, translucent wings and a swollen pale-green body"
794,Verethragna's beasts,7940,cuadrupedo,M,viento,variante,2,3,"fierce war boar with a bronze-bristled back, long curved golden tusks, a mane of swirling wind, scarred muscular shoulders and glowing amber eyes, charging across open grassland"
795,Zahhak serpents,7950,serpentino,M,veneno,propio,0,3,"pair of coal-black serpents joined at one thick root, glowing ember-red eyes, glossy scales, long forked tongues and open fanged mouths, swaying together in a ruined palace hall"
797,Gorg Persian,7970,cuadrupedo,M,ninguno,variante,0,3,"oversized grey wolf with thick silver fur, a bristling dark mane along its spine, pale yellow eyes, long fangs and a scarred snout, snarling on a snowy rocky ridge"
798,Behemoth,7980,cuadrupedo,XL,tierra,propio,1,3,"colossal beast with a hippo-like barrel body, thick grey-brown hide, ox-like horns, a tail as thick as a cedar trunk, bronze-hard bones showing as ridges, wading among reeds and lotus leaves"
801,Rahab,8010,acuatico,L,agua,variante,1,3,"great sea monster with a thick eel-like body of teal and silver scales, a crown of fin-like spines, wide glowing eyes and towering waves curling around its coils"
802,Tannin,8020,serpentino,L,agua,variante,1,3,"huge river serpent-dragon with a long crocodile-like head, emerald green scales, a pale belly, short webbed legs and a spiked tail, half submerged among reeds"
803,Seraphim beast,8030,alado,M,fuego,variante,2,3,"six-winged fiery being with a slender glowing body of white-gold flame, two wings veiling its face, two covering its feet and two spread wide in flight, trailing sparks and heat shimmer"
804,Cherubim,8040,alado,L,fuego,propio,2,3,"four-faced winged guardian with faces of a man, lion, ox and eagle, four wings covered in eyes, calf-like hooves of polished bronze, and a flaming sword turning in its hand"
805,Ophanim,8050,flotante,L,luz,propio,2,3,"huge interlocking golden wheels spinning within each other, rims covered in countless open eyes, glittering like polished beryl, radiating beams of light"
806,Lilith,8060,alado,M,sombra,variante,1,3,"night demoness with pale grey skin, long flowing dark red hair, large owl-like wings, taloned bird feet, glowing amber eyes, and a ragged black dress, perched on crumbling stone ruins"
807,Shedim,8070,alado,S,sombra,variante,1,3,"small winged spirits with grey-black skin, bat-like wings, rooster-like feet with sharp spurs, pointed ears and gleaming yellow eyes, flitting together among broken stone arches"
808,Dybbuk,8080,flotante,M,sombra,variante,1,3,"translucent grey ghost of a hunched figure in a plain tattered shroud, face twisted in sorrow, glowing white eyes, wispy tendrils reaching toward a living person's shadow"
809,Mazikin,8090,bipedo,S,sombra,variante,1,3,"small spiteful imps with thin grey bodies, oversized pointed ears, sharp yellow eyes, long clawed fingers and tattered brown rags, hiding in the dark corners of a stone house"
810,Mazzikim,8100,bipedo,S,sombra,reskin,1,3,"small spiteful imps with thin blue-grey bodies, oversized pointed ears, sharp green eyes, long clawed fingers and tattered dark-red rags, hiding in the dark corners of a stone house"
811,Keteb,8110,cuadrupedo,M,fuego,propio,1,3,"demon with a calf's head bearing one horn, a single large eye in the middle of its chest, a round body covered in scales and coarse hair, rolling like a hoop across sun-baked sand"
812,Dever,8120,flotante,M,veneno,variante,1,3,"plague spirit shaped like a tall hooded cloud of sickly green-yellow mist, thin pale arms reaching out, glowing pinprick eyes under the hood, drifting through narrow village streets"
815,Azazel,8150,bipedo,L,fuego,variante,1,3,"gaunt fallen angel with tattered dark wings, curved goat-like horns, ash-grey skin, a rough goat-hide cloak and a forged iron blade glowing orange, standing in a barren desert"
816,Samael,8160,alado,L,veneno,variante,1,3,"tall dark archangel with many pairs of black-feathered wings dotted with eyes, a pale stern face with dark hollow eyes, a long black robe, and a curved staff dripping dark green poison"
817,Metatron's guardians,8170,alado,M,luz,variante,2,3,"radiant winged sentinels in layered white and gold armor, helmeted faces hidden in light, tall feathered wings, each holding a long spear and a round shield engraved with glowing letters"
818,Golem,8180,bipedo,L,tierra,variante,0,3,"hulking clay giant with rough cracked brown body, blank stone-like face with two shallow eye sockets, thick heavy limbs, and a glowing glyph carved into its forehead, dried mud flaking from its shoulders"
819,Dibbukim,8190,flotante,M,sombra,reskin,1,3,"pair of translucent pale-blue ghosts of hunched figures in plain tattered shrouds, faces twisted in sorrow, glowing silver eyes, wispy tendrils reaching toward a living person's shadow"
821,Nachash,8210,serpentino,M,veneno,variante,1,3,"sleek serpent with shimmering emerald-and-gold scales, a small glowing crest on its head, bright sly eyes and a forked tongue, coiled around a fruit-laden branch in a lush garden"
822,Tehom beast,8220,acuatico,XL,agua,variante,1,3,"colossal abyssal sea creature with a vast dark blue body full of faint glowing spots, many long tentacle-like fins, a wide gaping mouth and pale blind eyes, rising from black deep water"
823,Alû,8230,flotante,M,sombra,variante,0,3,"billowing black cloak-like specter with no body, long pale clawed hands and two glowing white eyes under a ragged hood, settling over a sleeping mud-brick house at night"
824,Asakku,8240,bipedo,M,fuego,variante,0,3,"fever demon with flushed red-orange skin, cracked like dry clay, glowing coal eyes, thin long limbs, steaming breath, and a ragged brown wrap, standing on a rocky mountain ledge"
825,Dimme,8250,flotante,S,veneno,variante,0,3,"swarm of tiny sickly green wisp-spirits with thin limbs, pointed faces and pinpoint yellow eyes, trailing pale vapor, drifting in groups through a mud-brick alley"
826,Etemmu,8260,flotante,M,sombra,variante,0,3,"gaunt translucent ghost of a long-dead man in a ragged burial wrap, grey clay-colored skin, hollow glowing eyes, bound with frayed cords, holding a cracked clay cup"
828,Gidim,8280,flotante,M,sombra,reskin,0,3,"gaunt translucent ghost in a ragged blue-grey burial wrap with pale silver skin, hollow glowing eyes, bound with frayed cords, wandering with a cracked clay lamp in one hand"
833,Maqlû demons,8330,bipedo,M,fuego,variante,0,3,"hunched demon with a charred black body cracked with glowing orange lines, a straw-doll-like stitched head, long burnt fingers, and strips of scorched cloth hanging from its arms"
837,Samas demon,8370,bipedo,M,luz,variante,0,3,"dusty demon with sun-bleached bronze skin, a rayed disc halo behind its head, glowing white eyes, a ragged tan cloak, and cracked clay-like hands, standing in a blazing desert"
840,Udug,8400,flotante,M,sombra,reskin,0,3,"tall spirit in a dark grey hooded robe fading into smoke below the waist, long narrow face with glowing amber eyes, thin hands holding a small clay lamp, among broken brick walls"
841,Uridimmu,8410,bipedo,M,ninguno,variante,0,3,"lion-headed warrior with a muscular human body, golden-brown mane, fierce amber eyes, bare clawed hands, a studded leather kilt and bronze arm bands, crouched to pounce"
845,Kingu,8450,bipedo,L,agua,variante,0,3,"towering demon-god in dark lapis-blue scaled armor with a tall horned crown of tiers, clawed bronze gauntlets holding a heavy clay tablet that glows, standing before roiling sea water"
849,Am-heh,8490,bipedo,L,fuego,variante,0,3,"hulking dog-headed guardian with coal-black fur, long fangs, glowing amber eyes, a heavy gold collar and kilt, wading in a lake of molten orange fire in a stone underworld cavern"
851,Andjety bull,8510,cuadrupedo,L,tierra,variante,0,3,"powerful sacred bull with glossy black hide, a golden sun disc between curved horns, a gold-embroidered blue cloth over its back, and tall feather plumes rising behind the disc"
855,Fetket,8550,bipedo,M,luz,variante,0,3,"slender attendant spirit in a white linen kilt and gold broad collar, calm pale face with kohl-lined eyes, a faint golden glow, carrying a bronze water jug along a dim tomb corridor"
857,Mehen,8570,serpentino,XL,luz,propio,0,3,"colossal protective serpent with golden-green scales and a pale belly, coiled in many rings around a small golden boat shrine, calm glowing eyes and a raised head"
858,Menhit lioness,8580,bipedo,M,fuego,variante,0,3,"lioness-headed woman in white linen with a gold broad collar and tall twin-feather crown, amber eyes, holding a long spear, a sun disc glowing behind her over desert sand"
860,Nekhbet vulture,8600,alado,L,luz,variante,0,3,"great white vulture goddess with broad outstretched wings, golden collar, a tall white crown, hooked beak, feathers edged in lapis blue and gold, clutching a gold ring in its talons"
861,Nehebkau,8610,serpentino,L,veneno,propio,0,3,"giant coiled serpent with shining gold and deep green scales, a flared hood, a jeweled headband, two small human arms holding a glowing amulet, and eyes of white fire"
862,Qebehsenuef guardian,8620,bipedo,M,viento,variante,0,3,"falcon-headed guardian in a white linen kilt and broad blue-and-gold collar, holding a sealed canopic jar in one hand and a bronze curved blade in the other, feathers streaked brown and cream"
869,Waset guardian,8690,bipedo,L,tierra,variante,0,3,"towering sandstone guardian statue with a jackal-eared head and painted gold collar, holding a long staff, hieroglyph carvings glowing faintly across its stone body, cracked dusty shoulders"
871,Duat jackal,8710,cuadrupedo,M,sombra,variante,0,3,"lean black jackal with long pointed ears, gold bands on its legs, a narrow muzzle, glowing amber eyes, a thin gold collar, and sandy dust drifting off its fur"
874,Chedipe,8740,bipedo,M,sangre,variante,0,3,"gaunt pale spirit shaped like a tall woman in a tattered gray shroud, long tangled black hair, sunken glowing red eyes, overly long fingers, and bare feet barely touching the ground"
881,Qarin,8810,flotante,M,sombra,variante,1,3,"dark double of a person made of black vapor, a hazy human outline with faint ember-orange eyes, copying a swordsman's stance, wisps of smoke trailing where its feet should be"
885,Tinnin,8850,serpentino,XL,agua,propio,0,3,"colossal sea dragon with a long serpentine body of dark teal scales, a crest of red spines along its neck, a wide whiskered jaw, glowing gold eyes, coils rising out of stormy waves"
892,Nile serpent,8920,serpentino,L,agua,variante,0,3,"long river serpent with glossy olive-green scales and a pale golden belly, a flat triangular head with reed-like frills, glowing amber eyes, coils draped with mud and papyrus"
1,Minotauro,10,bipedo,L,ninguno,variante,0,4,"towering bull-headed warrior with shaggy dark brown fur, long curved ivory horns, a thick muscular human body in a ragged linen kilt and bronze arm guards, wielding a huge double-bladed stone axe"
2,Medusa,20,bipedo,M,tierra,variante,0,4,"winged gorgon woman with a crown of living green snakes for hair, pale grey-green scaly skin, glowing yellow slit-pupil eyes, tattered dark robes and bronze wings, surrounded by weathered stone statues"
3,Euríale,30,bipedo,M,viento,reskin,0,4,"gorgon sister with silver-blue scaly skin, white serpents for hair, a wide wailing mouth with long fangs, pale golden wings, sea-green tattered robes and bronze bracers"
4,Esteno,40,bipedo,M,veneno,reskin,0,4,"burly gorgon sister with dark red scaly skin, copper-coloured snakes for hair, long bronze claws, heavy bronze-feathered wings and a spiked leather belt"
5,Quimera,50,cuadrupedo,L,fuego,propio,0,4,"lion-bodied beast with a second goat head rising from its back and a green scaly serpent for a tail, tawny mane, black twisted horns and a glowing orange throat"
6,Hidra de Lerna,60,serpentino,XL,veneno,propio,0,4,"colossal marsh serpent with a thick scaly body and nine writhing necks ending in fanged heads, dark green scales, pale yellow belly and venom dripping into black swamp water"
7,Cerbero,70,cuadrupedo,L,sombra,propio,0,4,"huge black three-headed hound with a mane of writhing snakes along its necks, glowing red eyes in every head, a serpent tail, iron-grey claws and a spiked bronze collar"
8,Ortro,80,cuadrupedo,M,fuego,variante,0,4,"lean two-headed hound with rust-red fur, snarling jaws on each head, a long serpent tail, glowing amber eyes and a ragged leather herding strap across its chest"
9,Esfinge,90,cuadrupedo,L,ninguno,variante,0,4,"winged lion with a calm woman's head wearing a golden headdress, tawny fur, broad eagle wings of bronze and cream feathers, a serpent-tipped tail, crouched on a cliff ledge"
10,Escila,100,acuatico,L,agua,propio,0,4,"sea monster with a woman's torso rising from a rocky sea cave, six snarling grey dog heads on long necks around her waist, a coiling fish tail with tentacles and pale blue-grey skin"
11,Caribdis,110,acuatico,XL,agua,variante,0,4,"colossal sea monster with a huge toothed mouth at the centre of a roaring whirlpool, slimy dark green arms, barnacle-crusted skin and mossy rock-like shoulders breaking the surface"
12,Cíclopes,120,bipedo,L,fuego,variante,0,4,"huge one-eyed giant with a single large eye in the middle of a rough tanned face, thick shaggy hair, muscular body in a sheepskin tunic, soot-stained hands and a tree-trunk club"
13,Centauros,130,cuadrupedo,L,ninguno,variante,0,4,"centaur with a chestnut horse body and a bearded human torso, braided dark hair, leather chest strap, drawing a recurved bow with a quiver of fletched arrows at his shoulder"
14,Sátiros,140,bipedo,M,ninguno,variante,0,4,"goat-legged forest spirit with a hairy torso, curled ram-like horns on a mischievous bearded face, pointed ears, reed pipes at his belt and a short knotted wooden staff"
16,Harpías,160,alado,M,viento,variante,0,4,"winged hag spirit with a gaunt woman's face, tangled grey hair, a vulture-like feathered body of brown and dirty white, ragged wings and sharp curved talons on both feet"
17,Lamia,170,serpentino,L,sombra,variante,0,4,"serpent woman with a pale elegant human upper body and a long coiling green-black scaled snake tail, sharp fangs, slit golden eyes, dark hair and a tattered violet veil"
18,Empusa,180,bipedo,M,fuego,variante,0,4,"pale demon woman with flaming red hair, one leg of polished bronze and the other a donkey's hoof, a fanged smile, tattered black robes and glowing ember eyes"
19,Equidna,190,serpentino,L,veneno,reskin,0,4,"half-woman half-serpent with a fair calm face, bright watchful eyes and a huge speckled brown and cream snake body coiled among cave shadows, bone-white jewelry and a pale crest of scales"
20,Tifón,200,serpentino,XL,viento,propio,0,4,"colossal winged giant with a human torso, a hundred dragon and serpent heads rising from his shoulders, a lower body of coiled vipers, ash-grey skin and storm clouds swirling around him"
21,Talos,210,bipedo,L,fuego,variante,0,4,"giant bronze automaton shaped like a muscular man, riveted plates of dull bronze, a glowing orange vein along one leg, a sealed nail at the ankle and hollow glowing eyes"
22,Pitón,220,serpentino,L,tierra,variante,0,4,"enormous olive-green and gold serpent coiled around a ruined mountain shrine, thick scaly body with diamond patterns, a wide fanged head with a forked tongue and cracked marble columns around it"
23,Jabalí de Calidón,230,cuadrupedo,L,ninguno,variante,0,4,"huge wild boar with a bristling black and grey spiky mane, curved yellowed tusks as long as swords, small red eyes, thick muscled shoulders, mud-caked hide and broken spears stuck in its back"
24,León de Nemea,240,cuadrupedo,L,luz,variante,0,4,"massive lion with a shimmering golden pelt that gleams like metal, a dark heavy mane, long pale claws as sharp as knives and calm amber eyes, crouched at a cave mouth"
25,Aves de Estínfalo,250,alado,S,ninguno,variante,0,4,"marsh bird with a metallic bronze beak, claws and blade-like feathers that glint in the light, long crane-like legs, a dark brown body and small angry red eyes"
26,Fauno,260,bipedo,M,ninguno,reskin,0,4,"goat-legged woodland spirit with russet fur, short curled horns, long pointed ears, a brown beard, an ivy crown, a wooden panpipe and a leafy green cloak over his shoulders"
27,Silvano,270,bipedo,M,tierra,variante,0,4,"elderly forest god with bark-textured skin, a long mossy beard, a crown of pine branches, holding a cypress sapling and a curved pruning hook, wrapped in a cloak of leaves"
28,Larva,280,flotante,M,sombra,variante,0,4,"pale hooded ghost with a gaunt skull-like face, hollow black eyes, a tattered grey funeral shroud trailing into mist where legs should be and long thin grasping hands"
29,Lemur,290,flotante,S,sombra,reskin,0,4,"small translucent grey ghost with a vaguely human head, hollow dark eyes, a ragged shroud fading into thin smoke, pale bony hands and a faint cold blue glow"
30,Strix,300,alado,M,sangre,variante,0,4,"monstrous owl with a gaunt witch-like face, tawny-grey feathers, wide dark wings, long hooked talons, huge round yellow eyes and a curved beak, perched under a roof beam"
31,Tarasca,310,cuadrupedo,L,agua,propio,0,4,"six-legged dragon beast with a lion's head, a spiked turtle shell on its back, a thick scaly body, short bear-like legs and a long scorpion-tipped tail, dripping river water"
32,Basilisco,320,serpentino,S,veneno,variante,0,4,"small crowned serpent with a rooster-like head, a golden crest, a sharp beak, yellow staring eyes, an olive-green scaly body with feathered wattles and short bat-like wings"
35,Sagittarii monstruosos,350,cuadrupedo,L,ninguno,reskin,0,4,"centaur archer with a dark horse body, a muscular human torso, glowing amber eyes, a horned helmet, a long bow and a full quiver of black-fletched arrows"
36,Gigantes de la mitología romana,360,bipedo,L,tierra,variante,0,4,"huge earth-born giant with rough stone-grey skin, wild matted hair and beard, thick scarred arms, wielding an uprooted tree trunk and a boulder, a rough leather wrap at the waist"
38,Cacus,380,bipedo,L,fuego,variante,0,4,"hulking cave-dwelling giant with soot-grey skin, smoke and embers pouring from his mouth and nostrils, matted hair, heavy rough fists and a necklace of cattle horns"
39,Gerión,390,bipedo,L,ninguno,propio,0,4,"three-bodied giant with three torsos and three helmeted heads joined at the waist, six arms carrying round shields and spears, bronze armor, red cloaks and six sturdy legs"
49,Tritones,490,acuatico,M,agua,variante,0,4,"merman with a muscular human torso and a green-blue fish tail, sea-green hair, a seaweed beard, holding a spiral conch shell horn and a three-pronged trident"
51,Jörmungandr,510,serpentino,XL,veneno,propio,0,4,"world-circling sea serpent so vast it bites its own tail, dark green-black scales with a pale underside, a spiked ridge along its back, huge amber eyes and venom dripping from its fangs"
52,Níðhöggr,520,serpentino,L,sombra,variante,0,4,"dark scaly wyrm with a long coiling body, tattered bat-like wings, jagged teeth, hollow glowing eyes, wrapped around giant twisted roots, ash-grey spines and a bone-pale belly"
53,Garmr,530,cuadrupedo,L,sangre,reskin,0,4,"huge black hound-wolf with a patch of crimson fur on its chest, matted coat, glowing red eyes, a rusted chain collar and long jagged teeth, standing at a dark cave mouth"
54,Hel,540,bipedo,M,hielo,variante,0,4,"goddess of the dead whose body is half pale living skin and half blue-black like ash, long black hair, a crown of icicles, a grey cloak of mist and a pale staff"
55,Draugr,550,bipedo,M,hielo,variante,0,4,"undead Norse warrior with grey-blue skin stretched over bones, a rusted iron helmet with a nose guard, tattered chainmail, glowing pale eyes, a notched axe and a cracked round shield"
56,Jötnar,560,bipedo,L,hielo,variante,0,4,"towering frost giant with blue-grey skin cracked like ice, a beard of icicles, a heavy fur cloak, a rough stone club, small pale eyes and breath forming white mist"
57,Trolls,570,bipedo,L,tierra,variante,0,4,"hunched mountain troll with moss-covered grey stone-like skin, a long crooked nose, small yellow eyes, huge knotted hands, tufts of grass and fir saplings sprouting from its back and a wooden club"
58,Nøkk,580,bipedo,M,agua,variante,0,4,"pale water spirit shaped like a slender man with wet seaweed-green hair and beard, dripping tattered clothes, webbed fingers, fish-scale patches on his skin and a small fiddle in his hand"
59,Huldra,590,bipedo,M,ninguno,variante,0,4,"beautiful forest woman with long golden hair and a pale face, a long cow tail below her simple dress and a back hollow like a rotted tree trunk covered in bark and moss"
60,Mare,600,flotante,S,sombra,variante,0,4,"small hunched night spirit with a pale shadowy body, long matted black hair, glowing white eyes, thin clawed fingers and wispy legs fading into smoke, crouching on a pillow"
61,Kraken,610,acuatico,XL,agua,propio,0,4,"colossal sea monster with a bulbous reddish-brown head and large round eyes, dozens of thick suckered tentacles wrapped around a sinking wooden ship, a huge beak and barnacle-crusted skin"
62,Hafgufa,620,acuatico,XL,agua,variante,0,4,"island-sized sea monster with a rocky barnacle-covered back like a small islet, vast gaping jaws lined with broken teeth, tiny dark eyes and seawater pouring from its mouth"
63,Lyngbakr,630,acuatico,XL,agua,variante,0,4,"giant whale-like sea beast whose back looks like a heather-covered island with grass, small bushes and rocks, a huge dark head, small eyes and wide flippers"
64,Hræsvelgr,640,alado,L,viento,variante,0,4,"giant eagle with ash-grey and storm-white feathers, wings so vast they stir gales, a hooked iron-coloured beak and pale piercing eyes, perched on a cliff at the edge of the sky"
65,Ratatoskr,650,cuadrupedo,S,ninguno,variante,0,4,"small red-brown squirrel with an oversized bushy tail, long sharp white incisors, glowing amber eyes and tiny bark armor, leaping along a branch of a giant tree"
66,Sköll,660,cuadrupedo,L,luz,reskin,0,4,"huge golden-furred wolf with a burning orange mane, glowing yellow eyes, sun-scorched claws and a trail of sparks following its leaps across the clouds"
67,Hati,670,cuadrupedo,L,sombra,reskin,0,4,"huge silver-grey wolf with a pale moonlit mane, glowing blue eyes, dark shadowy paws and a cold mist trailing behind it as it stalks across the clouds"
68,Lindworm,680,serpentino,L,veneno,variante,0,4,"long wingless dragon-serpent with two short clawed forelegs, thick olive-brown scales, a pale yellow belly, a horned wedge-shaped head, venom dripping from its fangs, coiled around a mountain rock"
69,Fossegrim,690,bipedo,S,agua,variante,0,4,"small bearded waterfall spirit with silvery wet hair, translucent blue-white skin, a tattered cloak of foam and moss, playing a glowing fiddle with mist swirling around him"
70,Bäckahäst,700,cuadrupedo,M,agua,reskin,0,4,"ghostly white horse with a wet streaming mane, pale glowing eyes, water dripping from its coat, tangled water lilies in its tail and a calm gentle look hiding sharp teeth"
71,Álfr,710,bipedo,M,luz,variante,0,4,"slender elf with fair pointed ears, long pale hair, a green-and-silver tunic, light leather armor and a graceful bow, with faint motes of light drifting around him"
72,Døkkálfar,720,bipedo,M,sombra,reskin,0,4,"slender dark elf with obsidian-grey skin, silver-white hair, long pointed ears, black leather armor with silver trim, pale violet eyes and a curved dagger in each hand"
73,Ljósálfar,730,bipedo,M,luz,reskin,0,4,"radiant light elf with pale golden skin, long white-gold hair, pointed ears, flowing cream and gold robes, a thin circlet and a slender glowing staff"
74,Valkirias,740,bipedo,M,rayo,variante,0,4,"armored warrior woman in polished silver mail with a winged helmet, long braided golden hair, a round shield painted with runes, a long spear and a short cloak of raven feathers"
75,Banshee,750,flotante,M,viento,variante,0,4,"wailing female spirit with long white-grey hair streaming upward, a pale hollow-eyed face with an open mouth, a tattered grey-green gown fading into mist and a translucent blue glow"
76,Dullahan,760,cuadrupedo,L,sombra,variante,0,4,"headless rider in a black cloak on a black horse with burning eyes, holding his own pale glowing head like a lantern in one hand and a braided leather whip in the other"
77,Púca,770,cuadrupedo,M,ninguno,variante,0,4,"shape-shifting trickster in the form of a sleek black horse with glowing golden eyes, a tangled flowing mane, a ragged smoke-like tail and a faint ghostly smirk"
78,Kelpie,780,cuadrupedo,M,agua,variante,0,4,"black water horse with a dripping seaweed mane, glassy dark eyes, glistening wet hide, river weeds tangled in its tail and a saddle-like back that looks inviting"
79,Selkie,790,acuatico,M,agua,variante,0,4,"sleek seal-person with a human-like face and large dark eyes, a dappled silver-grey seal pelt worn as a cloak, webbed hands and wet black hair, standing on a rocky shore"
80,Redcap,800,bipedo,S,sangre,variante,0,4,"small old goblin with long grey hair, pointed ears, sharp teeth, a crimson cap, heavy iron boots, long iron-clawed hands and a pikestaff, lurking in ruined castle stonework"
81,Leprechaun,810,bipedo,S,ninguno,variante,0,4,"tiny bearded cobbler in a green coat and buckled hat, copper-red beard, leather apron, a small hammer in one hand, a pot of gold coins at his feet and a clever grin"
82,Fomoriano,820,bipedo,L,agua,variante,0,4,"hulking sea raider giant with grey-green barnacle-crusted skin, one oversized arm and one stunted arm, a tusked lopsided face, driftwood armor and a rusted anchor-hook club"
83,Cù Sìth,830,cuadrupedo,M,ninguno,variante,0,4,"large shaggy dark-green hound the size of a calf, with a thick curled tail, wide paws, glowing pale eyes and mist swirling around its legs on a moor"
84,Each-uisge,840,cuadrupedo,L,agua,reskin,0,4,"dark-maned water horse with seaweed tangled in its black mane, sea-grey skin that glistens, a fanged mouth, glowing green eyes and wet hooves, rising from a sea loch"
85,Merrow,850,acuatico,M,agua,variante,0,4,"mermaid with long sea-green hair, pale blue-green skin, a shimmering green fish tail with webbed fins, a small red feathered cap tucked in her hair and shell jewelry"
86,Bean nighe,860,bipedo,M,agua,variante,0,4,"hunched ghostly washerwoman with grey skin, long tangled green-grey hair, webbed feet, glowing hollow eyes and a tattered green gown, kneeling at a stream wringing a dripping crimson cloth"
87,Clurichaun,870,bipedo,S,ninguno,reskin,0,4,"tiny red-nosed old man in a faded red coat and floppy hat, a small barrel strapped to his back, a wooden tankard in hand, a tangled grey beard and muddy buckled shoes"
88,Dobhar-chú,880,cuadrupedo,M,agua,variante,0,4,"huge otter-hound with a sleek dark brown back, a white belly and chest, a long muscular body, webbed clawed paws, a thick tapering tail and needle teeth, hissing on a reedy lake shore"
89,Abhartach,890,bipedo,M,sangre,variante,0,4,"stooped undead dwarf chieftain with grey-green skin, sunken eyes, a long black cloak and iron crown, a gnarled thorn-wood staff, bony fingers crackling with dark energy and circling crows"
90,Sluagh,900,flotante,S,sombra,variante,0,4,"small ragged spirit with a pale thin face, a tattered grey shroud trailing like smoke, clawed bony hands, hollow black eyes and an open wailing mouth, one of a flying host"
91,Gancanagh,910,bipedo,M,ninguno,variante,0,4,"handsome fairy man with silvery-gold hair, shimmering pale skin, a rich green coat and a long clay pipe, a charming smile and a thin curl of smoke around him"
92,Leanan sídhe,920,bipedo,M,luz,variante,0,4,"ethereal fairy woman with long red-gold hair, pale luminous skin, a translucent green gown, a crown of wilting flowers, glowing eyes and a small harp made of silver light"
93,Fear gorta,930,bipedo,M,ninguno,variante,0,4,"gaunt tall beggar in a ragged hooded grey cloak, hollow cheeks and sunken eyes, long thin arms holding out an empty wooden bowl, bare feet, faint pale mist around the ankles"
94,Far darrig,940,bipedo,S,ninguno,variante,0,4,"small wiry fairy man in a bright red coat and tall red cap, crooked grin, long pointed nose, grey stubble beard, hunched with a sack of tricks and a tiny lantern"
95,Glashtyn,950,cuadrupedo,M,agua,reskin,0,4,"shaggy sea-green water horse with a seaweed mane, webbed hooves, glowing pale eyes, brine dripping from its coat, barnacles on its flanks and a torn rope halter"
96,Oilliphéist,960,serpentino,XL,agua,variante,0,4,"colossal lake serpent with a long muscular body of dark green scales, a ridge of spines down its back, wide toothed jaws, pale belly, glowing amber eyes and ribbed fins along its sides"
97,Gwragedd Annwn,970,bipedo,M,agua,variante,0,4,"graceful lake maiden in a flowing pale blue gown woven with water lilies, long dark hair threaded with pearls and reeds, a silver circlet, faint shimmering mist at her feet"
98,Ceffyl Dŵr,980,cuadrupedo,M,agua,variante,0,4,"lean black water horse with a dripping mane tangled in river weeds, faint fish-scale patches along the neck, glowing green eyes and slightly webbed hooves, wet reeds trailing from its legs"
99,Morgens,990,acuatico,M,agua,variante,0,4,"sea maiden with pale blue-green skin, long seaweed-colored hair, a shimmering silver-scaled fish tail, a bodice of overlapping shells, coral jewelry, webbed fingers and glowing eyes"
100,Black Shuck,1000,cuadrupedo,M,sombra,variante,0,4,"huge shaggy black hound the size of a calf, one burning red eye in the middle of its forehead, long drooping jowls, matted fur, mist swirling around its massive paws"
101,Barghest,1010,cuadrupedo,M,fuego,reskin,0,4,"massive charcoal-black wolf-like hound with matted fur, blazing orange eyes, long curved claws, a rusted iron collar with a broken chain, and wisps of smoke curling from its jaws"
102,Boggart,1020,bipedo,S,sombra,reskin,0,4,"small hunched shaggy house goblin with matted dark brown fur, long crooked fingers, drooping ears, glaring yellow eyes, a ragged cloth around its waist and a cracked clay jug in its hand"
103,Brownie,1030,bipedo,S,ninguno,variante,0,4,"small hunched household sprite with tousled russet-brown hair, wrinkled brown skin, large pointed ears, tattered brown rags and bare feet, carrying a tiny broom, kind round eyes"
105,Puck,1050,bipedo,S,ninguno,variante,0,4,"slender mischievous woodland sprite with tousled chestnut hair, pointed ears, small curved horns, a patchwork tunic of moss and leaves, hooved feet, a sly grin and a hazel twig"
106,Pixie,1060,bipedo,S,luz,variante,0,4,"tiny red-haired sprite with a pointed green cap, large pointed ears, tattered green tunic and bare feet, holding a glowing pale-blue lantern light, bright mischievous eyes"
107,Knocker,1070,bipedo,S,tierra,reskin,0,4,"tiny wizened mine sprite with a grey-white beard, hooked nose and pointed hat, dusty leather miner's clothes, a small pickaxe and a candle lantern, pale skin and knobby hands"
108,Jenny Greenteeth,1080,bipedo,M,agua,variante,0,4,"gaunt river hag with sickly green skin, long stringy hair full of duckweed, jagged green teeth, unnaturally long thin arms with webbed fingers and bony claws, ragged dark dress dripping with pond water"
109,Black Annis,1090,bipedo,M,sombra,variante,0,4,"towering old hag with blue-grey skin, wild white hair, a hooked nose, long yellow fangs and curved iron claws, wearing a tattered dark cloak and a necklace of cave stones"
110,Gytrash,1100,cuadrupedo,M,ninguno,variante,0,4,"spectral shape-shifting beast between a great black dog and a shaggy pony, long matted black coat, huge round glowing white eyes, ghostly mist for hooves, a faint chain trailing behind it"
111,Peg Powler,1110,bipedo,M,agua,reskin,0,4,"river hag with pale sea-green skin, long tangled green hair like river weed, sharp teeth, long thin arms with webbed claws, a ragged grey dress, white foam clinging to her shoulders and hair"
112,Rawhead,1120,bipedo,M,sombra,variante,0,4,"gaunt hunched bogey with a bare bone-white skull-like head and sunken glowing eyes, long dangling arms, tattered grey burial rags, and two crossed leg bones tied at its belt"
114,Tiddy Mun,1140,bipedo,S,agua,variante,0,4,"small old fen spirit with wrinkled grey skin like wet clay, long white wispy hair and beard, a child-sized body, a cloak of reeds and mud, a gnarled staff, mist curling at his feet"
115,Muckle Black Tyke,1150,cuadrupedo,M,sombra,reskin,0,4,"enormous black mastiff-like dog with a thick shaggy coat, heavy shoulders, pale glowing eyes, long drooping ears and a worn leather collar, standing in drifting woodland mist"
116,Lambton Worm,1160,serpentino,XL,agua,propio,0,4,"giant eel-like worm with a thick pale olive body, a round sucker mouth ringed with small sharp teeth, a row of gill slits along its neck, coiled around a grassy hill"
117,Afanc,1170,acuatico,L,agua,variante,0,4,"bulky lake monster with a flat scaly beaver-like tail, crocodile-like snout and sharp teeth, thick dark brown hide with moss-green patches, small glowing eyes and webbed clawed feet, half-submerged in water"
120,Spring-heeled Jack,1200,bipedo,M,fuego,variante,0,4,"lean leaping figure in a long black cloak and tall hat, pale gaunt face with glowing red eyes and a pointed chin, clawed gloves, springy coiled boots, blue flame curling from his mouth"
121,Green Man,1210,bipedo,L,tierra,propio,0,4,"towering humanoid made of living wood and leaves, a bark face with deep green eyes framed by oak leaves, vine-wrapped limbs, a crown of branches and moss-covered shoulders"
123,Dobbie,1230,bipedo,S,ninguno,reskin,0,4,"small clumsy household sprite with tufts of grey hair, floppy ears, a baggy patched sackcloth tunic, big hands and feet, a sleepy slow expression and a wooden pail"
124,Nelly Longarms,1240,bipedo,M,agua,variante,0,4,"lanky hag with grey-green skin, stringy dark hair, bulging pale eyes and arms twice as long as her body ending in knobby hands, kneeling beside a stone well in a ragged shawl"
125,Baba Yaga,1250,bipedo,M,fuego,propio,0,4,"gaunt old crone with a long hooked nose, iron teeth and wild grey hair, riding a huge wooden mortar, steering with a pestle and sweeping with a birch broom, patterned ragged shawl"
126,Leshy,1260,bipedo,L,tierra,variante,0,4,"tall forest spirit with bark-like green-brown skin, a shaggy moss beard and vine hair, small curved horns, glowing green eyes, a coat wrapped the wrong way and worn boots"
127,Domovoi,1270,bipedo,S,ninguno,variante,0,4,"small old man with a bushy grey beard and hair covering most of his body, bright eyes, a tiny red belted shirt, sitting behind a clay stove with a wooden spoon"
128,Rusalka,1280,bipedo,M,agua,variante,0,4,"pale slender girl with greenish skin, long wet green hair tangled with river weeds and water lilies, hollow dark eyes, a tattered wet white shift, bare feet and a wreath of wildflowers"
129,Vodyanoy,1290,acuatico,L,agua,variante,0,4,"bloated old water spirit with slimy green-grey skin, a long tangled beard of algae, a frog-like face with bulging eyes, webbed hands, fish-scaled legs and a hat of water lilies"
130,Kikimora,1300,bipedo,S,ninguno,variante,0,4,"tiny thin old crone with a very small head, a body slim as a reed, long tangled black hair, a ragged dark dress, holding a spindle and a tangled ball of thread"
131,Zmey Gorynych,1310,alado,XL,fuego,propio,0,4,"huge three-headed green dragon with dark red belly scales, bat-like wings, three fanged heads breathing flames, thick clawed legs and a spiked tail, perched on a rocky peak"
132,Alkonost,1320,alado,M,luz,variante,0,4,"large bird with the serene head and shoulders of a crowned woman, jewel-blue and gold feathers, a glowing halo, long trailing tail feathers and outstretched wings"
133,Sirin,1330,alado,M,sombra,reskin,0,4,"large bird with the sorrowful head and shoulders of a crowned woman, midnight-purple and black feathers tipped with silver, a dark jeweled crown, curved talons and folded wings"
134,Gamayun,1340,alado,M,viento,variante,0,4,"large bird with the calm face of a woman, iridescent bronze and green plumage, a small gold crown, a long peacock-like tail and a rolled scroll gripped in one talon"
135,Polevik,1350,bipedo,S,tierra,variante,0,4,"small field spirit with earth-brown skin, hair of green grass and wheat stalks, eyes of two different colors, a white linen tunic and bare feet, half-hidden in tall golden grain"
136,Ovinnik,1360,cuadrupedo,S,fuego,variante,0,4,"large black cat-like barn spirit with sooty fur, glowing red-hot coal eyes, sparks drifting from its whiskers, a tail ending in a flicker of flame, crouched on a heap of straw"
137,Bannik,1370,bipedo,S,agua,variante,0,4,"wrinkled old bathhouse spirit with a long damp grey beard and matted hair, flushed pink skin, birch leaves stuck to his shoulders, a plain linen robe, a bundle of birch twigs and swirling white steam"
138,Dvorovoi,1380,bipedo,S,ninguno,reskin,0,4,"small shaggy yard spirit with thick grey hair over most of his body, a tiny farmer's coat and cap, bright green eyes, a wooden hay fork, standing before a haystack"
139,Likho,1390,bipedo,M,sombra,variante,0,4,"tall gaunt hag with only one large pale eye, stooped shoulders, a long ragged black dress, sallow grey skin, bony hands and a dark shadow clinging to her back"
140,Vila,1400,bipedo,M,viento,variante,0,4,"slender mountain fairy maiden in a flowing white gown, long wind-blown golden hair, luminous pale skin, a silver bow with an arrow, standing on a rocky ledge among clouds"
141,Poludnitsa,1410,bipedo,M,luz,variante,0,4,"tall woman in a long white dress and head scarf, shimmering with heat haze, holding a large sickle, eyes bright as the noon sun, standing in a golden wheat field"
142,Topielec,1420,bipedo,M,agua,variante,0,4,"bloated pale-blue drowned man with seaweed hair and beard, glassy white eyes, water streaming from tattered clothes, webbed fingers, algae on his shoulders, rising from dark water"
143,Drekavac,1430,cuadrupedo,M,sombra,variante,0,4,"gaunt long-legged beast like a thin shaggy dog with an elongated snout, matted grey fur, ribs showing, a wide screaming mouth full of teeth and hollow glowing eyes"
144,Bauk,1440,flotante,M,sombra,variante,0,4,"shapeless hairy shadow creature with a huge mouth, glowing yellow eyes and long dangling arms of smoke, hovering low in a dark corner"
145,Psoglav,1450,bipedo,L,tierra,variante,0,4,"towering dog-headed giant with iron-gray fangs, shaggy brown fur, broad shoulders, a rough hide kilt and a heavy spiked club, glaring amber eyes"
146,Zduhać,1460,bipedo,M,viento,variante,0,4,"wiry mountain wizard in a long woolen cloak and rounded cap, glowing pale-blue eyes, a long white mustache, one hand raised summoning swirling wind and storm clouds around a wooden staff"
147,Vukodlak,1470,bipedo,M,sombra,variante,0,4,"gaunt wolf-headed humanoid with matted grey fur, glowing yellow eyes, long clawed hands, a tattered burial shroud over thin shoulders, bared fangs and pale patchy skin"
148,Mora,1480,flotante,M,sombra,reskin,0,4,"ghostly pale woman with long loose black hair over her face, a drifting white nightgown, wisps of mist instead of legs, a faint blue glow and long thin hands reaching out"
149,Karakondjul,1490,bipedo,S,hielo,variante,0,4,"small hairy hunched goblin with red eyes, donkey-like ears, curved tusks, a long thin tongue, matted black fur, clawed hands and a torn winter shawl"
150,Krampus,1500,bipedo,M,fuego,propio,0,4,"tall horned demon-like figure with shaggy dark brown fur, curled goat horns, a long red tongue, hooved feet, rusty chains with bells at his waist and a bundle of birch rods in hand"
151,Perchta,1510,bipedo,M,hielo,variante,0,4,"winter hag spirit with a long iron-grey hooked nose and wild white hair, a white fur-trimmed hooded robe, a spindle in her hand, a pale beautiful mask tied at her belt, snowflakes swirling"
152,Perchten,1520,bipedo,M,hielo,reskin,0,4,"furry figure in a thick shaggy white and grey coat wearing a carved wooden demon mask with big curved horns and bared teeth, a cowbell at the belt and a long staff"
153,Kobold,1530,bipedo,S,tierra,variante,0,4,"small bearded mine goblin with olive-green skin, big pointed ears, a long nose, a red hood, patched work clothes and a leather apron, holding a hammer and a handful of pebbles"
154,Alp,1540,bipedo,S,sombra,variante,0,4,"small elf-like nightmare spirit in a pointed grey hat, thin pale limbs, glowing white eyes, long clawed fingers and a cloak of shadow, perched on the edge of a bed"
155,Tatzelwurm,1550,serpentino,S,veneno,variante,0,4,"stubby lizard-like worm about a meter long with a cat-like head, whiskers and wide yellow eyes, two short clawed front legs and a thick scaly grey-brown body tapering to a short tail"
156,Wolpertinger,1560,cuadrupedo,S,ninguno,propio,0,4,"small hare-like beast with branching deer antlers, feathered wings on its back, two long fangs, soft brown fur and a bushy tail"
157,Rübezahl,1570,bipedo,L,rayo,propio,0,4,"huge mountain giant with a gnarled root-like body, a long grey beard full of moss and pine needles, a pine-trunk staff, a green woolen cloak and stormy grey eyes"
158,Bergmönch,1580,bipedo,M,tierra,variante,0,4,"tall hooded figure in a long black monk's robe, face hidden in shadow with two faint glowing eyes, long bony hands holding a dim mining lantern, pale mist rising from the hem"
159,Nachtkrapp,1590,alado,M,sombra,variante,0,4,"giant raven with glossy black feathers, a huge wingspan, a large sharp beak, glowing red eyes, long curved talons and a ragged mantle of night-colored feathers"
160,Nachtmahr,1600,flotante,M,sombra,variante,0,4,"dark hooded spirit with a thin hunched upper body and a tail of drifting black smoke instead of legs, glowing pale eyes, long spidery fingers and a ghostly horse head of mist at its shoulder"
161,Klabautermann,1610,bipedo,S,agua,variante,0,4,"small bearded sailor sprite in a yellow oilskin coat and sou'wester hat, rosy cheeks, holding a caulking mallet and a tiny ship's lantern, wet bare feet"
162,Heinzelmännchen,1620,bipedo,S,ninguno,variante,0,4,"tiny cheerful gnome with a long white beard, a pointed red cap, a brown work apron, a tiny hammer and needle, rosy cheeks and acorn-sized boots"
163,Schrat,1630,bipedo,M,tierra,variante,0,4,"hairy wild forest goblin with shaggy brown fur, goat horns and cloven hooves, long arms, a crown of leaves and twigs and bright yellow eyes"
164,Stollenwurm,1640,serpentino,S,tierra,reskin,0,4,"stubby lizard-like worm with a cat-like head and two short clawed front legs, dark slate-grey body with orange stripes, coated in stone dust, gleaming eyes"
165,Moosweiblein,1650,bipedo,S,tierra,variante,0,4,"tiny old woman made of green moss, with a wrinkled bark-brown face, white lichen hair, a leaf shawl, a mushroom-cap hat, bare feet and kind eyes"
166,Wichtel,1660,bipedo,S,ninguno,reskin,0,4,"tiny gnome with a pointed grey cap, a short brown beard, a green patched coat, oversized boots and mischievous eyes"
167,Butzemann,1670,bipedo,M,ninguno,variante,0,4,"scarecrow-like bogeyman with a burlap sack head and a stitched mouth, straw poking from ragged clothes, a crooked wooden pole for a spine, glowing eyes and long stick arms"
168,Waldgeist,1680,flotante,M,tierra,variante,0,4,"drifting forest spirit of green mist and fallen leaves, vaguely humanoid, glowing eyes among a crown of twigs, vines trailing like hair, moss clinging to its edges"
169,Wild Hunt,1690,cuadrupedo,L,viento,propio,0,4,"spectral horseman on a skeletal black horse with burning eyes, a ragged storm-cloud cloak, an antlered helmet and a hunting horn, pale spectral hounds running at his heels"
170,Lorelei,1700,bipedo,M,agua,variante,0,4,"beautiful siren-like maiden with long golden hair and a flowing blue gown, standing on a river rock holding a golden comb, a faint blue glow and watery mist at her feet"
171,Erdluitle,1710,bipedo,S,tierra,variante,0,4,"small earth dwarf with a wrinkled grey-brown face, a long white beard, a coat of dark green moss, a pointed hat, sturdy leather boots, a lantern and a little shovel"
172,Hockauf,1720,bipedo,S,sombra,variante,0,4,"small hunched ghostly goblin with grey translucent skin, long thin limbs and big gripping hands, glowing white eyes and a tattered cloak, clinging low as if riding on someone's back"
176,Lou Carcolh,1760,serpentino,L,tierra,propio,0,4,"giant cave snail with a huge spiral shell of dark stone-grey, a slimy bluish body, many long snake-like tentacles reaching from its head, small glowing eyes and wet glistening skin"
177,Gargouille,1770,alado,M,tierra,variante,0,4,"weathered grey stone gargoyle crouched on a ledge, bat-like wings folded, curved horns, pointed ears, gaping fanged mouth like a rain spout, clawed hands gripping the stone"
178,Dames Blanches,1780,flotante,M,luz,variante,0,4,"tall pale ghostly woman in a flowing white veil gown that fades into mist below the waist, long loose hair, hollow glowing eyes, one hand outstretched in invitation"
179,Drac,1790,acuatico,M,agua,variante,0,4,"lithe river dragon-imp with green scaly hide, webbed clawed hands, small horns and a finned tail, lurking beside a glittering golden ring floating on the water"
180,Dahu,1800,cuadrupedo,S,ninguno,variante,0,4,"chamois-like mountain goat with uneven legs, shorter on the left side, shaggy brown-grey coat, small curved horns, sturdy hooves, leaning sideways on a steep slope"
181,Vouivre,1810,serpentino,L,fuego,variante,0,4,"winged serpent-dragon with long coiling emerald-scaled body, two small bat wings, a glowing red gemstone embedded in its forehead, eyes of molten gold, trailing sparks"
182,Bestia de Gévaudan,1820,cuadrupedo,M,ninguno,variante,0,4,"huge wolf-like beast with russet-red shaggy fur, dark stripe along its spine, oversized head with long fangs, tufted tail, hunched powerful shoulders and clawed paws"
183,Mélusine,1830,serpentino,L,agua,variante,0,4,"elegant fairy woman in a flowing gown whose lower body becomes a long scaled serpent tail with bat-like wings on her back, silver hair, pale skin, sea-green scales"
184,Basajaun,1840,bipedo,L,tierra,variante,0,4,"towering hairy forest giant covered head to toe in long dark brown shaggy hair that reaches the ground, broad shoulders, heavy fists, deep-set eyes under a heavy brow, holding a gnarled branch"
185,Lamia vasca,1850,bipedo,M,agua,variante,0,4,"beautiful water spirit woman with long golden hair, holding a golden comb, webbed duck-like feet instead of human feet, wet shimmering robe, standing in a river"
186,Sugaar,1860,serpentino,L,rayo,variante,0,4,"long storm serpent with sleek dark-blue scales crackling with lightning, a crest of silver spines on its head, glowing amber eyes, coiling through thunderclouds"
187,Mari,1870,bipedo,M,fuego,variante,0,4,"regal woman in a long red-and-black dress with one human foot and one goat hoof, holding a golden comb, flames trailing like a comet behind her, dark flowing hair"
188,Herensuge,1880,serpentino,XL,fuego,propio,0,4,"huge dragon-serpent with seven snake-like heads on long necks, dark crimson scales, glowing yellow eyes, each mouth hissing smoke, coiled around cave rocks"
189,Galtzagorri,1890,bipedo,S,ninguno,reskin,0,4,"tiny mischievous goblin in bright red trousers and a ragged brown vest, pointed ears, wide toothy grin, spindly limbs, carrying a small pitchfork"
190,Nuberu,1900,flotante,M,hielo,variante,0,4,"hunched old storm wizard in a tattered grey cloak drifting on a dark thundercloud, long white beard, wild eyes, holding a gnarled staff crackling with hail and sparks"
191,Cuélebre,1910,serpentino,XL,tierra,reskin,0,4,"massive bronze-scaled winged serpent with a spiked ridge along its back, leathery hooked wings, cold green eyes, coiled around a glittering heap of old gold coins"
192,Trasgu,1920,bipedo,S,ninguno,variante,0,4,"small hairy house goblin with a red pointed cap, sharp ears, mischievous grin, large hands, wearing a tiny leather apron, standing among overturned pots and pans"
193,Busgosu,1930,bipedo,L,tierra,reskin,0,4,"huge moss-green hairy wild man of the beech forest, long matted hair and beard with leaves tangled in it, thick arms, small fierce eyes, bark-like skin patches"
194,Coco,1940,bipedo,M,sombra,variante,0,4,"tall hunched shadowy bogeyman in a ragged dark hooded cloak, glowing white eyes inside the hood, long thin arms with clawed fingers, a large empty sack on its back"
195,Santa Compaña,1950,flotante,M,sombra,variante,0,4,"procession of pale hooded spirits in tattered shrouds holding lit candles, faces hidden in deep hoods, feet fading into mist, the leader bearing a wooden cross"
196,Aatxe,1960,cuadrupedo,L,fuego,reskin,0,4,"powerful red bull with glowing ember-like eyes and horns wreathed in flame, smoldering hide, hooves leaving scorched marks, steam from its nostrils"
197,Akerbeltz,1970,cuadrupedo,M,sombra,variante,0,4,"large black he-goat with long curved horns, shaggy glossy black coat, glowing red eyes, a long beard, standing on rocky pasture with an uncanny calm gaze"
198,Guaxa,1980,bipedo,M,ninguno,variante,0,4,"hunched forest spirit with gnarled humanoid body, grey-green mossy skin, long thin arms, pale glowing eyes, wrapped in torn brown rags and dry leaves"
199,Güestia,1990,flotante,M,sombra,reskin,0,4,"silent troop of ghostly villagers in old mountain clothes carrying flickering torches, blank pale faces, translucent bodies trailing mist, led by a taller hooded figure"
260,Ifrit,2600,bipedo,L,fuego,variante,1,4,"muscular fire genie with dark red smoldering skin, curled ram horns, glowing molten eyes, thick legs, hands wreathed in flame, gold armbands, black smoke pouring from its shoulders"
503,Alicornio,5030,cuadrupedo,M,luz,reskin,0,4,"slender white unicorn-like horse with a long spiral ivory horn glowing softly, silver mane, cloven hooves, calm blue eyes, standing in a misty forest clearing"
504,Arimaspo,5040,bipedo,M,ninguno,variante,0,4,"muscular warrior with a single large eye in the center of his forehead, fur-trimmed leather armor, braided beard, a long spear, gold-flecked belt, standing on a rocky mountain slope"
505,Blemmyes,5050,bipedo,M,ninguno,propio,0,4,"headless humanoid warrior with eyes, nose and mouth set directly in his broad chest, thick shoulders, leather shoulder straps and kilt, crude wooden club, standing in a dusty desert"
506,Catoblepas,5060,cuadrupedo,M,veneno,variante,0,4,"heavy buffalo-bodied beast with a huge hog-like head too heavy to lift, hanging low to the ground, shaggy mane covering the eyes, scaly belly, short thick legs, murky green breath"
507,Crocotta,5070,cuadrupedo,M,ninguno,propio,0,4,"hybrid beast with a stag-like body, lion haunches, horse hooves, a badger-like head, a gaping mouth stretching ear to ear filled with one ridge of bone instead of teeth, tawny striped coat"
508,Eale,5080,cuadrupedo,L,ninguno,variante,0,4,"hippo-sized black beast with a boar-like tusked jaw, elephant tail, goat-like body and two long movable horns swiveling independently, one forward and one back, shaggy flanks, small fierce eyes"
509,Enfield,5090,cuadrupedo,M,ninguno,propio,0,4,"heraldic beast with a russet fox head, golden eagle talons for forelegs, a grey greyhound chest, a tawny lion body, and a grey wolf's hind legs with a bushy tail"
514,Monocerote,5140,cuadrupedo,L,ninguno,variante,0,4,"stout horse-bodied beast with a stag's head, elephant-like feet, a boar's tail and a single straight black horn, dark brown hide, fierce eyes, bellowing in a forest glade"
516,Peluda de Culle,5160,cuadrupedo,L,ninguno,variante,0,4,"large shaggy beast covered in coarse green-grey fur and spiny quills, a tortoise-like shell on its back, clawed paws, a snake-like head and a long scaly tail"
517,Questing Beast,5170,cuadrupedo,L,ninguno,propio,0,4,"serpent-headed beast with a leopard-spotted body, lion haunches, deer hooves, a long sinuous neck, belly rippling as if hounds bark inside, lean powerful frame, green-gold eyes"
518,Salamandra fabulosa,5180,cuadrupedo,S,fuego,variante,0,4,"small lizard-like salamander with glossy black skin marked by glowing orange stripes, ember-like eyes, wisps of smoke rising from its back, short clawed legs, resting in a bed of red-hot coals"
519,Scolopendra marina,5190,artropodo,L,agua,variante,0,4,"giant sea centipede with a long armored reddish-brown segmented body, dozens of paddle-like legs, curved venomous pincer jaws, trailing antennae, spiny ridges, thrashing out of dark ocean waves"
520,Serpiente alada europea,5200,alado,L,veneno,variante,0,4,"long serpent body with emerald and bronze scales, two broad leathery bat-like wings, crested head with forked tongue and curved fangs, and a barbed tail tip, coiled on a rock"
521,Sleipnir,5210,cuadrupedo,L,viento,propio,0,4,"huge grey stallion with eight slender legs, four on each side, flowing silver mane and tail, faint glowing runes along the flanks and calm pale eyes"
523,Unicornio europeo,5230,cuadrupedo,M,luz,variante,0,4,"slender white horse with a long spiral ivory horn, cloven goat-like hooves, a small beard and a lion-tufted tail, silver-white mane and calm bright eyes"
524,Yale,5240,cuadrupedo,M,ninguno,propio,0,4,"stocky beast with an antelope body, golden spotted hide, an elephant-like tail, black boar tusks, and two long curved horns that swivel independently forward and back"
526,Ala,5260,flotante,L,hielo,propio,0,4,"storm demon shaped like a swirling dark cloud with a huge fanged mouth, wild tangled hair of black mist, long clawed arms and rattling hailstones falling from its body"
527,Aitvaras,5270,alado,S,fuego,variante,0,4,"small black rooster-like creature with a long serpentine fiery tail trailing sparks, glowing ember eyes, short scaled wings, and glittering coins clutched in its talons"
528,Baba Roga,5280,bipedo,L,ninguno,variante,0,4,"hulking hunched old ogress with grey warty skin, two short curved horns, a hooked nose, tattered dark shawl, long clawed hands and a large sack slung over her back"
530,Bereginyas,5300,bipedo,M,agua,variante,0,4,"graceful riverbank guardian spirit with long pale-green hair, flowing robes that ripple like water, glowing white eyes and a cupped hand spilling a shimmering stream"
531,Bies,5310,bipedo,M,sombra,variante,0,4,"hairy horned demon with a goat-like muzzle, cloven hooves, thick dark fur, a long tail, curved black horns and glowing yellow eyes, wielding a heavy wooden club"
532,Boruta,5320,bipedo,M,fuego,reskin,0,4,"devil disguised as a nobleman in a long red coat and fur cap with a drooping moustache, tall black boots, small horns poking through the hat and a hooked tail beneath the coat"
533,Čuma,5330,flotante,M,veneno,variante,0,4,"gaunt spectral woman in a long tattered white shroud, face hidden by a hood with only pale eyes visible, trailing greenish plague mist from her sleeves over the ground"
534,Dziwożona,5340,bipedo,M,tierra,variante,0,4,"wild forest woman with long matted green-black hair, pointed ears, bark-like leathery skin, very long clawed arms, a ragged moss-covered cloak and a bundle of twigs on her back"
537,Kudlak,5370,bipedo,M,sangre,reskin,0,4,"pale gaunt vampire in a dark wolf-pelt cloak, sunken red eyes, long fangs, clawed hands, and a ragged grey coat, with a wolf-like muzzle half-forming on its face"
539,Leshachikha,5390,bipedo,M,tierra,reskin,0,4,"tall forest spirit woman with bark-brown skin, hair of long green leaves and vines, birch-white arms, glowing green eyes, moss-covered shoulders and bare feet sinking into the ground"
540,Mavka,5400,bipedo,M,sombra,variante,0,4,"pale young woman spirit with long green hair crowned with wildflowers, a thin white dress of leaves, glowing pale eyes, and a hollow back of ivy and tangled roots instead of a spine"
541,Navka,5410,bipedo,M,agua,reskin,0,4,"pale bluish young female ghost with wet dark hair clinging to her shoulders, a tattered grey-blue shift, milky white eyes, dripping hands and a hollow back filled with reeds and pond water"
542,Nocnitsa,5420,flotante,M,sombra,reskin,0,4,"hunched night hag spirit floating above the ground, long straggly black hair, grey cracked skin, glowing yellow eyes, a ragged dark nightgown dissolving into smoke and long thin clawed fingers"
544,Ozero Dragon,5440,serpentino,L,agua,variante,0,4,"long-bodied lake dragon with dark teal scales, a frilled crest along its neck, fish-like fins, glowing amber eyes and a wide toothy jaw, rising from the water in a spray of mist"
545,Plivka,5450,bipedo,S,ninguno,variante,0,4,"small hunched folk spirit wrapped in a patched woolen cloak, pale grey face with large dark eyes, long thin fingers, a twisted wooden staff and a faint mist swirling around its feet"
546,Rarog,5460,alado,S,fuego,variante,0,4,"falcon wreathed in flames with a golden-orange feathered body, a burning crest and tail like a comet, glowing white-hot eyes and talons that leave small sparks in the air"
547,Stribog,5470,bipedo,XL,viento,propio,0,4,"colossal white-bearded old god in a billowing grey-blue cloak, his beard and robes streaming into gusts of wind, holding a great curved horn, with arrow-shaped gales swirling behind him"
548,Topielica,5480,bipedo,M,agua,reskin,0,4,"drowned woman spirit with pale blue-grey skin, long dripping black hair tangled with pond weed, a torn white shift soaked in water, glowing white eyes and webbed fingers"
550,Zorya nocturna,5500,bipedo,M,luz,variante,0,4,"tall serene woman guardian in a deep midnight-blue robe scattered with silver stars, long dark hair, a pale glowing crescent crown and a slender spear of starlight in her hand"
551,Bean-tighe,5510,bipedo,S,fuego,variante,0,4,"small kindly house spirit woman with rosy cheeks, a patched apron and shawl, white hair in a bun, carrying a broom and a lantern, with faint hearth embers glowing at her feet"
553,Cauld Lad,5530,flotante,S,hielo,variante,0,4,"small ghostly stable-boy spirit with translucent pale-blue skin, ragged old tunic, a hooded green cloak, hollow sad eyes and frost on his hair, floating just above the stone floor"
554,Carmun,5540,bipedo,M,veneno,variante,0,4,"gaunt sorceress in a tattered black-green robe with a hooded cowl, long grey hair, hollow glowing green eyes, holding a twisted staff that sheds withered leaves and blight"
556,Church Grim,5560,cuadrupedo,M,tierra,reskin,0,4,"large black dog with shaggy coat, pale ghostly eyes and a dusting of grave soil, a broken iron bell tied at its collar and faint white mist drifting from its fur"
557,Dunter,5570,flotante,S,ninguno,variante,0,4,"small grey poltergeist spirit shaped like a stooped goblin made of dust and shadow, with a large wooden mallet, wide hollow eyes and a ring of floating cracked plates around it"
558,Erlking,5580,bipedo,L,sombra,variante,0,4,"tall gaunt elf king in a dark green hooded robe, a crown of twisted alder branches, long pale face with hollow glowing eyes, and a trailing cape of grey mist and falling leaves"
559,Flittergai,5590,alado,S,viento,variante,0,4,"tiny winged fairy with moth-like grey wings, pointed face and large dark eyes, a tattered leaf tunic, thin limbs and a faint trail of glittering dust as it flutters"
561,Grindylow,5610,bipedo,S,agua,variante,0,4,"small green-skinned water goblin with thin spindly arms twice as long as its body, webbed claws, sharp needle teeth, bulging yellow eyes and slimy weed draped over its back"
562,Hob,5620,bipedo,S,ninguno,reskin,0,4,"small hairy house goblin with shaggy brown fur, pointed ears, bright round eyes, a tattered tunic and bare feet, holding a tiny pitchfork and a bowl of cream"
565,Mester Stoor Worm,5650,serpentino,XL,veneno,propio,0,4,"colossal sea serpent with a mountain-sized head, a wide fanged maw with a forked tongue, ridged slate-green scales, barnacled coils across the waves and toxic vapor rising from its breath"
566,Old Shuck,5660,cuadrupedo,M,fuego,reskin,0,4,"huge shaggy black dog the size of a calf, two glowing red eyes, long fangs, smoky breath and heavy paws that leave scorched prints in the mud"
567,Padfoot,5670,cuadrupedo,M,sombra,reskin,0,4,"tall spectral hound with shaggy pale-grey fur, silent oversized paws, glowing round eyes, a dragging rusted chain and a trail of fog at its heels"
570,Shellycoat,5700,bipedo,M,agua,variante,0,4,"stooped river spirit covered in rattling sea shells and pebbles from head to foot, pale wrinkled face with a wide grin, long beard of river weed and a clacking shell-cloak"
571,Skillywidden,5710,bipedo,S,tierra,variante,0,4,"tiny fairy man with a wrinkled brown face, pointed hat made from a dock leaf, patched green jacket, long nimble fingers and bright quick eyes, poised on a gorse bush"
572,Teggie,5720,bipedo,M,agua,variante,0,4,"slender water sprite with translucent blue-green skin, long reed-like hair, webbed fingers, shimmering fish-scale patches along its arms and soft glowing eyes, standing waist-deep in a pool"
573,Tommyknocker,5730,bipedo,S,tierra,reskin,0,4,"small bearded mine goblin with grey leathery skin, a dented miner's helmet with a dim lamp, big ears, oversized hands gripping a tiny pickaxe and a coat of rock dust"
574,Urisk,5740,bipedo,M,agua,variante,0,4,"wild goat-legged man with shaggy russet fur on his lower body, small curled horns, a mossy beard, pointed ears, and a cloak of reeds, perched by a mountain waterfall"
575,Wulver,5750,bipedo,M,ninguno,variante,0,4,"tall man-like creature with a wolf's head covered in short brown fur, strong shoulders, calm amber eyes, a rough rope belt and a freshly caught fish held in one hand"
645,Uldra,6450,bipedo,M,sombra,variante,1,4,"slender pale underground dweller in a long grey-blue woolen tunic, faintly shimmering translucent skin, elongated fingers, silver-white hair, glowing violet eyes, carrying a small lantern"
966,Rougarou,9660,bipedo,M,sombra,variante,0,4,"hulking wolf-headed werewolf with matted gray-brown fur, red glowing eyes, long fangs, clawed hands, tattered rags, wading through swamp mist beside mossy cypress trees"
996,Acheron hound,9960,cuadrupedo,M,fuego,reskin,0,4,"huge black hound with smoldering embers glowing in its chest and eyes, mist-like fur dripping river water, a heavy iron collar with a broken chain, and long white fangs"
997,Baba Marta spirit,9970,bipedo,M,hielo,variante,0,4,"stern elderly woman spirit with a long gray braid, a thick wool shawl woven in red and white, a walking stick topped with snowdrops, and cold wind swirling around her"
999,Balaur,9990,cuadrupedo,XL,veneno,propio,0,4,"huge seven-headed dragon with four thick legs, an olive-green scaled body, short fins along its sides, curved horns on each head, gaping jaws, a spiked tail, and smoke curling from its nostrils"
1000,Bojownik,10000,bipedo,M,ninguno,variante,0,4,"wiry armored warrior spirit in rusted chain mail and a dented iron helmet, glowing blue eyes under the visor, holding a notched sword and a round wooden shield"
15,Sirenas,150,alado,M,agua,variante,0,5,"bird-bodied woman-headed creature with long grey and teal feathered wings, taloned feet, a serene pale face with flowing hair and an open singing mouth, perched on a sea cliff"
50,Fenrir,500,cuadrupedo,XL,ninguno,propio,0,5,"gigantic grey wolf with thick shaggy fur, glowing pale eyes, enormous fanged jaws, broken iron chain links trailing from its neck and a scarred muzzle"
118,Morgawr,1180,acuatico,XL,agua,variante,0,5,"colossal sea serpent with a small flat head on a long neck, three dark green humps arching out of the waves, slick hide, pale glowing eyes and trailing seaweed"
119,Owlman,1190,alado,M,viento,variante,0,5,"tall winged humanoid with a grey mottled feathered body, a large owl-like head with pointed ear tufts, huge glowing red eyes, long black clawed hands and wide wings folded behind"
227,Bennu,2270,alado,M,luz,variante,0,5,"tall heron-like sacred bird with golden-red and blue-grey plumage, long slender beak, two long crest feathers, glowing sun-like aura, wings spread wide above a stone obelisk"
400,Anansi,4000,artropodo,S,ninguno,variante,1,5,"clever trickster spider with eight long legs and a grinning almost-human face, round dark body marked with golden patterns, bright eyes, a woven bag of stories on its back, silk threads"
401,Adze,4010,artropodo,S,sangre,variante,1,5,"glowing firefly-like insect the size of a cat, translucent shimmering wings, bright amber light in its abdomen, long needle-like proboscis, tiny red eyes, hovering above a sleeping hut"
402,Asanbosam,4020,bipedo,L,sangre,reskin,0,5,"lanky hunched forest vampire with a gaunt grey body, mouth full of iron teeth, long legs ending in rusty hooks, hanging upside down from a branch, red eyes"
403,Sasabonsam,4030,bipedo,L,ninguno,variante,0,5,"tall hairy forest monster with long red-brown legs ending in iron hooks, bright yellow eyes, sharp teeth, a tattered bark cloak, perched on a high branch with legs dangling"
404,Obayifo,4040,flotante,S,luz,variante,1,5,"glowing orb of greenish-white light with a vague hunched human silhouette inside, trailing sparks and thin streams of light like a comet, hovering above a village rooftop at night"
405,Mami Wata,4050,acuatico,M,agua,variante,1,5,"water spirit with a long fish tail of teal and gold scales, a large python draped over her shoulders, long braided hair adorned with shells, a scale-covered bodice, holding a small round mirror"
406,Impundulu,4060,alado,L,rayo,variante,1,5,"huge black and white bird with a long crested tail and glittering plumage, crackling blue lightning running along its wings and talons, sharp red eyes, storm clouds swirling behind it"
407,Tokoloshe,4070,bipedo,S,agua,variante,1,5,"squat hairy imp with grey-brown matted fur, large hollow eyes, long arms, a smooth river pebble held between its teeth, water dripping from its hair"
408,Inkanyamba,4080,serpentino,L,viento,variante,1,5,"enormous eel-like serpent with a horse-shaped head and flowing mane, shimmering dark green scales, glowing amber eyes, coiled in a waterfall pool while a spiraling storm twists above"
409,Grootslang,4090,serpentino,L,tierra,variante,0,5,"huge serpent with an elephant's head and long white tusks, thick grey-green scaled body, small cunning eyes, coiled around glittering diamonds in a dark cave"
410,Ninki Nanka,4100,serpentino,L,agua,variante,0,5,"long dragon-like marsh serpent with a horse-like head, a crest of spines down its back, short clawed legs, olive-green scales, dripping mud, hidden among tall reeds"
411,Kongamato,4110,alado,M,ninguno,variante,0,5,"leathery-winged flying reptile with a long toothy beak, red-brown skin, a narrow bony head crest, clawed wing fingers, diving out of swamp mist above a canoe"
412,Popobawa,4120,alado,M,sombra,reskin,1,5,"dark shadowy bat-winged humanoid with a single large glowing eye, pointed ears, long clawed fingers, leathery wings and a hunched body, perched on a thatched roof at night"
413,Mokele-mbembe,4130,cuadrupedo,XL,agua,variante,0,5,"huge long-necked reptile with a small head, thick grey-brown body, stout legs and a long muscular tail, wading through a mist-covered river with reeds and mud clinging to its skin"
414,Emela-ntouka,4140,cuadrupedo,L,agua,variante,0,5,"stocky rhinoceros-like beast with a single long ivory horn, smooth grey-brown hide, thick tail and heavy legs, half submerged in a swamp, ready to charge"
415,Mbielu-mbielu-mbielu,4150,cuadrupedo,L,tierra,variante,0,5,"four-legged swamp beast with a row of tall flat bony plates along its back, small head with a beak-like mouth, thick spiked tail, brown-green scaly hide"
416,Kishi,4160,bipedo,M,ninguno,variante,0,5,"tall figure in a plain wrap cloth with a calm human face in front and a second snarling hyena face on the back of its head, bristling mane and clawed hands"
417,Ogo,4170,cuadrupedo,M,tierra,variante,1,5,"slender pale sand-colored fox-like spirit on four long legs, narrow muzzle, large upright ears, hollow white eyes, thin dark claws, dust swirling around its body in dry savanna"
418,Bultungin,4180,bipedo,M,ninguno,variante,1,5,"hyena-headed humanoid with a spotted tawny coat, bristling dark mane down the spine, long clawed hands, a leather belt and wrap cloth, muzzle snarling, standing hunched on two legs"
419,Mngwa,4190,cuadrupedo,L,ninguno,reskin,0,5,"massive grey brindled cat the size of a donkey, heavy shoulders, thick banded fur, amber eyes, short rounded ears, stalking through coastal forest at dusk"
420,Aicha Kandicha,4200,bipedo,M,agua,variante,1,5,"tall woman in a long dark robe with a pale shawl over her flowing black hair, glowing eyes, goat hooves peeking from the hem, silver bracelets, standing beside a spring"
421,Bouda,4210,bipedo,M,sombra,reskin,1,5,"hyena-headed humanoid with a patchy grey-brown coat, bristling mane, long clawed hands, an iron ring around one arm, a clay-bead necklace and amulet cords, muzzle snarling, hunched on two legs"
423,Abatwa,4230,bipedo,S,ninguno,variante,1,5,"tiny fairy-like people no bigger than a thumb in leaf cloaks, carrying reed bows with tiny arrows, riding a large black ant through tall grass, big alert eyes"
424,Quetzalcóatl,4240,serpentino,XL,viento,propio,1,5,"colossal feathered serpent with emerald and turquoise plumage along its long coiling body, a crest of long green quetzal feathers, golden eyes, small wings, jade ornaments, rising among clouds"
425,Camazotz,4250,alado,M,sombra,variante,1,5,"tall bat-headed humanoid with leathery black wings, large pointed ears, curved fangs, clawed fingers holding an obsidian-bladed spear, jade necklace, hanging upside down in a dark cave"
426,Cipactli,4260,acuatico,XL,agua,propio,1,5,"colossal primordial crocodile-fish monster with a spiked ridged back, extra snapping jaws at its joints, mottled green and ochre hide, glowing eyes, rising from a dark primeval sea"
427,Tlaltecuhtli,4270,cuadrupedo,XL,tierra,propio,1,5,"colossal crouching toad-like earth monster with splayed limbs, extra fanged mouths at every joint, mossy brown-green hide, clawed hands and feet, a necklace of carved stone skulls"
428,Ahuizotl,4280,cuadrupedo,S,agua,variante,1,5,"dog-sized creature with sleek wet black fur, small pointed ears, sharp teeth, monkey-like paws and a long tail ending in a grasping human-like hand, crouched at a lake shore"
429,Chaneque,4290,bipedo,S,tierra,variante,1,5,"tiny child-sized forest guardians with bark-like skin, wide black eyes, pointed ears, leaf-woven tunics, carrying small clay pots and twig staffs, standing together in a group"
430,Alux,4300,bipedo,S,tierra,variante,1,5,"tiny knee-high imp made of clay with a pointed hat of woven leaves, bright glowing eyes, mischievous smile, holding a small bow, standing at the edge of a cornfield"
431,Xtabay,4310,bipedo,M,sombra,variante,1,5,"tall ghostly woman with floor-length black hair, pale grey skin and a long white embroidered gown, thorny bark-like growths and vines crawling up her back, standing beneath a giant ceiba tree"
432,Wayob,4320,bipedo,M,sombra,variante,1,5,"shape-shifting spirit caught mid-transformation, human torso with a spotted jaguar head, bat-wing ears, jade bead collar, glowing amber eyes, long curved claws, wisps of green mist curling around its legs"
434,Zipacná,4340,bipedo,XL,tierra,variante,1,5,"colossal giant whose body is layered grey rock and moss, boulder-like fists, a head shaped like a rough mountain peak, glowing orange eyes, small pine trees growing on his shoulders"
435,Vucub-Caquix,4350,alado,L,luz,propio,1,5,"giant macaw-headed bird lord with scarlet, blue and yellow feathers, a huge hooked beak full of gleaming gem-like teeth, silver and gold rings around his eyes, broad wings, jade collar"
436,Gukumatz,4360,serpentino,XL,viento,reskin,1,5,"colossal feathered serpent with sea-green and emerald quetzal plumes along its coiling body, turquoise and gold scales, a crest of long tail feathers, jade-green eyes, water spray swirling around its coils"
437,Itzam Cab Ain,4370,acuatico,XL,tierra,variante,1,5,"colossal crocodile with a moss-covered earthen back sprouting small trees and stone slabs, jagged dark-green scales, huge toothy jaws, floodwater pouring from its mouth, amber slit eyes"
438,Cadejo,4380,cuadrupedo,M,sombra,variante,0,5,"shaggy dog-like spirit the size of a calf, goat hooves, thick matted silver-grey fur, a long beard under the chin, glowing red eyes, pale mist around its paws on a moonlit road"
439,La Llorona,4390,flotante,M,agua,variante,0,5,"weeping ghostly woman in a long tattered white gown and veil, pale grey face with hollow dark eyes, long black hair dripping river water, floating above the water with trailing mist"
440,Chupacabras,4400,bipedo,S,sangre,variante,0,5,"hunched reptilian creature about four feet tall, grey-green scaly skin, a row of sharp spines down its back, large red slanted eyes, long clawed fingers, fanged mouth, powerful hind legs"
441,Ciguapa,4410,bipedo,M,ninguno,variante,0,5,"slender mountain spirit shaped like a woman with indigo-blue skin, floor-length black hair draped like a cloak, feet turned backwards, large dark eyes, standing at a moonlit cave mouth"
442,Siguanaba,4420,bipedo,M,sombra,variante,0,5,"ghostly woman in a long white dress seen from behind, long black hair, turning to reveal a horse-like skull face with long yellow teeth, wet clothes, standing in a shallow river"
443,Duende,4430,bipedo,S,ninguno,variante,0,5,"tiny wizened sprite knee-high with a huge wide-brimmed straw hat, pointed ears, backward-turned feet, ragged brown clothes, long thin fingers, mischievous grin and glinting eyes"
444,Sisimite,4440,bipedo,L,ninguno,variante,0,5,"huge shaggy ape-man covered in dark brown matted hair, broad shoulders, long arms nearly touching the ground, flat face with deep-set glowing eyes, feet turned backwards, standing at a mountain cave"
445,Cipitío,4450,bipedo,S,tierra,reskin,0,5,"boy-sized sprite with a round potbelly, oversized straw hat shading his face, ash-grey skin, backward-turned bare feet, small hands full of pebbles, ash dusting his shoulders"
446,Cihuateteo,4460,flotante,M,sombra,variante,1,5,"pale spectral woman with chalk-white face and skull-like features, clawed hands raised, tattered woven skirt, tangled dark hair with a paper headband, hovering above the ground with mist trailing from her hem"
447,Tzitzimime,4470,bipedo,L,luz,variante,1,5,"towering skeletal woman with a skull face and glowing star-points in her eye sockets, visible ribcage, skirt hung with small skulls and bones, long clawed fingers, night sky swirling behind her"
448,Xiuhcoatl,4480,serpentino,L,fuego,variante,1,5,"long turquoise-scaled fire serpent with an upturned curling snout, blazing orange flames along its spine and tail, jagged crest, glowing amber eyes, mosaic-like scale pattern, sparks trailing behind"
449,Mapinguari,4490,bipedo,L,veneno,variante,1,5,"giant sloth-like beast standing on hind legs, shaggy rust-red fur, a single large eye in its forehead, a gaping toothy mouth on its belly, huge curved claws, armored hide patches"
450,Curupira,4500,bipedo,S,ninguno,variante,1,5,"small forest spirit with bright flame-red hair, moss-green skin with leaf patterns, feet pointing backwards, wild grin, vines wrapped around the waist, standing among tall rainforest trees"
451,Boto,4510,acuatico,M,agua,variante,1,5,"pink Amazon river dolphin with a long snout and rosy mottled skin, a white wide-brimmed hat covering its blowhole and a small white linen jacket, rising from dark river water"
452,Boitatá,4520,serpentino,L,fuego,variante,1,5,"huge serpent whose body glows with orange-white flame, two enormous round luminous eyes like lanterns, translucent scales showing embers inside, trailing smoke and sparks across a night field"
453,Iara,4530,acuatico,M,agua,variante,1,5,"river mermaid with long dark hair crowned with water lilies, iridescent blue-green scales covering her torso and tail, a shell necklace, mouth open in song above a calm river at dusk"
454,Cuca,4540,bipedo,M,sombra,variante,0,5,"old hag-like witch with an alligator head, scaly green snout with crooked teeth, tattered shawl and patchwork dress, long clawed hands, hunched back, carrying a cloth sack over her shoulder"
455,Lobizón,4550,cuadrupedo,M,sombra,variante,0,5,"gaunt wolf-like beast on all fours with shaggy grey-black fur, long snout, glowing green eyes, ragged ears, powerful shoulders, clawed paws, standing in moonlit pampas grass"
456,Pombero,4560,bipedo,S,sombra,variante,1,5,"short stocky hairy man-spirit about waist-high, oversized hands and feet, shaggy dark fur covering his body, wide-brimmed straw hat, glowing eyes, holding a rolled tobacco leaf, crouched at a forest edge"
457,Luisón,4570,cuadrupedo,M,sombra,reskin,1,5,"emaciated wolf-like beast on all fours with ash-pale fur, exposed ribs, bone-white mask-like face, hollow glowing eyes, tattered burial cloth around its neck, prowling between old gravestones"
458,Teju Jagua,4580,cuadrupedo,L,fuego,propio,1,5,"huge lizard-bodied beast with seven snarling dog heads on thick necks, rough mottled brown-green scales, glowing orange eyes, clawed lizard legs and a thick tail, cave mouth behind"
459,Mbói Tu'ĩ,4590,serpentino,L,agua,variante,1,5,"giant serpent with a bright red-and-green parrot head, hooked beak and forked tongue, thick coiling green scaly body marked with yellow bands, rising from marsh water"
460,Ao Ao,4600,cuadrupedo,M,ninguno,variante,1,5,"stocky pack beast with a thick coat of coarse dark wool, curved ram-like horns, powerful clawed paws, a long fanged snout and glowing yellow eyes, snarling in a moonlit forest"
461,Jasy Jatere,4610,bipedo,S,luz,variante,1,5,"small blond forest dwarf with shoulder-length golden hair, a tattered straw hat, a glowing golden staff, mischievous smile, standing in a patch of midday sunlight among trees"
463,Chullachaqui,4630,bipedo,M,ninguno,variante,1,5,"lean forest guardian with weathered bark-like skin, one normal bare foot and one twisted hoof-like foot, moss in his hair, green glowing eyes, vines wrapping his arms, among giant jungle trees"
464,Sachamama,4640,serpentino,XL,tierra,variante,1,5,"colossal moss-covered anaconda-like serpent lying like a fallen log, bark-textured scales with ferns and small trees growing along its back, large hypnotic amber eyes, broad head"
465,Yacumama,4650,serpentino,XL,agua,reskin,1,5,"colossal anaconda-like serpent with blue-black scales and a silvery belly, broad flat head with pale glowing eyes, dripping river weeds, a swirling whirlpool around its coils on a dark jungle lake"
466,Runamula,4660,cuadrupedo,M,fuego,variante,0,5,"black mule breathing flames, glowing red eyes, mane of embers, broken bridle with jingling silver bells, hooves leaving burning prints, a faint pale woman's face in the smoke"
467,Pishtaco,4670,bipedo,M,sombra,variante,1,5,"gaunt tall figure in a long dark cloak and wide-brimmed hat, face hidden in shadow, long thin fingers holding a curved knife and a clay jar, lurking on a mountain trail"
468,Supay,4680,bipedo,L,sombra,variante,1,5,"gaunt underworld lord in a dark woven poncho and a tall crown of black stone shards, ash-grey skin, glowing red eyes, holding a flickering miner's lamp in a lightless stone tunnel"
469,Amaru,4690,serpentino,L,agua,propio,1,5,"two-headed winged serpent with a llama-like head at one end and a fox-like fanged head at the other, shimmering fish scales, condor wings, long coiling body, glacial lake mist"
470,Anchanchu,4700,bipedo,S,sombra,variante,1,5,"small hunched goblin-like mountain spirit with wrinkled grey skin, oversized head, long white beard, glowing pale eyes, gnarled hands, wrapped in a tattered cloak, crouching at a dark cave mouth"
471,Ccoa,4710,cuadrupedo,M,hielo,variante,1,5,"spotted grey mountain cat with luminous green eyes that flash lightning, frost-coated whiskers, hail pellets swirling around its shoulders, long tufted tail, perched on a cold rocky peak"
472,Madre de aguas,4720,acuatico,M,agua,reskin,1,5,"river guardian spirit with long flowing hair of green water weeds, pale blue-grey skin, a fish-like tail, eyes glowing like moonlit water, surrounded by lily pads and gentle whirlpools"
473,Caipora,4730,bipedo,S,ninguno,reskin,1,5,"small shaggy forest sprite with leaf-green markings riding a white-lipped peccary, holding a twisted vine staff, wild red hair, glowing eyes, surrounded by jungle foliage"
474,Wendigo,4740,bipedo,L,hielo,variante,1,5,"gaunt towering humanoid with emaciated grey skin stretched over bones, antlered skull-like head, sunken glowing eyes, long clawed fingers, frost clinging to ragged fur, standing in snowy pines"
475,Thunderbird,4750,alado,XL,rayo,variante,1,5,"enormous raptor-like bird with a lake-wide wingspan, dark storm-blue and white feathers, glowing yellow eyes, a sharp hooked beak, crackling arcs of lightning between its wing feathers, black storm clouds"
476,Uktena,4760,serpentino,L,veneno,variante,1,5,"huge horned serpent with iridescent scales marked by seven dark spots, branching antlers, a glittering crystal set in its forehead, rattlesnake-like tail, coiled in a mountain pool"
477,Piasa Bird,4770,alado,L,viento,propio,1,5,"dragon-like beast with deer antlers, red eyes, a bearded cat-like face with human features, green-black scaly body, bat-like wings and a long tail ending in a fish fin, wound around its body"
478,Mishipeshu,4780,cuadrupedo,L,agua,variante,1,5,"huge lynx-like water cat with copper-green scales along its back and tail, a row of spiky dorsal spines, small curved horns, long serpentine tail, glowing amber eyes, emerging from a dark lake"
479,Underwater Panther,4790,cuadrupedo,L,agua,reskin,1,5,"dark blue-black panther-like beast with small curved horns, copper-colored claws and mane, spiked back, long serpent tail, glowing white eyes, half-submerged in swirling lake water"
480,Horned Serpent,4800,serpentino,L,agua,reskin,1,5,"large river serpent with a pair of branching antlers, dark olive-green and copper scales, pale belly, long thin tail, golden eyes, rising from a murky river"
481,Stonecoat,4810,bipedo,L,tierra,variante,1,5,"towering humanoid giant armored in rough grey flint plates like a stone coat, hulking shoulders, heavy brow, glowing pale eyes, boulder-like fists, standing among rocky crags"
482,Chenoo,4820,bipedo,L,hielo,reskin,1,5,"gaunt towering ice giant with pale blue skin cracked like frozen ground, frost crystals on its shoulders, a heart of ice glowing in its chest, tattered white fur, long icicle claws"
483,Deer Woman,4830,bipedo,M,ninguno,variante,1,5,"graceful spirit shaped like a woman with deer legs ending in hooves, long dark hair threaded with leaves, small antler-like twigs on her brow, a flowing woven dress, amber eyes"
484,Flying Head,4840,flotante,M,viento,variante,1,5,"huge disembodied head with wild streaming grey hair, hollow glowing eyes, a wide fanged mouth, small clawed hands growing from its jaw, floating above a night forest"
485,Gowrow,4850,cuadrupedo,L,ninguno,variante,0,5,"large lizard-like beast with a heavy scaly body, broad head with powerful fanged jaws, thick clawed limbs, dust-brown ridged hide, standing in dry scrubland"
486,Jackalope,4860,cuadrupedo,S,ninguno,variante,0,5,"oversized jackrabbit with long ears and a pair of small antelope-like horns, tawny brown fur, white belly, alert dark eyes, powerful hind legs ready to bound across prairie grass"
487,Skunk Ape,4870,bipedo,M,veneno,reskin,0,5,"tall shaggy ape-man covered in matted reddish-brown fur, broad shoulders, long arms, flat dark face with glowing eyes, faint green fumes rising from its coat, wading through a swamp"
488,Bunyip,4880,acuatico,L,agua,variante,1,5,"large amphibious beast with a shaggy dark seal-like body, dog-like head with walrus tusks, flipper-like limbs, horse-like tail, glowing eyes, emerging from a swamp billabong at night"
489,Yara-ma-yha-who,4890,bipedo,S,sangre,variante,1,5,"small bright-crimson imp about one meter tall with an oversized head, a huge toothless mouth, suction-cup fingertips and toes, hanging upside-down from a fig tree branch"
490,Muldjewangk,4900,acuatico,M,agua,variante,1,5,"hairy merman-like water monster with a long fish tail, webbed clawed hands, a fanged face framed by tangled river-weed hair, murky green scales, rising from a wide lake"
491,Yowie,4910,bipedo,L,ninguno,reskin,1,5,"tall shaggy ape-man covered in coarse grey-brown fur, heavy brow, deep-set glowing eyes, broad shoulders, long arms, large leathery hands, standing among eucalyptus trees at dusk"
492,Rainbow Serpent,4920,serpentino,XL,agua,variante,2,5,"enormous serpent whose scales shimmer in every color of the rainbow, arching over a waterhole like a rainbow, calm wise eyes, coiling through red desert rocks and clouds"
493,Tiddalik,4930,acuatico,XL,agua,variante,1,5,"colossal bloated green-brown frog with a swollen belly full of water, wide mouth, bulging golden eyes, warty skin dripping, squatting in a dried-up lake bed"
494,Taniwha,4940,serpentino,L,agua,variante,1,5,"long-bodied river dragon with sleek dark green-grey scales, a ridge of spine plates, a broad flat head with tusk-like teeth, glowing pale eyes, rising from a deep river pool"
495,Te Wheke,4950,acuatico,XL,agua,reskin,1,5,"colossal octopus with deep red-purple skin, eight thick tentacles lined with suckers lifting a towering wave, huge glowing eyes, a hooked beak, rising from a stormy sea"
496,Patupaiarehe,4960,bipedo,M,viento,variante,1,5,"slender ethereal forest spirit with pale shimmering skin and long red-gold hair, grey-white cloak woven from mist, a bone flute at its lips, standing in misty ferns on a mountain ridge"
497,Adaro,4970,acuatico,M,agua,variante,1,5,"merman with grey-blue skin, gill slits along the neck, a shark-like tail and dorsal fin, sharp teeth, a long barbed spear, riding a shimmering rainbow ray above the waves"
498,Moʻo,4980,acuatico,L,agua,variante,1,5,"giant water lizard with glossy dark-green scales, a ridged back, long tail, a wide crocodilian head with golden eyes, claws gripping the edge of a spring pool, ferns around"
501,Alicanto,5010,alado,S,luz,variante,0,5,"large nocturnal bird with a plump body, wings shimmering with gold and silver metallic light, a bright curved beak, strong running legs, racing across dark desert rocks leaving a luminous trail"
511,Glawackus,5110,cuadrupedo,M,sombra,variante,0,5,"large shaggy beast, a cross between a wolf and a big cat, dark fur streaked with grey, glowing yellow eyes, thick tail, powerful paws, lurking among autumn woods"
578,Abada,5780,cuadrupedo,M,ninguno,variante,0,5,"small unicorn-like beast with a stocky antelope-like body, tan coat, a single short straight horn on the forehead, sturdy legs and alert dark eyes"
579,Aigamuxa,5790,bipedo,L,tierra,propio,0,5,"tall gaunt desert ogre with sand-colored skin and long limbs, a large staring eye on the instep of each foot, a wide toothy mouth, crouching low to raise one foot like a lantern"
580,Aziza,5800,bipedo,S,luz,variante,1,5,"tiny forest sprite with glowing amber skin, big leaf-shaped ears, a crown of small red flowers, a bark-colored tunic, a spark of fire in cupped hands and a gourd of herbs"
581,Bida,5810,serpentino,XL,agua,propio,1,5,"gigantic black serpent rising from a deep well with seven crowned heads, glowing golden eyes, gold-flecked scales and coils glistening like wet obsidian"
584,Dodo,5840,cuadrupedo,M,ninguno,variante,0,5,"shadowy hulking beast with dark shaggy fur, long curved claws, glowing yellow eyes, a heavy hunched back and a mouth full of uneven teeth, emerging from tall grass"
585,Egbere,5850,bipedo,S,tierra,variante,1,5,"small wiry forest spirit with dark bark-like skin, a wild crown of leaves, long fingers, bright white eyes, carrying a carved wooden staff and a woven gourd"
587,Ewe spirit of the river,5870,bipedo,M,agua,variante,1,5,"tall river spirit shaped from flowing clear water in a vaguely human form, glowing white eyes, hair of trailing reeds, pearly shell ornaments and ripples spreading from its feet"
588,Gbahali,5880,acuatico,L,agua,variante,0,5,"huge river beast with a broad armored back of dark green scales, a wide blunt snout with thick tusks, powerful webbed legs and small glowing eyes just above the waterline"
593,Mmoatia,5930,bipedo,S,tierra,variante,1,5,"tiny forest dwarf with bark-textured brown skin, big pointed ears, feet turned backwards, a cloak of leaves, a pouch of herbs and a small stone ready to throw"
600,Abaangui,6000,flotante,M,ninguno,variante,1,5,"slender shadowy spirit with long limbs, smooth dark grey skin, a pale mask-like face with narrow glowing eyes, wrapped in drifting wisps of mist and carrying a gnarled staff"
601,Aitvaras africano,6010,alado,S,fuego,reskin,0,5,"small rooster-like creature with a long serpentine tail of golden embers, sandy-red feathers, short scaled wings, glowing amber eyes and a copper ring around its neck"
602,Azande sorcerer spirit,6020,flotante,M,sombra,variante,1,5,"gaunt shadowy sorcerer spirit with a tall hooded silhouette of smoke-grey cloth, glowing amber eyes, long thin fingers trailing sparks, and wisps of dark vapor instead of feet"
603,Bokwe,6030,bipedo,M,tierra,variante,1,5,"squat earth spirit with a rounded clay-brown body cracked like dry mud, long dangling arms, small bright eyes, a wide silent mouth and dust rising from its shoulders"
604,Chitapo,6040,bipedo,M,ninguno,variante,1,5,"broad-shouldered spirit brute with ash-grey skin, a heavy brow, short horns of twisted bark, large hands and a long cloak of dry grass, walking with slow heavy steps"
605,Chiruwi,6050,bipedo,M,ninguno,variante,1,5,"lanky wild-haired forest being with shaggy dark fur, long arms, a pale narrow face with glowing eyes and clawed fingers, half hidden among tall tangled roots"
606,Dingonek,6060,acuatico,L,agua,propio,0,5,"river beast the size of a rhinoceros with a spotted leopard-like head, two long curved walrus tusks, armored overlapping scales along the back and a broad lobed tail"
607,Galla monster,6070,cuadrupedo,L,ninguno,variante,1,5,"huge shaggy savanna beast with a low heavy body, mottled sandy-grey hide, a broad flat head with small dark eyes, thick legs and a ridge of coarse hair along its back"
612,Nandi Bear,6120,cuadrupedo,L,ninguno,variante,0,5,"heavy bear-hyena beast with a sloping back, shaggy reddish-brown fur, long powerful forelimbs with large claws, a broad blunt head, small round ears and a short stubby tail"
613,Olitiau,6130,alado,L,viento,variante,0,5,"giant black bat-like flier with twelve-foot leathery wings, a pointed muzzle with sharp white teeth, long clawed wing-fingers, a narrow body and a thin whip-like tail"
615,Rompo,6150,cuadrupedo,M,ninguno,variante,0,5,"scavenger hybrid with a hyena-like body, patchy spotted grey fur, a long bald vulture-like neck and hooked head, strong forelegs, a drooping tail and pale watchful eyes"
616,Shetani,6160,flotante,M,fuego,variante,1,5,"tall thin spirit with elongated limbs that look like twisted charred wood, glowing yellow eyes, a body of curling dark smoke and a faint swirling silhouette instead of legs"
617,Sisiutl africano,6170,serpentino,L,veneno,variante,1,5,"two-headed serpent with sandy-brown and olive scales, a head at each end, crested brows, forked tongues, and a thick muscular body coiled around a river rock"
619,Trickster hare,6190,cuadrupedo,S,ninguno,variante,0,5,"clever oversized hare with sleek sandy-brown fur, very long ears, powerful hind legs, a sly grin and bright eyes, a small gourd hanging from a cord around its neck"
620,Wagyl,6200,serpentino,XL,agua,variante,2,5,"immense rainbow-banded serpent coiled along a winding river, scales shimmering from deep violet to gold and green, a gentle wide head with calm glowing eyes, water flowing from its coils"
621,Wanyama wa usiku,6210,cuadrupedo,M,sombra,variante,1,5,"sleek nocturnal beast with a dark grey coat, long limbs, large reflective amber eyes, pointed ears and a low prowling posture, faint moonlit mist swirling around its paws"
622,Water spirit of the Zambezi,6220,flotante,L,agua,variante,1,5,"towering column of river water shaped like a vague hooded figure, glowing pale blue eyes, spray and foam streaming from its arms, with fish scales and driftwood caught in its body"
623,Zinacantán night spirit,6230,flotante,M,sombra,variante,1,5,"night spirit of a mountain village, a tall shadowy figure with a pale mask-like face and two dim glowing eyes, wrapped in a dark cloak of drifting mist and moths"
723,Ahool,7230,alado,M,viento,variante,0,5,"giant bat-like beast with a monkey-like body covered in grey-brown fur, huge leathery wings, large dark round eyes, a flat face with small fangs and long clawed hands"
735,Marabunta spirit,7350,artropodo,S,ninguno,variante,0,5,"swarm of glossy black and rust-red army ants clustering into a rough humanoid shape, mandibles raised, a stream of ants trailing across jungle leaves"
799,Leviathan,7990,serpentino,XL,agua,propio,1,5,"colossal sea dragon with a long coiling body covered in overlapping dark blue-green scales like shields, a spiny back ridge, glowing golden eyes and jaws exhaling steam and spray, rising from stormy water"
879,Mimoun,8790,flotante,M,fuego,variante,1,5,"tall smoke-bodied spirit in a hooded indigo cloak, glowing amber eyes, a ring of copper bells at the waist, and a trailing tail of dark smoke instead of legs"
880,Oued spirit,8800,flotante,M,agua,variante,0,5,"tall humanoid figure made of swirling muddy water and pale sand, hollow glowing turquoise eyes, long dripping arms, and a trailing skirt of flowing silt instead of legs"
882,Ras al-hanout spirit,8820,flotante,S,fuego,variante,0,5,"small whirling spirit shaped like a clay pot with a stopper hat, swirling red-orange spice smoke, glowing amber eyes, tiny hands, and a trail of sparkling saffron dust"
883,Sidi spirit,8830,flotante,M,luz,variante,2,5,"hooded figure of glowing white mist with no visible face, holding a hanging lantern on a staff, standing beside a small white domed shrine, soft gold light spilling from its sleeves"
886,Zar spirit,8860,flotante,M,viento,variante,1,5,"swirling spirit with a hazy human shape in layered red and orange robes made of mist, a smooth faceless head, and jangling bells hanging from drifting hands"
887,Bori spirit,8870,flotante,M,tierra,reskin,1,5,"hazy human-shaped spirit of red-brown dust and wind in long tattered ribbons, a smooth gourd-shaped head with glowing white eyes, rattles of dried seed pods hanging from its hands"
888,Dodo spirit of Sudan,8880,bipedo,M,sombra,variante,0,5,"tall shaggy bogeyman covered in dry grass and matted dark fur, long dangling arms, round white glowing eyes, crooked fangs, hunched over with huge hands"
889,Gargoyle of Maghreb,8890,alado,M,tierra,variante,0,5,"crouching winged stone beast with a lion-like face, short horns, bat-like wings, clawed hands gripping a ledge, sandstone-colored body with cracks and desert dust"
890,Harpy of Ethiopia,8900,alado,S,viento,variante,0,5,"small winged bird-woman spirit with ragged rust-brown feathers, a thin beak-like face, sharp curved talons, tattered wings spread wide, and dark glittering eyes"
891,Lion guardian of Kush,8910,cuadrupedo,L,luz,variante,0,5,"large golden lion with a thick mane braided with gold rings, sandstone-colored fur with turquoise inlays, a carved collar, calm glowing amber eyes, and scarred paws"
893,Sphinx of Kush,8930,cuadrupedo,L,tierra,variante,0,5,"lion-bodied sphinx with a calm stone-like face under a gold-and-turquoise headdress with curled ram horns, sandstone-colored paws, a long tail tipped with gold, and bright amber eyes"
894,Water horse of North Africa,8940,cuadrupedo,M,agua,variante,0,5,"sleek black horse with a dripping mane of green river weeds, webbed hooves, fish-like fins along its legs, pale glowing eyes, and wet reeds tangled across its glossy body"
895,Wind spirit of the Sahara,8950,flotante,L,viento,variante,0,5,"swirling column of sand shaped like a tall robed figure, amber glowing eyes in a hollow face, long streaming scarves of dust, glittering grains orbiting its arms"
896,Desert ogre,8960,bipedo,L,tierra,variante,0,5,"hulking ogre with sand-gray skin, a tusked jaw, small red eyes, a patched goatskin cloak, huge hands gripping a club of knotted acacia wood, sand-dusted shaggy hair"
899,Cadejo blanco,8990,cuadrupedo,M,luz,variante,0,5,"large shaggy white dog with a goat-like beard, small cloven hooves, glowing pale-blue eyes, a calm noble face, and a soft halo of light around its shoulders"
900,Cadejo negro,9000,cuadrupedo,M,sombra,reskin,0,5,"large shaggy black dog with a goat-like beard, cloven hooves, burning red eyes, wisps of smoke curling from its fur, and rusty chains dangling from its neck"
903,Coatlicue serpent,9030,bipedo,XL,tierra,propio,1,5,"towering stone-skinned goddess with two serpent heads facing each other for a face, a skirt of woven rattlesnakes, a necklace of carved stone hands, and heavy clawed feet"
904,Coyolxauhqui moon monster,9040,flotante,L,luz,propio,1,5,"moon goddess whose pale stone-like body floats apart in glowing pieces, head, torso and limbs ringed by golden bells, a serpent belt coiling between the parts, silver moonlit skin"
905,Huay Chivo,9050,bipedo,M,sombra,variante,1,5,"tall hairy goat-man with curved black horns, glowing red eyes, a long shaggy dark coat, hooved legs and clawed hands, standing upright on a jungle path"
906,Huay Pek,9060,cuadrupedo,M,sombra,reskin,1,5,"lean ghostly hound with ash-gray patchy fur, visible ribs, glowing orange eyes, a long narrow snout, clawed paws, and pale smoke trailing from its mouth"
908,Ixtab's dead,9080,flotante,M,luz,variante,1,5,"pale translucent spirit of a woman in a long faded white dress, hair floating upward, ceiba roots curling around her feet, soft green light glowing in her calm eyes"
910,Kisin,9100,bipedo,M,tierra,variante,1,5,"gaunt skeletal death lord in a tattered cloak, bone-white skull face with jade teeth, a rope of yellowed bones around his neck, clouds of foul green mist at his feet"
911,Nahual,9110,bipedo,M,sombra,variante,1,5,"shapeshifter, half human and half jaguar, with a spotted golden jaguar head, a human torso wrapped in a dark jaguar pelt, clawed hands, and glowing yellow eyes"
913,Pukuj,9130,bipedo,M,sombra,variante,1,5,"dark spindly humanoid with a pale mask-like face, sunken glowing eyes, long clawed fingers, and a tattered cloak of drifting shadow that hides its legs"
917,Xolotl dog,9170,cuadrupedo,L,rayo,variante,1,5,"lean hairless black dog, large as a pony, with charcoal skin, ribs showing, backward-turned paws, a collar of glowing amber stones, eyes like small flames, and crackling sparks along its back"
918,Yum Kaax guardian,9180,bipedo,L,tierra,variante,1,5,"tall forest guardian with a body of twisting vines, a wide leaf crown, maize cobs growing from its shoulders, a jade-green mask-like face, and glowing moss across bark-like arms"
923,Akakor guardian,9230,bipedo,L,tierra,reskin,0,5,"towering moss-covered stone sentinel with a blocky helmeted head, glowing blue-green eyes, vine-wrapped arms, and rough carved patterns across its chest, standing in a jungle ruin"
924,Amazona river serpent,9240,serpentino,L,agua,reskin,1,5,"huge anaconda-like serpent with dark green scales and black blotches, a wide flat head with pale yellow eyes, mossy ridges along its back, coils half-sunk in brown river water"
925,Anhangá,9250,cuadrupedo,M,fuego,variante,1,5,"pale white deer with branch-like antlers, glowing red-orange eyes, thin shadowy legs, and faint trails of ember smoke behind its hooves, standing still among dark trees"
928,Capelobo,9280,bipedo,M,sangre,variante,0,5,"hairy brown humanoid with a long tubular tapir-like snout, small beady eyes, hoof-shaped feet, thick shaggy fur and long clawed hands, crouching low in jungle undergrowth"
931,Encantado,9310,acuatico,M,agua,variante,1,5,"pink river dolphin with a long beak and round forehead, wearing a pale straw hat that covers its blowhole, shimmering rosy skin, small bright eyes, riding a swirl of river mist"
933,Jurupari,9330,bipedo,M,luz,variante,2,5,"tall spirit-figure with a smooth leaf-green mask-like face, a cloak of layered palm fronds, a long carved wooden staff, and drifting fireflies glowing around its shoulders"
943,Tunchi,9430,flotante,M,viento,variante,1,5,"tall translucent skeletal ghost in tattered pale rags, hollow glowing eyes, pursed bony lips mid-whistle, faint rings of sound rippling outward, mist trailing where its legs should be"
946,Yawari,9460,bipedo,M,tierra,variante,1,5,"slender forest spirit with bark-textured gray skin, long tangled vine-like hair, glowing green eyes, thin clawed fingers, half-hidden among jungle roots"
948,Amarok,9480,cuadrupedo,L,hielo,variante,1,5,"enormous gray-white wolf taller than a horse, with frost-covered fur, pale icy-blue eyes, thick shoulders, long fangs, and breath clouding in the freezing air"
949,Atshen,9490,bipedo,L,hielo,variante,1,5,"gaunt towering humanoid with gray-blue ice-cracked skin, stretched thin limbs, hollow sunken eyes, long frost-matted hair, jagged icicle teeth, and oversized clawed hands, hunched in falling snow"
950,Boo Hag,9500,bipedo,M,sombra,variante,1,5,"gaunt hunched hag with a smooth ember-red glowing body, wispy white hair, long thin fingers and hollow bright eyes, clutching a pale empty cloak in a dark bedroom doorway"
951,Champ,9510,acuatico,L,agua,variante,0,5,"long-necked lake monster with dark olive-gray skin, a small horse-like head, humped back breaking the surface, flippered limbs, and a ridge of low spines along its neck"
953,Cipelahq,9530,alado,M,rayo,variante,1,5,"large dark bird spirit with broad ragged wings, a hooked beak, long talons, glowing yellow eyes, and gray storm-cloud feathers that crackle with faint sparks"
954,Coyote trickster,9540,cuadrupedo,S,ninguno,variante,1,5,"lean sandy-gray coyote with a sly grin, mismatched golden and pale-blue eyes, a bushy cream-tipped tail, pointed ears, and a tattered red scarf around its neck"
957,Giwiskwok,9570,bipedo,M,sombra,variante,1,5,"tall pale-gray spirit figure with a long narrow face, hollow black eyes, a crown of bare twigs, hands like folded branches, and a ragged mantle of dead leaves"
959,Kushtaka,9590,bipedo,M,agua,variante,1,5,"otter-headed humanoid with wet sleek brown fur, webbed clawed hands, long whiskers, dark glassy eyes, and a dripping cloak of seaweed, standing upright at a misty shore"
961,Momo,9610,bipedo,L,ninguno,variante,0,5,"tall hulking ape-like beast covered in matted black-brown fur, a large pumpkin-shaped head with glowing orange eyes, long arms hanging to its knees, thick legs, and three-toed feet"
962,Oklahoma octopus,9620,acuatico,L,agua,variante,0,5,"giant freshwater octopus with mottled brown-green skin, eight thick tentacles lined with pale suckers, a bulbous head, large dark eyes, rising from a muddy lake"
964,Pukwudgie,9640,bipedo,S,veneno,variante,1,5,"knee-high gray-skinned forest imp with an oversized pointed nose and ears, porcupine quills along its back, a tiny bow with poisoned arrows, and glowing red eyes, hiding among ferns"
965,Raven spirit,9650,alado,M,sombra,variante,1,5,"large glossy black raven with an iridescent blue-purple sheen, a sharp pale beak, intelligent amber eyes, wings spread wide, and a small glowing sun clutched in one foot"
967,Skadegamutc,9670,flotante,M,hielo,reskin,1,5,"pale gaunt ghost-sorcerer floating above the ground, wrapped in a tattered gray cloak, hollow white eyes, long ragged hair, and a cold blue glow around its hands"
972,Abaia,9720,serpentino,XL,agua,propio,1,5,"gigantic freshwater eel with slick dark blue-black skin and a pale belly, a long dorsal fin rippling like a banner, small glowing white eyes, and a wide jaw, coiled in a deep pool"
974,Dakuwaqa,9740,acuatico,L,agua,propio,1,5,"muscular shark-headed sea god with slate-gray skin, rows of triangular teeth, a tall dorsal fin on his back, a crown of coral and shells, and webbed hands gripping a barbed spear"
975,Dugong spirit,9750,acuatico,L,agua,variante,1,5,"gentle sea spirit shaped like a large dugong with smooth gray-blue skin, a rounded whiskered snout, paddle-like flippers, a pearly glow along its back, and ribbons of seafoam"
976,Fijian sea serpent,9760,serpentino,L,agua,reskin,1,5,"long sea serpent with deep teal scales fading to a pale coral belly, a ridge of fan-like fins, a whiskered snout, glowing white eyes, and coils rising from foaming waves"
977,Hawaiki guardian,9770,bipedo,L,agua,variante,1,5,"tall guardian spirit of weathered driftwood and coral, a smooth featureless face, tide-worn bones for ribs, glowing sea-green eyes, and a long staff of pale wood"
978,Hine-nui-te-pō,9780,bipedo,L,sombra,variante,2,5,"towering goddess of night in a cloak of starry darkness, long flowing black hair streaked with silver, a stern calm face, pale moonlit eyes, and open hands held out in welcome"
979,Kanaloa sea spirit,9790,acuatico,XL,agua,propio,2,5,"colossal squid-like sea spirit with deep indigo skin, eight long tentacles ending in soft glowing tips, one wide calm eye, trailing ribbons of bioluminescent light, rising from dark ocean depths"
980,Kikimora Pacifica,9800,bipedo,S,agua,variante,0,5,"small hunched sprite with sea-green skin, matted hair of seaweed, long spindly fingers, a pale narrow face, and a coral-tipped spindle, hiding behind driftwood"
981,Kiwa,9810,acuatico,L,agua,variante,2,5,"wise sea guardian shaped like a giant luminous manta ray with a pearl-white back, gentle dark eyes, long trailing fins, and rippling light across its wings, gliding through deep blue water"
982,Māui's creatures,9820,acuatico,L,agua,variante,1,5,"great sea fish with a long armored back of blue-gray scales, a ridge of tall fins, a wide toothy mouth, glowing golden eyes, and a barbed tail, rising from rolling waves"
984,Nareau's beings,9840,artropodo,S,sombra,variante,1,5,"small spider-like spirit with a glossy black body, thin silver-lined legs, many tiny glowing white eyes, and delicate threads of light trailing behind it"
985,Ngarara,9850,cuadrupedo,L,tierra,variante,1,5,"huge spiny lizard with olive-green and dull orange scales, a crest of sharp spines along its back, a long whip tail, flat wide jaws with small fangs, and clawed splayed feet"
986,Nianja,9860,acuatico,M,agua,variante,1,5,"slender sea spirit with pearly blue skin, fin-like ears, long flowing hair of seaweed, webbed fingers, and large silver eyes, rising from shallow foam"
989,Rūaumoko,9890,bipedo,XL,tierra,propio,2,5,"colossal rocky giant half-buried in the ground, a body of dark volcanic stone with glowing orange cracks, steam rising from his shoulders, and closed eyes under a heavy brow"
992,Tupua,9920,flotante,M,agua,reskin,1,5,"tall humanoid figure of pale sea mist and foam, glowing white eyes, long drifting hair like seafoam, translucent shell-colored skin, and a trailing skirt of mist instead of legs"
993,Vatea's beasts,9930,acuatico,L,agua,reskin,1,5,"great sea beast with a long armored back of pearl-white and teal scales, a ridge of tall fins, a wide toothy mouth, glowing silver eyes, and a barbed tail"
994,Wākea's beings,9940,flotante,M,luz,variante,2,5,"tall spirit of cloud and starlight with a softly glowing blue-white body, a long drifting robe of mist, a calm face, and tiny stars floating around its open hands"
2001,Serafín,20010,alado,L,fuego,propio,1,6,"tall six-winged being of white-gold flame, two wings covering its blank face, two covering its feet, two spread open, body wrapped in burning light"
2002,Querubín,20020,alado,L,luz,propio,1,6,"winged guardian with four faces around one head, man, lion, ox and eagle, four feathered wings with eyes under them, bronze calf hooves, flaming sword"
2003,Trono,20030,flotante,L,luz,propio,1,6,"enormous golden wheels nested inside one another, rims covered in countless open eyes, hovering in silence with a faint hum of light"
2004,Dominación,20040,bipedo,L,luz,variante,1,6,"tall veiled warden in white and gold robes with a tall crown and a long scepter topped by a glowing orb, hovering slightly above the ground"
2005,Virtud,20050,bipedo,M,luz,variante,1,6,"radiant armored saint with a breastplate engraved with stars, wings of pale light, open hands and a halo of rotating rings"
2006,Potestad,20060,bipedo,L,ninguno,variante,1,6,"heavy plate-armored celestial warrior with chained gauntlets, a helm with a glowing white slit, and a great shield engraved with a sun"
2007,Principado,20070,bipedo,L,viento,variante,1,6,"crowned celestial in layered robes holding a banner, standing on a floating platform of cloud, bow made of light"
2008,Arcángel de la espada llameante,20080,bipedo,L,fuego,propio,1,6,"winged commander in gold armor wielding a sword wreathed in flame, cloak of feathers, face hidden behind a mask of light"
2009,Ángel soldado,20090,alado,M,luz,variante,1,6,"slender winged soldier in a white tunic and silver breastplate, feathered wings, spear of light, hovering above the ground"
2010,Heraldo de la trompeta,20100,alado,M,viento,variante,1,6,"winged herald carrying a long golden trumpet, wind-swept robes, eyes closed, light rippling out of the bell"
2011,Guardián de la puerta,20110,bipedo,L,fuego,reskin,1,6,"gatekeeper celestial with a revolving blade of flame, burnt gold armor, standing in a ruined archway"
2012,Juez de la balanza,20120,bipedo,L,luz,variante,1,6,"blindfolded celestial judge in white robes holding a giant golden scale, wings folded, chains floating around him"
2013,Ángel caído de ceniza,20130,alado,M,fuego,reskin,1,6,"fallen angel with wings burnt to blackened bone and ash, charred armor, glowing ember cracks across the body"
2014,Ángel caído de hielo,20140,alado,M,hielo,reskin,1,6,"frost-covered fallen angel with wings of ice shards, pale blue armor, frozen tears on a silent face"
2015,Ángel caído de sombra,20150,alado,M,sombra,reskin,1,6,"black-feathered fallen angel half dissolved into shadow mist, silver armor stained dark, white eyes"
2016,Centinela de luz,20160,bipedo,M,luz,variante,1,6,"armored sentinel construct of white stone and gold, hollow helmet filled with light, folded wings of metal plates"
2017,Coro de ecos,20170,flotante,S,luz,variante,1,6,"swarm of small floating winged orbs with faceless white masks, glowing softly and humming in chorus"
2101,Bael,21010,artropodo,L,sombra,propio,0,6,"demon king with three heads, a toad, a crowned human and a cat, on a swollen spider-like body with long thin legs"
2102,Agares,21020,cuadrupedo,L,tierra,variante,0,6,"old man in ragged noble robes riding a large crocodile, a goshawk perched on his gloved fist"
2103,Vassago,21030,bipedo,M,sombra,variante,0,6,"gaunt prince in dark robes holding a crystal ball, eyes of pale light, long thin fingers"
2104,Samigina,21040,cuadrupedo,S,sombra,variante,0,6,"small wild donkey-like horse with glassy black eyes, melting into a hooded human figure"
2105,Marbas,21050,cuadrupedo,L,ninguno,variante,0,6,great lion with a mane of dark smoke whose face half changes into a bearded man
2106,Valefor,21060,cuadrupedo,L,sombra,variante,0,6,"sleek black lion with the head of a donkey, mouth open braying, crouching like a thief"
2107,Amon,21070,cuadrupedo,L,fuego,propio,0,6,"wolf with a serpent tail vomiting flames, a raven-headed humanoid torso rising from its back, dog teeth"
2108,Barbatos,21080,bipedo,M,ninguno,variante,0,6,"hunter demon in forest green leathers with a long horn and bow, pale knights following behind him"
2109,Paimon,21090,cuadrupedo,L,viento,propio,0,6,"crowned king with a youthful face riding a dromedary, red robes, trumpets and cymbals sounding around him"
2110,Buer,21100,cuadrupedo,M,ninguno,propio,0,6,"star-shaped body, a lion's head with five goat legs radiating around it like the spokes of a wheel"
2111,Gusion,21110,bipedo,M,ninguno,variante,0,6,"baboon-faced duke in a patchwork cloak of many colors, mirror-bright eyes, very long arms and a hunched back"
2112,Sitri,21120,alado,M,fuego,variante,0,6,leopard-headed demon with griffin wings and a lean humanoid body wearing noble furs
2113,Beleth,21130,cuadrupedo,L,sombra,variante,0,6,"gaunt furious king riding a pale horse, trumpets and strange music around him, burning red eyes"
2114,Leraje,21140,bipedo,M,veneno,variante,0,6,"archer clad in green with a bow and a quiver, face in shadow, arrows dripping venom"
2115,Eligos,21150,bipedo,M,ninguno,variante,0,6,dark plate-armored knight with a long lance and a banner shaped like a serpent
2116,Zepar,21160,bipedo,M,sangre,variante,0,6,"red-clad soldier with sleek black hair and a smiling porcelain mask, crimson cloak and a short curved sword"
2117,Botis,21170,bipedo,M,veneno,variante,0,6,"viper-headed horned demon with great fangs, a sharp sword and long coiling tail"
2118,Bathin,21180,cuadrupedo,L,sombra,variante,0,6,"strong man with a serpent's tail riding a pale horse, ragged cloak"
2119,Sallos,21190,cuadrupedo,L,tierra,reskin,0,6,"gallant soldier with a ducal crown riding a large crocodile, polished armor, a plume on his helmet"
2120,Purson,21200,cuadrupedo,L,ninguno,variante,0,6,"lion-faced crowned man holding a viper, riding a bear, trumpets sounding before him"
2121,Marax,21210,cuadrupedo,L,tierra,variante,0,6,"huge bull with a bearded human face, very wide shoulders, rock-hard hide and heavy cracked hooves"
2122,Ipos,21220,bipedo,M,ninguno,propio,0,6,"angelic torso with a lion's head, goose feet and a hare's tail"
2123,Aim,21230,serpentino,L,fuego,propio,0,6,"handsome three-headed duke, a serpent, a man with two stars on his brow and a calf, riding a giant viper with a burning brand"
2124,Naberius,21240,alado,S,sombra,variante,0,6,"black crane flying in tight circles, hoarse cry, eyes of yellow glass"
2125,Glasya-Labolas,21250,alado,M,sangre,variante,0,6,"large black dog with the feathered wings of a griffin, a stained muzzle, long ears and red eyes"
2126,Bune,21260,serpentino,L,tierra,propio,0,6,"dragon with three heads, a dog, a griffin and a man, green scales and a long thick tail"
2127,Ronove,21270,bipedo,M,sombra,variante,0,6,"stooped scholar-like monstrous figure with very long arms and an ivory mask, carrying scrolls"
2128,Berith,21280,cuadrupedo,M,fuego,variante,0,6,"red-clad soldier crowned with gold riding a red horse, flaming eyes, gilded sword"
2129,Astaroth,21290,alado,L,sombra,propio,0,6,"winged fallen noble with a tired face riding an infernal dragon, a viper in his right hand, tattered cloak"
2130,Forneus,21300,acuatico,L,agua,variante,0,6,"great sea monster with a fan of tentacles, sharp teeth and a long spiny back"
2131,Foras,21310,bipedo,M,tierra,variante,0,6,"strong sage-demon with a staff of living roots, robes patterned with leaves"
2132,Asmoday,21320,bipedo,L,fuego,propio,0,6,"three-headed king with a bull, a man and a ram head, serpent tail and goose feet, breathing fire, riding an infernal dragon with a lance"
2133,Gaap,21330,bipedo,L,sombra,variante,0,6,tall demon prince with ember eyes surrounded by four crowned shadows that move with him
2134,Furfur,21340,cuadrupedo,M,rayo,variante,0,6,"tall hart with a flaming tail, antlers crackling with lightning, glowing hooves and a pale coat"
2135,Marchosias,21350,alado,L,fuego,variante,0,6,"great she-wolf with griffin wings and a serpent tail, vomiting flames, grey fur streaked with soot"
2136,Stolas,21360,alado,M,viento,variante,0,6,"great owl demon with star-patterned plumage and wise amber eyes, long taloned legs"
2137,Phenex,21370,alado,M,fuego,variante,0,6,"phoenix-like bird singing with wings of orange and gold flame, long trailing tail"
2138,Halphas,21380,alado,S,fuego,variante,0,6,"stork with grey and red plumage carrying a torch in its beak, hoarse voice"
2139,Malphas,21390,alado,M,sombra,variante,0,6,"crow-headed noble in black feathers who turns into a man, polished beak, gold ring on one claw"
2140,Raum,21400,alado,S,sombra,reskin,0,6,"large crow with glinting eyes carrying a golden ring in its beak, ash-grey wings and sharp talons"
2141,Focalor,21410,alado,M,agua,variante,0,6,man with griffin wings and wet black hair wearing a cloak of drowning water
2142,Vepar,21420,acuatico,M,agua,variante,0,6,"sea demon with a fish tail and scale armor carrying a trident, sharp fins on its arms"
2143,Sabnock,21430,cuadrupedo,L,tierra,variante,0,6,"armed soldier with the head of a lion riding a pale horse, building a stone fortress behind him"
2144,Shax,21440,alado,S,ninguno,reskin,0,6,"tall stork with a hoarse voice and blind-looking pale eyes, dusty white plumage and a long red beak"
2145,Vine,21450,cuadrupedo,L,fuego,variante,0,6,"lion riding a black horse and holding a viper, fortress-builder, storm clouds behind"
2146,Bifrons,21460,bipedo,M,fuego,variante,0,6,"charred monster that lights candles on graves, skin like cracked coal, long arms"
2147,Vual,21470,cuadrupedo,L,tierra,variante,0,6,"great dromedary-shaped demon with a long neck, ember eyes and sand blowing off its hide"
2148,Haagenti,21480,alado,L,tierra,reskin,0,6,"golden-hided bull with large griffin wings, polished curved horns, glowing nostrils and heavy hooves"
2149,Crocell,21490,bipedo,M,agua,variante,0,6,"angelic duke surrounded by steaming water, sad pale eyes, wet drooping feathers and a robe of mist"
2150,Furcas,21500,cuadrupedo,M,hielo,variante,0,6,"cruel old man with a long white beard riding a pale horse, ice-sharp spear"
2151,Balam,21510,cuadrupedo,L,fuego,variante,0,6,"three-headed king with a bull, a man and a ram head, serpent tail and flaming eyes, riding a bear with a hawk on his fist"
2152,Alloces,21520,cuadrupedo,L,fuego,variante,0,6,soldier with a red lion's face and flaming eyes riding a great horse
2153,Caim,21530,alado,M,sombra,variante,0,6,"thrush-headed man in dark armor with a sharp sword, many animal voices"
2154,Murmur,21540,alado,L,sombra,variante,0,6,"soldier crowned with a ducal crown riding a griffin, two trumpeters beside him"
2155,Orobas,21550,cuadrupedo,L,luz,variante,0,6,horse-shaped demon with eyes of fire that turns into a calm prophet
2156,Gremory,21560,cuadrupedo,M,ninguno,variante,0,6,"veiled noblewoman with a ducal crown around her waist riding a camel, silk scarves, mysterious smile"
2157,Ose,21570,cuadrupedo,M,ninguno,variante,0,6,"leopard-bodied demon with unsettling human eyes, a spotted coat whose pattern keeps shifting and a long tail"
2158,Amy,21580,flotante,M,fuego,variante,0,6,"flaming spirit that takes the shape of a scholar made of fire, spiral sparks"
2159,Orias,21590,cuadrupedo,L,veneno,variante,0,6,"lion riding a horse with a serpent tail, holding two hissing serpents"
2160,Vapula,21600,alado,L,ninguno,reskin,0,6,"lion with griffin wings and a craftsman's belt of tools, lean and fast"
2161,Zagan,21610,alado,L,fuego,propio,0,6,"bull with griffin wings, ember-red hide, golden horns, turning into a man in the end"
2162,Valac,21620,alado,S,veneno,variante,0,6,"small winged masked figure riding a two-headed dragon, snakes around its arms"
2163,Andras,21630,cuadrupedo,M,sombra,variante,0,6,"angelic figure with a raven head riding a black wolf, wielding a sharp sword"
2164,Flauros,21640,cuadrupedo,L,fuego,variante,0,6,"terrible leopard with eyes of flame, fur like glowing embers, smoking claws and a snarling mouth"
2165,Andrealphus,21650,alado,M,viento,variante,0,6,"peacock demon with a tail fan of a thousand eyes, geometric patterned wings"
2166,Kimaris,21660,cuadrupedo,L,sombra,variante,0,6,"strong warrior in black armor on a black horse, red plume, visor down"
2167,Amdusias,21670,cuadrupedo,M,viento,variante,0,6,"unicorn-shaped demon whose spiral horn sounds like music, storm winds and pale lightning following behind"
2168,Belial,21680,bipedo,L,fuego,propio,0,6,"two pale seated angels in a chariot of fire, honeyed voices, burning wheels"
2169,Decarabia,21690,flotante,S,luz,variante,0,6,star shining inside a drawn pentacle that takes the shape of a bird
2170,Seere,21700,cuadrupedo,M,viento,variante,0,6,"handsome rider on a winged horse, quick and swift, cloak of wind"
2171,Dantalion,21710,bipedo,M,sombra,propio,0,6,"man with many faces, both men and women, holding a book, robes stitched with masks"
2172,Andromalius,21720,bipedo,M,veneno,variante,0,6,"stern hooded man holding a great serpent coiled around his arm, scales on his forearms, dark robes"
2181,Diablillo,21810,alado,S,fuego,variante,0,6,"small red horned imp with bat wings, a pointed tail like a pitchfork and a mischievous grin"
2182,Verdugo infernal,21820,bipedo,L,fuego,variante,0,6,"hulking executioner demon with an iron mask, a huge cleaver, chains and burning coals in its belly"
2183,Condenado en llamas,21830,bipedo,M,fuego,variante,0,6,"burning damned soul in tattered rags, flames pouring from its eyes, chained wrists"
2184,Gárgola infernal,21840,alado,M,tierra,variante,0,6,"stone gargoyle with ember-red cracks and bat wings, crouched on a ledge with clawed hands"
2185,Jinete del abismo,21850,cuadrupedo,L,sombra,variante,0,6,"skeletal knight on a black horse with a burning mane, tattered banner"
2186,Heraldo infernal,21860,alado,M,fuego,variante,0,6,"winged demon blowing a bone horn, torn banner on its back, soot-black wings"
2187,Príncipe de la ceniza,21870,bipedo,L,fuego,propio,0,6,ash-grey demon prince in cracked obsidian armor with a crown of embers and a long cloak of smoke
2188,Cuervo de brasas,21880,alado,S,fuego,variante,0,6,"crow made of glowing embers with bright eyes, trailing sparks behind its wings"
